{
  "accuracy": 0.5966666666666667,
  "f1_macro": 0.5759912148034806,
  "f1_weighted": 0.5891654038984875,
  "uar": 0.58125,
  "war": 0.5966666666666667,
  "mcc": 0.5447400791002761,
  "kappa": 0.5366351799846821,
  "ece": 0.14615746547778447,
  "fold_accuracy_mean": 0.5966666666666667,
  "fold_f1_macro_mean": 0.5759912148034806
}