{
  "accuracy": 0.6033333333333334,
  "f1_macro": 0.580032680572378,
  "f1_weighted": 0.5869554941978381,
  "uar": 0.596875,
  "war": 0.6033333333333334,
  "mcc": 0.5568534197839043,
  "kappa": 0.5448750637429882,
  "ece": 0.13365586260954537,
  "fold_accuracy_mean": 0.6033333333333334,
  "fold_f1_macro_mean": 0.580032680572378
}