{
  "accuracy": 0.15333333333333332,
  "f1_macro": 0.07636503281664572,
  "f1_weighted": 0.0814560350044221,
  "uar": 0.14375,
  "war": 0.15333333333333332,
  "mcc": 0.02847680373173872,
  "kappa": 0.023076923076923106,
  "ece": 0.02794490615526835,
  "fold_accuracy_mean": 0.15333333333333332,
  "fold_f1_macro_mean": 0.07636503281664572
}