{
  "trial_params": {
    "model": {
      "name": "cnn_baseline",
      "hidden_dims": [
        32,
        32,
        160,
        512
      ],
      "dropout": 0.3220547156835278
    },
    "data": {
      "dataset_path": "C:\\Users\\hik88\\Desktop\\BIT_Uni\\GraduationPaper\\Project\\SER_GraduationPaper/src/$RVNS6MQ",
      "sample_rate": 16000,
      "duration": 3.0,
      "n_mels": 80,
      "n_fft": 1024,
      "hop_length": 160,
      "f_min": 20.0,
      "f_max": 6000.0,
      "normalize": true,
      "resize_height": 96,
      "resize_width": 512
    },
    "train": {
      "seed": 42,
      "batch_size": 16,
      "epochs": 30,
      "learning_rate": 0.0001574095391695781,
      "weight_decay": 5.424836355253709e-05,
      "k_folds": 5,
      "folds_to_run": 1,
      "early_stopping": 10,
      "device": "auto",
      "num_workers": 0,
      "objective_metric": "f1_macro",
      "save_best_to_root": false
    }
  },
  "summary_metrics": {
    "accuracy": 0.5466666666666666,
    "f1_macro": 0.569445168399137,
    "f1_weighted": 0.5680142402318066,
    "uar": 0.553125,
    "war": 0.5466666666666666,
    "mcc": 0.488656523156453,
    "kappa": 0.48012232415902145,
    "ece": 0.12780404885609942,
    "fold_accuracy_mean": 0.5466666666666666,
    "fold_f1_macro_mean": 0.569445168399137
  },
  "best_fold": {
    "accuracy": 0.5466666666666666,
    "f1_macro": 0.569445168399137,
    "f1_weighted": 0.5680142402318066,
    "uar": 0.553125,
    "war": 0.5466666666666666,
    "mcc": 0.488656523156453,
    "kappa": 0.48012232415902145,
    "ece": 0.12780404885609942,
    "loss": 1.4795412087440492,
    "fold": 1,
    "learning_curve": "optuna_trials\\trial_0063\\artifacts\\fold_1_learning_curve.png"
  },
  "best_model_path": "weights\\best_model_fold1.pt",
  "exported_model_path": null
}