{
  "accuracy": 0.58,
  "f1_macro": 0.5703554306568045,
  "f1_weighted": 0.5803089505953284,
  "uar": 0.58125,
  "war": 0.58,
  "mcc": 0.5256854570940159,
  "kappa": 0.5199390398780799,
  "ece": 0.07181042909622193,
  "fold_accuracy_mean": 0.58,
  "fold_f1_macro_mean": 0.5703554306568045
}