{
  "accuracy": 0.57,
  "f1_macro": 0.5591853970986382,
  "f1_weighted": 0.5673735144809716,
  "uar": 0.571875,
  "war": 0.57,
  "mcc": 0.5127876091617309,
  "kappa": 0.508259212198221,
  "ece": 0.054057072599728924,
  "fold_accuracy_mean": 0.57,
  "fold_f1_macro_mean": 0.5591853970986382
}