{
  "trial_params": {
    "model": {
      "name": "cnn_baseline",
      "hidden_dims": [
        32,
        32,
        96,
        512
      ],
      "dropout": 0.3159034141390756
    },
    "data": {
      "dataset_path": "C:\\Users\\hik88\\Desktop\\BIT_Uni\\GraduationPaper\\Project\\SER_GraduationPaper/src/$RVNS6MQ",
      "sample_rate": 16000,
      "duration": 3.0,
      "n_mels": 64,
      "n_fft": 1024,
      "hop_length": 160,
      "f_min": 50.0,
      "f_max": 4000.0,
      "normalize": true,
      "resize_height": 96,
      "resize_width": 512
    },
    "train": {
      "seed": 42,
      "batch_size": 16,
      "epochs": 30,
      "learning_rate": 0.00018249104453350222,
      "weight_decay": 5.094514677444846e-05,
      "k_folds": 5,
      "folds_to_run": 1,
      "early_stopping": 10,
      "device": "auto",
      "num_workers": 0,
      "objective_metric": "f1_macro",
      "save_best_to_root": false
    }
  },
  "summary_metrics": {
    "accuracy": 0.57,
    "f1_macro": 0.5591853970986382,
    "f1_weighted": 0.5673735144809716,
    "uar": 0.571875,
    "war": 0.57,
    "mcc": 0.5127876091617309,
    "kappa": 0.508259212198221,
    "ece": 0.054057072599728924,
    "fold_accuracy_mean": 0.57,
    "fold_f1_macro_mean": 0.5591853970986382
  },
  "best_fold": {
    "accuracy": 0.57,
    "f1_macro": 0.5591853970986382,
    "f1_weighted": 0.5673735144809716,
    "uar": 0.571875,
    "war": 0.57,
    "mcc": 0.5127876091617309,
    "kappa": 0.508259212198221,
    "ece": 0.054057072599728924,
    "loss": 1.4337407962481181,
    "fold": 1,
    "learning_curve": "optuna_trials\\trial_0058\\artifacts\\fold_1_learning_curve.png"
  },
  "best_model_path": "weights\\best_model_fold1.pt",
  "exported_model_path": null
}