{
  "accuracy": 0.5566666666666666,
  "f1_macro": 0.5558371202660046,
  "f1_weighted": 0.5525828507643583,
  "uar": 0.5625,
  "war": 0.5566666666666666,
  "mcc": 0.4938947172105404,
  "kappa": 0.49146061687484077,
  "ece": 0.06550394614537558,
  "fold_accuracy_mean": 0.5566666666666666,
  "fold_f1_macro_mean": 0.5558371202660046
}