{
  "accuracy": 0.5533333333333333,
  "f1_macro": 0.5441306871571749,
  "f1_weighted": 0.5513151572100775,
  "uar": 0.5562499999999999,
  "war": 0.5533333333333333,
  "mcc": 0.4921586427706308,
  "kappa": 0.4891994917407878,
  "ece": 0.05222351297736168,
  "fold_accuracy_mean": 0.5533333333333333,
  "fold_f1_macro_mean": 0.5441306871571749
}