{
  "accuracy": 0.5966666666666667,
  "f1_macro": 0.570912293121764,
  "f1_weighted": 0.5899254936155958,
  "uar": 0.571875,
  "war": 0.5966666666666667,
  "mcc": 0.538466973492538,
  "kappa": 0.535568065506653,
  "ece": 0.09469964702924091,
  "fold_accuracy_mean": 0.5966666666666667,
  "fold_f1_macro_mean": 0.570912293121764
}