row,dataset_index,file,filepath,true_label,pred_label,correct,confidence,prob_neutral,prob_calm,prob_happy,prob_sad,prob_angry,prob_fearful,prob_disgust,prob_surprised
0,180,03-01-01-01-01-01-04.wav,C:\Users\hik88\Desktop\BIT_Uni\GraduationPaper\Project\SER_GraduationPaper\src\$RVNS6MQ\Actor_04\03-01-01-01-01-01-04.wav,neutral,sad,0,0.27061447501182556,0.03512822836637497,0.07936370372772217,0.15302568674087524,0.27061447501182556,0.043286681175231934,0.15442897379398346,0.0569036491215229,0.20724868774414062
1,181,03-01-01-01-01-02-04.wav,C:\Users\hik88\Desktop\BIT_Uni\GraduationPaper\Project\SER_GraduationPaper\src\$RVNS6MQ\Actor_04\03-01-01-01-01-02-04.wav,neutral,sad,0,0.30242428183555603,0.04237211495637894,0.049965277314186096,0.16521482169628143,0.30242428183555603,0.044205695390701294,0.12458373606204987,0.03665470704436302,0.23457936942577362
2,182,03-01-01-01-02-01-04.wav,C:\Users\hik88\Desktop\BIT_Uni\GraduationPaper\Project\SER_GraduationPaper\src\$RVNS6MQ\Actor_04\03-01-01-01-02-01-04.wav,neutral,sad,0,0.2846927046775818,0.02588413469493389,0.11181501299142838,0.09696163237094879,0.2846927046775818,0.011143265292048454,0.14870761334896088,0.06290838122367859,0.2578873038291931
3,183,03-01-01-01-02-02-04.wav,C:\Users\hik88\Desktop\BIT_Uni\GraduationPaper\Project\SER_GraduationPaper\src\$RVNS6MQ\Actor_04\03-01-01-01-02-02-04.wav,neutral,sad,0,0.32504379749298096,0.022167518734931946,0.10722964257001877,0.09660714864730835,0.32504379749298096,0.008432524278759956,0.15581269562244415,0.04758607596158981,0.2371205985546112
4,184,03-01-02-01-01-01-04.wav,C:\Users\hik88\Desktop\BIT_Uni\GraduationPaper\Project\SER_GraduationPaper\src\$RVNS6MQ\Actor_04\03-01-02-01-01-01-04.wav,calm,sad,0,0.3917110860347748,0.024753868579864502,0.20813792943954468,0.09905445575714111,0.3917110860347748,0.0460464246571064,0.06775625795125961,0.09574449807405472,0.06679540872573853
5,185,03-01-02-01-01-02-04.wav,C:\Users\hik88\Desktop\BIT_Uni\GraduationPaper\Project\SER_GraduationPaper\src\$RVNS6MQ\Actor_04\03-01-02-01-01-02-04.wav,calm,sad,0,0.45106300711631775,0.01820216327905655,0.11269629746675491,0.21215519309043884,0.45106300711631775,0.03970886021852493,0.08648493140935898,0.05807643011212349,0.021613063290715218
6,186,03-01-02-01-02-01-04.wav,C:\Users\hik88\Desktop\BIT_Uni\GraduationPaper\Project\SER_GraduationPaper\src\$RVNS6MQ\Actor_04\03-01-02-01-02-01-04.wav,calm,sad,0,0.39035364985466003,0.009968181140720844,0.283268004655838,0.07701724767684937,0.39035364985466003,0.011450881138443947,0.08722800016403198,0.10198300331830978,0.03873097896575928
7,187,03-01-02-01-02-02-04.wav,C:\Users\hik88\Desktop\BIT_Uni\GraduationPaper\Project\SER_GraduationPaper\src\$RVNS6MQ\Actor_04\03-01-02-01-02-02-04.wav,calm,sad,0,0.5467339158058167,0.011750889010727406,0.06041473522782326,0.20286063849925995,0.5467339158058167,0.03836220130324364,0.10643588751554489,0.018121426925063133,0.015320423059165478
8,188,03-01-02-02-01-01-04.wav,C:\Users\hik88\Desktop\BIT_Uni\GraduationPaper\Project\SER_GraduationPaper\src\$RVNS6MQ\Actor_04\03-01-02-02-01-01-04.wav,calm,calm,1,0.46670275926589966,0.00821217056363821,0.46670275926589966,0.02741357311606407,0.2912827432155609,0.016872655600309372,0.017887311056256294,0.16425944864749908,0.007369321305304766
9,189,03-01-02-02-01-02-04.wav,C:\Users\hik88\Desktop\BIT_Uni\GraduationPaper\Project\SER_GraduationPaper\src\$RVNS6MQ\Actor_04\03-01-02-02-01-02-04.wav,calm,sad,0,0.7404884099960327,0.005906430073082447,0.051478929817676544,0.09538950026035309,0.7404884099960327,0.06373181939125061,0.02722993679344654,0.014994517900049686,0.0007803967455402017
10,190,03-01-02-02-02-01-04.wav,C:\Users\hik88\Desktop\BIT_Uni\GraduationPaper\Project\SER_GraduationPaper\src\$RVNS6MQ\Actor_04\03-01-02-02-02-01-04.wav,calm,sad,0,0.5902664661407471,0.002288136398419738,0.2498604655265808,0.07239557057619095,0.5902664661407471,0.008422794751822948,0.0373227633535862,0.03725992515683174,0.002183781936764717
11,191,03-01-02-02-02-02-04.wav,C:\Users\hik88\Desktop\BIT_Uni\GraduationPaper\Project\SER_GraduationPaper\src\$RVNS6MQ\Actor_04\03-01-02-02-02-02-04.wav,calm,calm,1,0.35626649856567383,0.014625153504312038,0.35626649856567383,0.07023414969444275,0.2244834452867508,0.09262271225452423,0.026750309392809868,0.17960472404956818,0.03541305288672447
12,192,03-01-03-01-01-01-04.wav,C:\Users\hik88\Desktop\BIT_Uni\GraduationPaper\Project\SER_GraduationPaper\src\$RVNS6MQ\Actor_04\03-01-03-01-01-01-04.wav,happy,surprised,0,0.39871978759765625,0.016149459406733513,0.038941871374845505,0.14661726355552673,0.1773977279663086,0.04917597025632858,0.12066558003425598,0.05233240872621536,0.39871978759765625
13,193,03-01-03-01-01-02-04.wav,C:\Users\hik88\Desktop\BIT_Uni\GraduationPaper\Project\SER_GraduationPaper\src\$RVNS6MQ\Actor_04\03-01-03-01-01-02-04.wav,happy,surprised,0,0.6417356133460999,0.0036983080208301544,0.0026361302006989717,0.10923776775598526,0.03764518350362778,0.080955870449543,0.10200650244951248,0.02208464965224266,0.6417356133460999
14,194,03-01-03-01-02-01-04.wav,C:\Users\hik88\Desktop\BIT_Uni\GraduationPaper\Project\SER_GraduationPaper\src\$RVNS6MQ\Actor_04\03-01-03-01-02-01-04.wav,happy,happy,1,0.2539791166782379,0.016142817214131355,0.03504685312509537,0.2539791166782379,0.1291106641292572,0.10563905537128448,0.15957309305667877,0.054014816880226135,0.24649366736412048
15,195,03-01-03-01-02-02-04.wav,C:\Users\hik88\Desktop\BIT_Uni\GraduationPaper\Project\SER_GraduationPaper\src\$RVNS6MQ\Actor_04\03-01-03-01-02-02-04.wav,happy,surprised,0,0.4003814458847046,0.02248324640095234,0.011650453321635723,0.22131021320819855,0.0993225947022438,0.10560537129640579,0.11346917599439621,0.025777513161301613,0.4003814458847046
16,196,03-01-03-02-01-01-04.wav,C:\Users\hik88\Desktop\BIT_Uni\GraduationPaper\Project\SER_GraduationPaper\src\$RVNS6MQ\Actor_04\03-01-03-02-01-01-04.wav,happy,fearful,0,0.36194491386413574,0.0008223204058595002,0.012838967144489288,0.1334705352783203,0.10646035522222519,0.06892617791891098,0.36194491386413574,0.11451394110918045,0.20102287828922272
17,197,03-01-03-02-01-02-04.wav,C:\Users\hik88\Desktop\BIT_Uni\GraduationPaper\Project\SER_GraduationPaper\src\$RVNS6MQ\Actor_04\03-01-03-02-01-02-04.wav,happy,surprised,0,0.3993796110153198,0.0022697930689901114,0.002565396949648857,0.14224526286125183,0.03982763737440109,0.14166714251041412,0.2431042194366455,0.028940994292497635,0.3993796110153198
18,198,03-01-03-02-02-01-04.wav,C:\Users\hik88\Desktop\BIT_Uni\GraduationPaper\Project\SER_GraduationPaper\src\$RVNS6MQ\Actor_04\03-01-03-02-02-01-04.wav,happy,happy,1,0.288543701171875,0.007244232576340437,0.004501150920987129,0.288543701171875,0.0469404011964798,0.2259461134672165,0.14559587836265564,0.021527154371142387,0.2597014009952545
19,199,03-01-03-02-02-02-04.wav,C:\Users\hik88\Desktop\BIT_Uni\GraduationPaper\Project\SER_GraduationPaper\src\$RVNS6MQ\Actor_04\03-01-03-02-02-02-04.wav,happy,angry,0,0.3990985155105591,0.00022690305195283145,0.0002423000114504248,0.21891887485980988,0.019055670127272606,0.3990985155105591,0.2382519245147705,0.013269869610667229,0.11093589663505554
20,200,03-01-04-01-01-01-04.wav,C:\Users\hik88\Desktop\BIT_Uni\GraduationPaper\Project\SER_GraduationPaper\src\$RVNS6MQ\Actor_04\03-01-04-01-01-01-04.wav,sad,sad,1,0.2742118537425995,0.08086071908473969,0.03244493156671524,0.12544141709804535,0.2742118537425995,0.15200120210647583,0.10140536725521088,0.02844718098640442,0.20518732070922852
21,201,03-01-04-01-01-02-04.wav,C:\Users\hik88\Desktop\BIT_Uni\GraduationPaper\Project\SER_GraduationPaper\src\$RVNS6MQ\Actor_04\03-01-04-01-01-02-04.wav,sad,surprised,0,0.4118511378765106,0.011097760871052742,0.00871604960411787,0.1537097990512848,0.1162785217165947,0.11131278425455093,0.1675763875246048,0.019457539543509483,0.4118511378765106
22,202,03-01-04-01-02-01-04.wav,C:\Users\hik88\Desktop\BIT_Uni\GraduationPaper\Project\SER_GraduationPaper\src\$RVNS6MQ\Actor_04\03-01-04-01-02-01-04.wav,sad,surprised,0,0.4041183590888977,0.0053437077440321445,0.00567222572863102,0.17710740864276886,0.10618016123771667,0.10889392346143723,0.16579745709896088,0.026886701583862305,0.4041183590888977
23,203,03-01-04-01-02-02-04.wav,C:\Users\hik88\Desktop\BIT_Uni\GraduationPaper\Project\SER_GraduationPaper\src\$RVNS6MQ\Actor_04\03-01-04-01-02-02-04.wav,sad,surprised,0,0.3794940114021301,0.005073497537523508,0.0023898575454950333,0.19626545906066895,0.07171425223350525,0.17436151206493378,0.1521253138780594,0.018576081842184067,0.3794940114021301
24,204,03-01-04-02-01-01-04.wav,C:\Users\hik88\Desktop\BIT_Uni\GraduationPaper\Project\SER_GraduationPaper\src\$RVNS6MQ\Actor_04\03-01-04-02-01-01-04.wav,sad,surprised,0,0.31648725271224976,0.001258905278518796,0.0011768119875341654,0.22757402062416077,0.04146222025156021,0.26138558983802795,0.13220015168190002,0.018455080687999725,0.31648725271224976
25,205,03-01-04-02-01-02-04.wav,C:\Users\hik88\Desktop\BIT_Uni\GraduationPaper\Project\SER_GraduationPaper\src\$RVNS6MQ\Actor_04\03-01-04-02-01-02-04.wav,sad,angry,0,0.4893380105495453,0.000688300933688879,9.52054833760485e-05,0.2688334584236145,0.020466454327106476,0.4893380105495453,0.10003732144832611,0.005513845942914486,0.11502745747566223
26,206,03-01-04-02-02-01-04.wav,C:\Users\hik88\Desktop\BIT_Uni\GraduationPaper\Project\SER_GraduationPaper\src\$RVNS6MQ\Actor_04\03-01-04-02-02-01-04.wav,sad,angry,0,0.3057694435119629,0.00036218587774783373,0.0002822416427079588,0.284975528717041,0.030424531549215317,0.3057694435119629,0.19221097230911255,0.010386331006884575,0.1755886673927307
27,207,03-01-04-02-02-02-04.wav,C:\Users\hik88\Desktop\BIT_Uni\GraduationPaper\Project\SER_GraduationPaper\src\$RVNS6MQ\Actor_04\03-01-04-02-02-02-04.wav,sad,angry,0,0.32750996947288513,0.0009108497761189938,0.0009942082688212395,0.25457629561424255,0.042698897421360016,0.32750996947288513,0.14853157103061676,0.021365009248256683,0.20341314375400543
28,208,03-01-05-01-01-01-04.wav,C:\Users\hik88\Desktop\BIT_Uni\GraduationPaper\Project\SER_GraduationPaper\src\$RVNS6MQ\Actor_04\03-01-05-01-01-01-04.wav,angry,surprised,0,0.3578859865665436,0.014750117436051369,0.01384030468761921,0.13927823305130005,0.11565420031547546,0.23307615518569946,0.059647928923368454,0.06586706638336182,0.3578859865665436
29,209,03-01-05-01-01-02-04.wav,C:\Users\hik88\Desktop\BIT_Uni\GraduationPaper\Project\SER_GraduationPaper\src\$RVNS6MQ\Actor_04\03-01-05-01-01-02-04.wav,angry,surprised,0,0.47988858819007874,0.006643589586019516,0.005761714186519384,0.09489419311285019,0.0582667775452137,0.2382708042860031,0.06428851187229156,0.051985904574394226,0.47988858819007874
30,210,03-01-05-01-02-01-04.wav,C:\Users\hik88\Desktop\BIT_Uni\GraduationPaper\Project\SER_GraduationPaper\src\$RVNS6MQ\Actor_04\03-01-05-01-02-01-04.wav,angry,surprised,0,0.684745192527771,0.0022759162820875645,0.0020981866400688887,0.0799771398305893,0.040916211903095245,0.09906258434057236,0.0695398673415184,0.02138485759496689,0.684745192527771
31,211,03-01-05-01-02-02-04.wav,C:\Users\hik88\Desktop\BIT_Uni\GraduationPaper\Project\SER_GraduationPaper\src\$RVNS6MQ\Actor_04\03-01-05-01-02-02-04.wav,angry,angry,1,0.3840433359146118,0.007947812788188457,0.00480330316349864,0.19871577620506287,0.051083143800497055,0.3840433359146118,0.05459046736359596,0.03234616667032242,0.26646995544433594
32,212,03-01-05-02-01-01-04.wav,C:\Users\hik88\Desktop\BIT_Uni\GraduationPaper\Project\SER_GraduationPaper\src\$RVNS6MQ\Actor_04\03-01-05-02-01-01-04.wav,angry,fearful,0,0.3888053894042969,0.00036506843753159046,0.0017522918060421944,0.09902394562959671,0.037672434002161026,0.13087597489356995,0.3888053894042969,0.03164710849523544,0.3098577857017517
33,213,03-01-05-02-01-02-04.wav,C:\Users\hik88\Desktop\BIT_Uni\GraduationPaper\Project\SER_GraduationPaper\src\$RVNS6MQ\Actor_04\03-01-05-02-01-02-04.wav,angry,angry,1,0.5453841686248779,0.002079020719975233,0.002112473826855421,0.11528841406106949,0.02232026681303978,0.5453841686248779,0.07518535852432251,0.03579236567020416,0.2018379420042038
34,214,03-01-05-02-02-01-04.wav,C:\Users\hik88\Desktop\BIT_Uni\GraduationPaper\Project\SER_GraduationPaper\src\$RVNS6MQ\Actor_04\03-01-05-02-02-01-04.wav,angry,angry,1,0.5072208046913147,0.0003031425003428012,0.0001862478966359049,0.21685589849948883,0.01892305538058281,0.5072208046913147,0.1631888598203659,0.009708010591566563,0.0836140513420105
35,215,03-01-05-02-02-02-04.wav,C:\Users\hik88\Desktop\BIT_Uni\GraduationPaper\Project\SER_GraduationPaper\src\$RVNS6MQ\Actor_04\03-01-05-02-02-02-04.wav,angry,angry,1,0.5792685747146606,0.0007261629798449576,0.00044651355710811913,0.1001114472746849,0.013992298394441605,0.5792685747146606,0.06921473145484924,0.019092397764325142,0.21714793145656586
36,216,03-01-06-01-01-01-04.wav,C:\Users\hik88\Desktop\BIT_Uni\GraduationPaper\Project\SER_GraduationPaper\src\$RVNS6MQ\Actor_04\03-01-06-01-01-01-04.wav,fearful,surprised,0,0.4878993630409241,0.002234037732705474,0.004793338943272829,0.10165421664714813,0.07779889553785324,0.05818745866417885,0.24363350868225098,0.02379918098449707,0.4878993630409241
37,217,03-01-06-01-01-02-04.wav,C:\Users\hik88\Desktop\BIT_Uni\GraduationPaper\Project\SER_GraduationPaper\src\$RVNS6MQ\Actor_04\03-01-06-01-01-02-04.wav,fearful,surprised,0,0.3637985587120056,0.00310940807685256,0.010922692716121674,0.13245779275894165,0.07383313775062561,0.15685619413852692,0.198272243142128,0.0607500821352005,0.3637985587120056
38,218,03-01-06-01-02-01-04.wav,C:\Users\hik88\Desktop\BIT_Uni\GraduationPaper\Project\SER_GraduationPaper\src\$RVNS6MQ\Actor_04\03-01-06-01-02-01-04.wav,fearful,surprised,0,0.3850364685058594,0.0037864048499614,0.009295666590332985,0.1323830634355545,0.09769545495510101,0.07975991815328598,0.25692322850227356,0.03511981666088104,0.3850364685058594
39,219,03-01-06-01-02-02-04.wav,C:\Users\hik88\Desktop\BIT_Uni\GraduationPaper\Project\SER_GraduationPaper\src\$RVNS6MQ\Actor_04\03-01-06-01-02-02-04.wav,fearful,surprised,0,0.42121440172195435,0.00351687497459352,0.010702183470129967,0.11385221034288406,0.1143842488527298,0.05540359765291214,0.24076658487319946,0.040159836411476135,0.42121440172195435
40,220,03-01-06-02-01-01-04.wav,C:\Users\hik88\Desktop\BIT_Uni\GraduationPaper\Project\SER_GraduationPaper\src\$RVNS6MQ\Actor_04\03-01-06-02-01-01-04.wav,fearful,fearful,1,0.658495306968689,0.00019741494907066226,0.00572967017069459,0.07922512292861938,0.07951150834560394,0.042797237634658813,0.658495306968689,0.03761208429932594,0.09643171727657318
41,221,03-01-06-02-01-02-04.wav,C:\Users\hik88\Desktop\BIT_Uni\GraduationPaper\Project\SER_GraduationPaper\src\$RVNS6MQ\Actor_04\03-01-06-02-01-02-04.wav,fearful,surprised,0,0.39859268069267273,0.0017161528812721372,0.005845170002430677,0.10686766356229782,0.048712749034166336,0.17709045112133026,0.19649182260036469,0.06468325853347778,0.39859268069267273
42,222,03-01-06-02-02-01-04.wav,C:\Users\hik88\Desktop\BIT_Uni\GraduationPaper\Project\SER_GraduationPaper\src\$RVNS6MQ\Actor_04\03-01-06-02-02-01-04.wav,fearful,surprised,0,0.49197685718536377,0.0016325925244018435,0.003544110106304288,0.10738551616668701,0.045503564178943634,0.14995090663433075,0.15762732923030853,0.042379096150398254,0.49197685718536377
43,223,03-01-06-02-02-02-04.wav,C:\Users\hik88\Desktop\BIT_Uni\GraduationPaper\Project\SER_GraduationPaper\src\$RVNS6MQ\Actor_04\03-01-06-02-02-02-04.wav,fearful,angry,0,0.33885616064071655,0.0022653534542769194,0.00037665621493943036,0.16402776539325714,0.018313944339752197,0.33885616064071655,0.12797358632087708,0.012692996300756931,0.3354935646057129
44,224,03-01-07-01-01-01-04.wav,C:\Users\hik88\Desktop\BIT_Uni\GraduationPaper\Project\SER_GraduationPaper\src\$RVNS6MQ\Actor_04\03-01-07-01-01-01-04.wav,disgust,disgust,1,0.34741708636283875,0.007048940286040306,0.07910700142383575,0.05058145523071289,0.21086911857128143,0.072551429271698,0.05959046259522438,0.34741708636283875,0.17283448576927185
45,225,03-01-07-01-01-02-04.wav,C:\Users\hik88\Desktop\BIT_Uni\GraduationPaper\Project\SER_GraduationPaper\src\$RVNS6MQ\Actor_04\03-01-07-01-01-02-04.wav,disgust,surprised,0,0.4015718102455139,0.004687291570007801,0.010843249969184399,0.06201392039656639,0.10386816412210464,0.20774705708026886,0.05214940756559372,0.1571190506219864,0.4015718102455139
46,226,03-01-07-01-02-01-04.wav,C:\Users\hik88\Desktop\BIT_Uni\GraduationPaper\Project\SER_GraduationPaper\src\$RVNS6MQ\Actor_04\03-01-07-01-02-01-04.wav,disgust,surprised,0,0.2920631170272827,0.012469697743654251,0.007609223946928978,0.18272115290164948,0.10352049767971039,0.2642259895801544,0.07545407861471176,0.061936285346746445,0.2920631170272827
47,227,03-01-07-01-02-02-04.wav,C:\Users\hik88\Desktop\BIT_Uni\GraduationPaper\Project\SER_GraduationPaper\src\$RVNS6MQ\Actor_04\03-01-07-01-02-02-04.wav,disgust,angry,0,0.4345475733280182,0.003937962930649519,0.001474729971960187,0.2270948737859726,0.06564484536647797,0.4345475733280182,0.09196499735116959,0.03581998124718666,0.13951504230499268
48,228,03-01-07-02-01-01-04.wav,C:\Users\hik88\Desktop\BIT_Uni\GraduationPaper\Project\SER_GraduationPaper\src\$RVNS6MQ\Actor_04\03-01-07-02-01-01-04.wav,disgust,angry,0,0.4465721547603607,0.009263413958251476,0.015717308968305588,0.13371694087982178,0.09221313148736954,0.4465721547603607,0.0741216242313385,0.11644624173641205,0.11194911599159241
49,229,03-01-07-02-01-02-04.wav,C:\Users\hik88\Desktop\BIT_Uni\GraduationPaper\Project\SER_GraduationPaper\src\$RVNS6MQ\Actor_04\03-01-07-02-01-02-04.wav,disgust,angry,0,0.42374861240386963,0.0026647839695215225,0.007661790587007999,0.19739466905593872,0.09150789678096771,0.42374861240386963,0.13952107727527618,0.09317713975906372,0.04432409256696701
50,230,03-01-07-02-02-01-04.wav,C:\Users\hik88\Desktop\BIT_Uni\GraduationPaper\Project\SER_GraduationPaper\src\$RVNS6MQ\Actor_04\03-01-07-02-02-01-04.wav,disgust,fearful,0,0.27142420411109924,0.003253369592130184,0.0161734726279974,0.16643759608268738,0.21738730370998383,0.07908537238836288,0.27142420411109924,0.17029981315135956,0.075938880443573
51,231,03-01-07-02-02-02-04.wav,C:\Users\hik88\Desktop\BIT_Uni\GraduationPaper\Project\SER_GraduationPaper\src\$RVNS6MQ\Actor_04\03-01-07-02-02-02-04.wav,disgust,surprised,0,0.2674276530742645,0.0019100166391581297,0.008370013907551765,0.10501176863908768,0.12183056026697159,0.16534703969955444,0.19656331837177277,0.13353966176509857,0.2674276530742645
52,232,03-01-08-01-01-01-04.wav,C:\Users\hik88\Desktop\BIT_Uni\GraduationPaper\Project\SER_GraduationPaper\src\$RVNS6MQ\Actor_04\03-01-08-01-01-01-04.wav,surprised,surprised,1,0.7723692059516907,0.00256547424942255,0.00047275819815695286,0.07004593312740326,0.021299678832292557,0.07698392868041992,0.04913083836436272,0.00713214511051774,0.7723692059516907
53,233,03-01-08-01-01-02-04.wav,C:\Users\hik88\Desktop\BIT_Uni\GraduationPaper\Project\SER_GraduationPaper\src\$RVNS6MQ\Actor_04\03-01-08-01-01-02-04.wav,surprised,surprised,1,0.8227744698524475,0.002309381263330579,0.001564580830745399,0.045272115617990494,0.022394198924303055,0.04476505145430565,0.04439738392829895,0.01652277261018753,0.8227744698524475
54,234,03-01-08-01-02-01-04.wav,C:\Users\hik88\Desktop\BIT_Uni\GraduationPaper\Project\SER_GraduationPaper\src\$RVNS6MQ\Actor_04\03-01-08-01-02-01-04.wav,surprised,surprised,1,0.6270651817321777,0.0061683254316449165,0.00598988588899374,0.08231255412101746,0.0594734363257885,0.12708088755607605,0.05234473943710327,0.03956501558423042,0.6270651817321777
55,235,03-01-08-01-02-02-04.wav,C:\Users\hik88\Desktop\BIT_Uni\GraduationPaper\Project\SER_GraduationPaper\src\$RVNS6MQ\Actor_04\03-01-08-01-02-02-04.wav,surprised,surprised,1,0.7702423930168152,0.0023083933629095554,0.0018457542173564434,0.060084570199251175,0.03650715947151184,0.0641578733921051,0.04760589823126793,0.01724795438349247,0.7702423930168152
56,236,03-01-08-02-01-01-04.wav,C:\Users\hik88\Desktop\BIT_Uni\GraduationPaper\Project\SER_GraduationPaper\src\$RVNS6MQ\Actor_04\03-01-08-02-01-01-04.wav,surprised,surprised,1,0.6139526963233948,0.000997900147922337,0.0020059298258274794,0.07668177038431168,0.025998679921030998,0.13640539348125458,0.11154791712760925,0.03240969032049179,0.6139526963233948
57,237,03-01-08-02-01-02-04.wav,C:\Users\hik88\Desktop\BIT_Uni\GraduationPaper\Project\SER_GraduationPaper\src\$RVNS6MQ\Actor_04\03-01-08-02-01-02-04.wav,surprised,surprised,1,0.5154533386230469,0.0016046249074861407,0.0006795696099288762,0.1410605013370514,0.021844642236828804,0.22004705667495728,0.08827169984579086,0.011038635857403278,0.5154533386230469
58,238,03-01-08-02-02-01-04.wav,C:\Users\hik88\Desktop\BIT_Uni\GraduationPaper\Project\SER_GraduationPaper\src\$RVNS6MQ\Actor_04\03-01-08-02-02-01-04.wav,surprised,surprised,1,0.6796053647994995,0.002399768214672804,0.0015718054492026567,0.08362290263175964,0.023024965077638626,0.10350655019283295,0.09009694308042526,0.016171757131814957,0.6796053647994995
59,239,03-01-08-02-02-02-04.wav,C:\Users\hik88\Desktop\BIT_Uni\GraduationPaper\Project\SER_GraduationPaper\src\$RVNS6MQ\Actor_04\03-01-08-02-02-02-04.wav,surprised,surprised,1,0.6405279636383057,0.001898602582514286,0.001939376350492239,0.08122339099645615,0.028289273381233215,0.12231282144784927,0.10102114826440811,0.022787360474467278,0.6405279636383057
60,480,03-01-01-01-01-01-09.wav,C:\Users\hik88\Desktop\BIT_Uni\GraduationPaper\Project\SER_GraduationPaper\src\$RVNS6MQ\Actor_09\03-01-01-01-01-01-09.wav,neutral,sad,0,0.606881320476532,0.02550138346850872,0.3495156168937683,0.002401449251919985,0.606881320476532,0.0004525583062786609,0.0018943548202514648,0.011423258110880852,0.0019300399580970407
61,481,03-01-01-01-01-02-09.wav,C:\Users\hik88\Desktop\BIT_Uni\GraduationPaper\Project\SER_GraduationPaper\src\$RVNS6MQ\Actor_09\03-01-01-01-01-02-09.wav,neutral,calm,0,0.49943646788597107,0.040298376232385635,0.49943646788597107,0.003063756274059415,0.4247642755508423,0.0003298887168057263,0.004664809908717871,0.019742753356695175,0.007699631154537201
62,482,03-01-01-01-02-01-09.wav,C:\Users\hik88\Desktop\BIT_Uni\GraduationPaper\Project\SER_GraduationPaper\src\$RVNS6MQ\Actor_09\03-01-01-01-02-01-09.wav,neutral,sad,0,0.47249242663383484,0.030945472419261932,0.3770204484462738,0.006363749038428068,0.47249242663383484,0.0014554657973349094,0.019041815772652626,0.058950792998075485,0.03372978791594505
63,483,03-01-01-01-02-02-09.wav,C:\Users\hik88\Desktop\BIT_Uni\GraduationPaper\Project\SER_GraduationPaper\src\$RVNS6MQ\Actor_09\03-01-01-01-02-02-09.wav,neutral,sad,0,0.43743953108787537,0.022276364266872406,0.43491360545158386,0.0060973879881203175,0.43743953108787537,0.0006833128281868994,0.02083566226065159,0.05062706395983696,0.027127014473080635
64,484,03-01-02-01-01-01-09.wav,C:\Users\hik88\Desktop\BIT_Uni\GraduationPaper\Project\SER_GraduationPaper\src\$RVNS6MQ\Actor_09\03-01-02-01-01-01-09.wav,calm,calm,1,0.7593535780906677,0.02512911707162857,0.7593535780906677,0.0018149210372939706,0.2013203203678131,0.00022365643235389143,0.0024338564835488796,0.008835203014314175,0.0008893032209016383
65,485,03-01-02-01-01-02-09.wav,C:\Users\hik88\Desktop\BIT_Uni\GraduationPaper\Project\SER_GraduationPaper\src\$RVNS6MQ\Actor_09\03-01-02-01-01-02-09.wav,calm,calm,1,0.4985130727291107,0.04691015183925629,0.4985130727291107,0.006087399087846279,0.4331315755844116,0.0013868696987628937,0.0051558841951191425,0.008419984951615334,0.0003950870886910707
66,486,03-01-02-01-02-01-09.wav,C:\Users\hik88\Desktop\BIT_Uni\GraduationPaper\Project\SER_GraduationPaper\src\$RVNS6MQ\Actor_09\03-01-02-01-02-01-09.wav,calm,calm,1,0.8144955635070801,0.0017730825347825885,0.8144955635070801,0.0016280405689030886,0.14104187488555908,0.00018361749243922532,0.010102694854140282,0.030405860394239426,0.00036937702680006623
67,487,03-01-02-01-02-02-09.wav,C:\Users\hik88\Desktop\BIT_Uni\GraduationPaper\Project\SER_GraduationPaper\src\$RVNS6MQ\Actor_09\03-01-02-01-02-02-09.wav,calm,calm,1,0.8703033924102783,0.013991410844027996,0.8703033924102783,0.0006126835360191762,0.10612057894468307,0.00021339490194804966,0.0006833248771727085,0.007983260788023472,9.216285980073735e-05
68,488,03-01-02-02-01-01-09.wav,C:\Users\hik88\Desktop\BIT_Uni\GraduationPaper\Project\SER_GraduationPaper\src\$RVNS6MQ\Actor_09\03-01-02-02-01-01-09.wav,calm,calm,1,0.5825883150100708,0.0037365418393164873,0.5825883150100708,0.0014179643476381898,0.3632219433784485,0.00023924918787088245,0.01029848214238882,0.03647337108850479,0.0020241369493305683
69,489,03-01-02-02-01-02-09.wav,C:\Users\hik88\Desktop\BIT_Uni\GraduationPaper\Project\SER_GraduationPaper\src\$RVNS6MQ\Actor_09\03-01-02-02-01-02-09.wav,calm,calm,1,0.7522627115249634,0.000995142851024866,0.7522627115249634,0.00039203520282171667,0.24170032143592834,6.851140642538667e-05,0.000596550467889756,0.0039543756283819675,3.0273813536041416e-05
70,490,03-01-02-02-02-01-09.wav,C:\Users\hik88\Desktop\BIT_Uni\GraduationPaper\Project\SER_GraduationPaper\src\$RVNS6MQ\Actor_09\03-01-02-02-02-01-09.wav,calm,calm,1,0.9079431891441345,0.0012168423272669315,0.9079431891441345,0.00030214476282708347,0.07874807715415955,0.00011732781422324479,0.0006519679445773363,0.01101040467619896,9.839563972491305e-06
71,491,03-01-02-02-02-02-09.wav,C:\Users\hik88\Desktop\BIT_Uni\GraduationPaper\Project\SER_GraduationPaper\src\$RVNS6MQ\Actor_09\03-01-02-02-02-02-09.wav,calm,calm,1,0.7895963191986084,0.008203227072954178,0.7895963191986084,0.0014042742550373077,0.1644289344549179,0.0001521530793979764,0.004093219991773367,0.030650146305561066,0.0014718184247612953
72,492,03-01-03-01-01-01-09.wav,C:\Users\hik88\Desktop\BIT_Uni\GraduationPaper\Project\SER_GraduationPaper\src\$RVNS6MQ\Actor_09\03-01-03-01-01-01-09.wav,happy,sad,0,0.5853525996208191,0.0043047633953392506,0.38549792766571045,0.0031083542853593826,0.5853525996208191,0.00014410901349037886,0.0032246182672679424,0.017957651987671852,0.00040993100265040994
73,493,03-01-03-01-01-02-09.wav,C:\Users\hik88\Desktop\BIT_Uni\GraduationPaper\Project\SER_GraduationPaper\src\$RVNS6MQ\Actor_09\03-01-03-01-01-02-09.wav,happy,sad,0,0.5436403751373291,0.07784561067819595,0.1819290667772293,0.06372278928756714,0.5436403751373291,0.008058690465986729,0.020165977999567986,0.047368645668029785,0.057268816977739334
74,494,03-01-03-01-02-01-09.wav,C:\Users\hik88\Desktop\BIT_Uni\GraduationPaper\Project\SER_GraduationPaper\src\$RVNS6MQ\Actor_09\03-01-03-01-02-01-09.wav,happy,sad,0,0.43936869502067566,0.02887883596122265,0.3195432424545288,0.022883577272295952,0.43936869502067566,0.002991186222061515,0.04139261320233345,0.07311825454235077,0.0718235895037651
75,495,03-01-03-01-02-02-09.wav,C:\Users\hik88\Desktop\BIT_Uni\GraduationPaper\Project\SER_GraduationPaper\src\$RVNS6MQ\Actor_09\03-01-03-01-02-02-09.wav,happy,sad,0,0.46681922674179077,0.09164673835039139,0.2026168256998062,0.13469336926937103,0.46681922674179077,0.024208053946495056,0.03132516145706177,0.024725086987018585,0.02396559715270996
76,496,03-01-03-02-01-01-09.wav,C:\Users\hik88\Desktop\BIT_Uni\GraduationPaper\Project\SER_GraduationPaper\src\$RVNS6MQ\Actor_09\03-01-03-02-01-01-09.wav,happy,happy,1,0.5290810465812683,0.0008523077704012394,0.0017479648813605309,0.5290810465812683,0.29819455742836,0.06822680681943893,0.08526391535997391,0.014202864840626717,0.0024305216502398252
77,497,03-01-03-02-01-02-09.wav,C:\Users\hik88\Desktop\BIT_Uni\GraduationPaper\Project\SER_GraduationPaper\src\$RVNS6MQ\Actor_09\03-01-03-02-01-02-09.wav,happy,sad,0,0.8035521507263184,0.00014094683865550905,0.008862712420523167,0.10122238099575043,0.8035521507263184,0.031775299459695816,0.02702479064464569,0.02652575820684433,0.0008960497798398137
78,498,03-01-03-02-02-01-09.wav,C:\Users\hik88\Desktop\BIT_Uni\GraduationPaper\Project\SER_GraduationPaper\src\$RVNS6MQ\Actor_09\03-01-03-02-02-01-09.wav,happy,happy,1,0.3893917202949524,0.003074753563851118,0.001070362632162869,0.3893917202949524,0.0487845242023468,0.22862084209918976,0.0866510197520256,0.014106734655797482,0.2283000499010086
79,499,03-01-03-02-02-02-09.wav,C:\Users\hik88\Desktop\BIT_Uni\GraduationPaper\Project\SER_GraduationPaper\src\$RVNS6MQ\Actor_09\03-01-03-02-02-02-09.wav,happy,sad,0,0.4109145998954773,0.0033596211578696966,0.007038922049105167,0.36697643995285034,0.4109145998954773,0.03548392653465271,0.1143195629119873,0.027788721024990082,0.03411822393536568
80,500,03-01-04-01-01-01-09.wav,C:\Users\hik88\Desktop\BIT_Uni\GraduationPaper\Project\SER_GraduationPaper\src\$RVNS6MQ\Actor_09\03-01-04-01-01-01-09.wav,sad,sad,1,0.8335675001144409,0.009121225215494633,0.12932518124580383,0.0024452698417007923,0.8335675001144409,0.0005436371429823339,0.004070242866873741,0.015208191238343716,0.005718640051782131
81,501,03-01-04-01-01-02-09.wav,C:\Users\hik88\Desktop\BIT_Uni\GraduationPaper\Project\SER_GraduationPaper\src\$RVNS6MQ\Actor_09\03-01-04-01-01-02-09.wav,sad,sad,1,0.5747262835502625,0.023220175877213478,0.27304279804229736,0.006095094606280327,0.5747262835502625,0.0027341546956449747,0.03801201656460762,0.0699259415268898,0.012243581935763359
82,502,03-01-04-01-02-01-09.wav,C:\Users\hik88\Desktop\BIT_Uni\GraduationPaper\Project\SER_GraduationPaper\src\$RVNS6MQ\Actor_09\03-01-04-01-02-01-09.wav,sad,calm,0,0.4456472396850586,0.016329601407051086,0.4456472396850586,0.005740797147154808,0.3973996341228485,0.002067002234980464,0.027848515659570694,0.08871620148420334,0.0162509772926569
83,503,03-01-04-01-02-02-09.wav,C:\Users\hik88\Desktop\BIT_Uni\GraduationPaper\Project\SER_GraduationPaper\src\$RVNS6MQ\Actor_09\03-01-04-01-02-02-09.wav,sad,calm,0,0.5686508417129517,0.0074931057170033455,0.5686508417129517,0.0013480389025062323,0.39179858565330505,0.00040586714749224484,0.004799405578523874,0.02369273267686367,0.0018114736303687096
84,504,03-01-04-02-01-01-09.wav,C:\Users\hik88\Desktop\BIT_Uni\GraduationPaper\Project\SER_GraduationPaper\src\$RVNS6MQ\Actor_09\03-01-04-02-01-01-09.wav,sad,sad,1,0.6966304779052734,0.001758152968250215,0.24337922036647797,0.0025640325620770454,0.6966304779052734,0.0018658243352547288,0.0015916425036266446,0.050776153802871704,0.0014344598166644573
85,505,03-01-04-02-01-02-09.wav,C:\Users\hik88\Desktop\BIT_Uni\GraduationPaper\Project\SER_GraduationPaper\src\$RVNS6MQ\Actor_09\03-01-04-02-01-02-09.wav,sad,sad,1,0.8874756693840027,0.00018571557302493602,0.01411146204918623,0.010469231754541397,0.8874756693840027,0.011631098575890064,0.013007610104978085,0.055574849247932434,0.007544409018009901
86,506,03-01-04-02-02-01-09.wav,C:\Users\hik88\Desktop\BIT_Uni\GraduationPaper\Project\SER_GraduationPaper\src\$RVNS6MQ\Actor_09\03-01-04-02-02-01-09.wav,sad,sad,1,0.8062553405761719,0.004220249131321907,0.12588933110237122,0.0175502710044384,0.8062553405761719,0.0037093844730407,0.009939677082002163,0.027063801884651184,0.005371932405978441
87,507,03-01-04-02-02-02-09.wav,C:\Users\hik88\Desktop\BIT_Uni\GraduationPaper\Project\SER_GraduationPaper\src\$RVNS6MQ\Actor_09\03-01-04-02-02-02-09.wav,sad,sad,1,0.6558713316917419,0.001960268011316657,0.0776577740907669,0.007728170603513718,0.6558713316917419,0.023529736325144768,0.006199758965522051,0.1978244185447693,0.02922847494482994
88,508,03-01-05-01-01-01-09.wav,C:\Users\hik88\Desktop\BIT_Uni\GraduationPaper\Project\SER_GraduationPaper\src\$RVNS6MQ\Actor_09\03-01-05-01-01-01-09.wav,angry,sad,0,0.4990658462047577,0.020318180322647095,0.299407958984375,0.012625296600162983,0.4990658462047577,0.0075951991602778435,0.017719851806759834,0.13072340190410614,0.012544245459139347
89,509,03-01-05-01-01-02-09.wav,C:\Users\hik88\Desktop\BIT_Uni\GraduationPaper\Project\SER_GraduationPaper\src\$RVNS6MQ\Actor_09\03-01-05-01-01-02-09.wav,angry,sad,0,0.4544908106327057,0.022850114852190018,0.26052412390708923,0.013825204223394394,0.4544908106327057,0.008211368694901466,0.03961640223860741,0.16952714323997498,0.030954822897911072
90,510,03-01-05-01-02-01-09.wav,C:\Users\hik88\Desktop\BIT_Uni\GraduationPaper\Project\SER_GraduationPaper\src\$RVNS6MQ\Actor_09\03-01-05-01-02-01-09.wav,angry,sad,0,0.34669822454452515,0.07513681799173355,0.1997246891260147,0.2774379849433899,0.34669822454452515,0.058670371770858765,0.018313104286789894,0.022376034408807755,0.00164281006436795
91,511,03-01-05-01-02-02-09.wav,C:\Users\hik88\Desktop\BIT_Uni\GraduationPaper\Project\SER_GraduationPaper\src\$RVNS6MQ\Actor_09\03-01-05-01-02-02-09.wav,angry,sad,0,0.3857809901237488,0.09523534774780273,0.13496989011764526,0.17158561944961548,0.3857809901237488,0.08954435586929321,0.03266797214746475,0.07334502041339874,0.016870785504579544
92,512,03-01-05-02-01-01-09.wav,C:\Users\hik88\Desktop\BIT_Uni\GraduationPaper\Project\SER_GraduationPaper\src\$RVNS6MQ\Actor_09\03-01-05-02-01-01-09.wav,angry,angry,1,0.5706814527511597,0.0006327168084681034,0.0005274561117403209,0.10242515802383423,0.017206473276019096,0.5706814527511597,0.03230670839548111,0.02487962320446968,0.2513403594493866
93,513,03-01-05-02-01-02-09.wav,C:\Users\hik88\Desktop\BIT_Uni\GraduationPaper\Project\SER_GraduationPaper\src\$RVNS6MQ\Actor_09\03-01-05-02-01-02-09.wav,angry,angry,1,0.40124762058258057,0.0009388535981997848,0.0006262797978706658,0.1192183867096901,0.022018680348992348,0.40124762058258057,0.04348013550043106,0.024372080340981483,0.38809797167778015
94,514,03-01-05-02-02-01-09.wav,C:\Users\hik88\Desktop\BIT_Uni\GraduationPaper\Project\SER_GraduationPaper\src\$RVNS6MQ\Actor_09\03-01-05-02-02-01-09.wav,angry,angry,1,0.6366978287696838,0.0003873719833791256,0.0020013691391795874,0.07688713073730469,0.03254039213061333,0.6366978287696838,0.03534451499581337,0.09331709146499634,0.12282435595989227
95,515,03-01-05-02-02-02-09.wav,C:\Users\hik88\Desktop\BIT_Uni\GraduationPaper\Project\SER_GraduationPaper\src\$RVNS6MQ\Actor_09\03-01-05-02-02-02-09.wav,angry,angry,1,0.5232653617858887,0.0006797790410928428,0.0010591470636427402,0.12446356564760208,0.020798757672309875,0.5232653617858887,0.045022767037153244,0.034100309014320374,0.2506103217601776
96,516,03-01-06-01-01-01-09.wav,C:\Users\hik88\Desktop\BIT_Uni\GraduationPaper\Project\SER_GraduationPaper\src\$RVNS6MQ\Actor_09\03-01-06-01-01-01-09.wav,fearful,sad,0,0.5299016833305359,0.013565403409302235,0.21189329028129578,0.016814444214105606,0.5299016833305359,0.002988099819049239,0.08859817683696747,0.07161058485507965,0.06462832540273666
97,517,03-01-06-01-01-02-09.wav,C:\Users\hik88\Desktop\BIT_Uni\GraduationPaper\Project\SER_GraduationPaper\src\$RVNS6MQ\Actor_09\03-01-06-01-01-02-09.wav,fearful,sad,0,0.5273387432098389,0.02257629670202732,0.18916912376880646,0.021175505593419075,0.5273387432098389,0.0052625578828155994,0.08778548985719681,0.058824144303798676,0.08786814659833908
98,518,03-01-06-01-02-01-09.wav,C:\Users\hik88\Desktop\BIT_Uni\GraduationPaper\Project\SER_GraduationPaper\src\$RVNS6MQ\Actor_09\03-01-06-01-02-01-09.wav,fearful,sad,0,0.479049950838089,0.03242126479744911,0.44857075810432434,0.009890839457511902,0.479049950838089,0.0009182779467664659,0.010317428968846798,0.01572655327618122,0.0031050131656229496
99,519,03-01-06-01-02-02-09.wav,C:\Users\hik88\Desktop\BIT_Uni\GraduationPaper\Project\SER_GraduationPaper\src\$RVNS6MQ\Actor_09\03-01-06-01-02-02-09.wav,fearful,sad,0,0.4627796709537506,0.018232662230730057,0.3049076199531555,0.012390497140586376,0.4627796709537506,0.0025299666449427605,0.07258251309394836,0.06034116819500923,0.0662359669804573
100,520,03-01-06-02-01-01-09.wav,C:\Users\hik88\Desktop\BIT_Uni\GraduationPaper\Project\SER_GraduationPaper\src\$RVNS6MQ\Actor_09\03-01-06-02-01-01-09.wav,fearful,sad,0,0.7944889664649963,0.0005097094108350575,0.010005313903093338,0.043481405824422836,0.7944889664649963,0.013479301705956459,0.09092975407838821,0.023323429748415947,0.02378217875957489
101,521,03-01-06-02-01-02-09.wav,C:\Users\hik88\Desktop\BIT_Uni\GraduationPaper\Project\SER_GraduationPaper\src\$RVNS6MQ\Actor_09\03-01-06-02-01-02-09.wav,fearful,sad,0,0.4597899317741394,0.015140500850975513,0.053203385323286057,0.07206297665834427,0.4597899317741394,0.02205103263258934,0.1885748654603958,0.0790666937828064,0.11011059582233429
102,522,03-01-06-02-02-01-09.wav,C:\Users\hik88\Desktop\BIT_Uni\GraduationPaper\Project\SER_GraduationPaper\src\$RVNS6MQ\Actor_09\03-01-06-02-02-01-09.wav,fearful,fearful,1,0.31819766759872437,0.0017164050368592143,0.006239497568458319,0.10428305715322495,0.17077754437923431,0.027763932943344116,0.31819766759872437,0.05818980187177658,0.3128321170806885
103,523,03-01-06-02-02-02-09.wav,C:\Users\hik88\Desktop\BIT_Uni\GraduationPaper\Project\SER_GraduationPaper\src\$RVNS6MQ\Actor_09\03-01-06-02-02-02-09.wav,fearful,sad,0,0.36537906527519226,0.0008383929380215704,0.004914870020002127,0.14705345034599304,0.36537906527519226,0.03162304684519768,0.2487444281578064,0.03508485108613968,0.16636189818382263
104,524,03-01-07-01-01-01-09.wav,C:\Users\hik88\Desktop\BIT_Uni\GraduationPaper\Project\SER_GraduationPaper\src\$RVNS6MQ\Actor_09\03-01-07-01-01-01-09.wav,disgust,sad,0,0.6788181662559509,0.010603954084217548,0.13227838277816772,0.008008148521184921,0.6788181662559509,0.006001253612339497,0.014839602634310722,0.11052530258893967,0.03892522677779198
105,525,03-01-07-01-01-02-09.wav,C:\Users\hik88\Desktop\BIT_Uni\GraduationPaper\Project\SER_GraduationPaper\src\$RVNS6MQ\Actor_09\03-01-07-01-01-02-09.wav,disgust,sad,0,0.7524107098579407,0.029523521661758423,0.08262009173631668,0.018362851813435555,0.7524107098579407,0.015588832087814808,0.021942127496004105,0.0571281798183918,0.02242373861372471
106,526,03-01-07-01-02-01-09.wav,C:\Users\hik88\Desktop\BIT_Uni\GraduationPaper\Project\SER_GraduationPaper\src\$RVNS6MQ\Actor_09\03-01-07-01-02-01-09.wav,disgust,sad,0,0.5588446259498596,0.022291038185358047,0.29300037026405334,0.010530159808695316,0.5588446259498596,0.00350873707793653,0.018053801730275154,0.0671197846531868,0.026651520282030106
107,527,03-01-07-01-02-02-09.wav,C:\Users\hik88\Desktop\BIT_Uni\GraduationPaper\Project\SER_GraduationPaper\src\$RVNS6MQ\Actor_09\03-01-07-01-02-02-09.wav,disgust,sad,0,0.7498044371604919,0.005156544968485832,0.13374827802181244,0.011076133698225021,0.7498044371604919,0.006913472898304462,0.03254256397485733,0.04924982413649559,0.011508754454553127
108,528,03-01-07-02-01-01-09.wav,C:\Users\hik88\Desktop\BIT_Uni\GraduationPaper\Project\SER_GraduationPaper\src\$RVNS6MQ\Actor_09\03-01-07-02-01-01-09.wav,disgust,sad,0,0.43409207463264465,0.027774976566433907,0.32028892636299133,0.01861661672592163,0.43409207463264465,0.009876002557575703,0.013024792075157166,0.152649387717247,0.023677252233028412
109,529,03-01-07-02-01-02-09.wav,C:\Users\hik88\Desktop\BIT_Uni\GraduationPaper\Project\SER_GraduationPaper\src\$RVNS6MQ\Actor_09\03-01-07-02-01-02-09.wav,disgust,sad,0,0.5763756632804871,0.030357658863067627,0.12946981191635132,0.014573954977095127,0.5763756632804871,0.04585745558142662,0.01119194831699133,0.16616716980934143,0.02600635401904583
110,530,03-01-07-02-02-01-09.wav,C:\Users\hik88\Desktop\BIT_Uni\GraduationPaper\Project\SER_GraduationPaper\src\$RVNS6MQ\Actor_09\03-01-07-02-02-01-09.wav,disgust,sad,0,0.49227532744407654,0.04040016233921051,0.298909991979599,0.04297780990600586,0.49227532744407654,0.033800892531871796,0.007050543092191219,0.0815189778804779,0.003066403791308403
111,531,03-01-07-02-02-02-09.wav,C:\Users\hik88\Desktop\BIT_Uni\GraduationPaper\Project\SER_GraduationPaper\src\$RVNS6MQ\Actor_09\03-01-07-02-02-02-09.wav,disgust,calm,0,0.5123845338821411,0.05120115727186203,0.5123845338821411,0.02371174655854702,0.38818374276161194,0.00559155223891139,0.004772144835442305,0.01306129153817892,0.0010937543120235205
112,532,03-01-08-01-01-01-09.wav,C:\Users\hik88\Desktop\BIT_Uni\GraduationPaper\Project\SER_GraduationPaper\src\$RVNS6MQ\Actor_09\03-01-08-01-01-01-09.wav,surprised,sad,0,0.7395344376564026,0.03692388907074928,0.15957511961460114,0.007636783644556999,0.7395344376564026,0.0009059724980033934,0.010360072366893291,0.019796591252088547,0.02526712790131569
113,533,03-01-08-01-01-02-09.wav,C:\Users\hik88\Desktop\BIT_Uni\GraduationPaper\Project\SER_GraduationPaper\src\$RVNS6MQ\Actor_09\03-01-08-01-01-02-09.wav,surprised,sad,0,0.4420586824417114,0.01731087826192379,0.4221070408821106,0.006663927808403969,0.4420586824417114,0.0008885880233719945,0.01874755695462227,0.0627036765217781,0.029519692063331604
114,534,03-01-08-01-02-01-09.wav,C:\Users\hik88\Desktop\BIT_Uni\GraduationPaper\Project\SER_GraduationPaper\src\$RVNS6MQ\Actor_09\03-01-08-01-02-01-09.wav,surprised,sad,0,0.6410096287727356,0.040215544402599335,0.18119853734970093,0.025540878996253014,0.6410096287727356,0.0048429821617901325,0.013097615912556648,0.04330243170261383,0.05079231038689613
115,535,03-01-08-01-02-02-09.wav,C:\Users\hik88\Desktop\BIT_Uni\GraduationPaper\Project\SER_GraduationPaper\src\$RVNS6MQ\Actor_09\03-01-08-01-02-02-09.wav,surprised,sad,0,0.3846402168273926,0.03155547380447388,0.3753622770309448,0.011698534712195396,0.3846402168273926,0.0025166282430291176,0.02345382422208786,0.10968611389398575,0.06108681857585907
116,536,03-01-08-02-01-01-09.wav,C:\Users\hik88\Desktop\BIT_Uni\GraduationPaper\Project\SER_GraduationPaper\src\$RVNS6MQ\Actor_09\03-01-08-02-01-01-09.wav,surprised,surprised,1,0.4169324040412903,0.04084223508834839,0.02323063649237156,0.045376624912023544,0.3305183947086334,0.03675813227891922,0.027550270780920982,0.0787913054227829,0.4169324040412903
117,537,03-01-08-02-01-02-09.wav,C:\Users\hik88\Desktop\BIT_Uni\GraduationPaper\Project\SER_GraduationPaper\src\$RVNS6MQ\Actor_09\03-01-08-02-01-02-09.wav,surprised,sad,0,0.705413818359375,0.057093989104032516,0.04325789958238602,0.03115551359951496,0.705413818359375,0.016089515760540962,0.016789427027106285,0.04020531475543976,0.08999447524547577
118,538,03-01-08-02-02-01-09.wav,C:\Users\hik88\Desktop\BIT_Uni\GraduationPaper\Project\SER_GraduationPaper\src\$RVNS6MQ\Actor_09\03-01-08-02-02-01-09.wav,surprised,sad,0,0.4435565173625946,0.03238144889473915,0.16414602100849152,0.015814732760190964,0.4435565173625946,0.008265739306807518,0.032455772161483765,0.16224384307861328,0.14113591611385345
119,539,03-01-08-02-02-02-09.wav,C:\Users\hik88\Desktop\BIT_Uni\GraduationPaper\Project\SER_GraduationPaper\src\$RVNS6MQ\Actor_09\03-01-08-02-02-02-09.wav,surprised,sad,0,0.4001598358154297,0.05025671795010567,0.17807318270206451,0.02485084906220436,0.4001598358154297,0.017289096489548683,0.03254007175564766,0.16112612187862396,0.1357041746377945
120,780,03-01-01-01-01-01-14.wav,C:\Users\hik88\Desktop\BIT_Uni\GraduationPaper\Project\SER_GraduationPaper\src\$RVNS6MQ\Actor_14\03-01-01-01-01-01-14.wav,neutral,sad,0,0.3250446319580078,0.04226892814040184,0.2642827332019806,0.03758840635418892,0.3250446319580078,0.019251568242907524,0.058176279067993164,0.13323812186717987,0.12014929950237274
121,781,03-01-01-01-01-02-14.wav,C:\Users\hik88\Desktop\BIT_Uni\GraduationPaper\Project\SER_GraduationPaper\src\$RVNS6MQ\Actor_14\03-01-01-01-01-02-14.wav,neutral,sad,0,0.3440850079059601,0.06840590387582779,0.24208678305149078,0.05112775042653084,0.3440850079059601,0.018863145262002945,0.07358214259147644,0.07118964940309525,0.1306595355272293
122,782,03-01-01-01-02-01-14.wav,C:\Users\hik88\Desktop\BIT_Uni\GraduationPaper\Project\SER_GraduationPaper\src\$RVNS6MQ\Actor_14\03-01-01-01-02-01-14.wav,neutral,sad,0,0.3440464735031128,0.061478391289711,0.10095366835594177,0.09101077169179916,0.3440464735031128,0.07520503550767899,0.07975967973470688,0.06769850850105286,0.17984749376773834
123,783,03-01-01-01-02-02-14.wav,C:\Users\hik88\Desktop\BIT_Uni\GraduationPaper\Project\SER_GraduationPaper\src\$RVNS6MQ\Actor_14\03-01-01-01-02-02-14.wav,neutral,sad,0,0.36458176374435425,0.05116007477045059,0.12980026006698608,0.08972200751304626,0.36458176374435425,0.043673139065504074,0.07267412543296814,0.07290571928024292,0.17548289895057678
124,784,03-01-02-01-01-01-14.wav,C:\Users\hik88\Desktop\BIT_Uni\GraduationPaper\Project\SER_GraduationPaper\src\$RVNS6MQ\Actor_14\03-01-02-01-01-01-14.wav,calm,calm,1,0.547074556350708,0.04724835604429245,0.547074556350708,0.0535280667245388,0.24300748109817505,0.02235737442970276,0.015232055447995663,0.05850636214017868,0.013045744970440865
125,785,03-01-02-01-01-02-14.wav,C:\Users\hik88\Desktop\BIT_Uni\GraduationPaper\Project\SER_GraduationPaper\src\$RVNS6MQ\Actor_14\03-01-02-01-01-02-14.wav,calm,calm,1,0.3960653841495514,0.037232834845781326,0.3960653841495514,0.043893735855817795,0.3013780117034912,0.03041439689695835,0.03450112044811249,0.10650666803121567,0.05000786855816841
126,786,03-01-02-01-02-01-14.wav,C:\Users\hik88\Desktop\BIT_Uni\GraduationPaper\Project\SER_GraduationPaper\src\$RVNS6MQ\Actor_14\03-01-02-01-02-01-14.wav,calm,sad,0,0.26948630809783936,0.03670442849397659,0.2279006540775299,0.08466856926679611,0.26948630809783936,0.03829139843583107,0.10989734530448914,0.08451257646083832,0.1485387086868286
127,787,03-01-02-01-02-02-14.wav,C:\Users\hik88\Desktop\BIT_Uni\GraduationPaper\Project\SER_GraduationPaper\src\$RVNS6MQ\Actor_14\03-01-02-01-02-02-14.wav,calm,sad,0,0.3006087839603424,0.08791062235832214,0.20843927562236786,0.10923095792531967,0.3006087839603424,0.058126430958509445,0.06949517130851746,0.0502384677529335,0.11595024913549423
128,788,03-01-02-02-01-01-14.wav,C:\Users\hik88\Desktop\BIT_Uni\GraduationPaper\Project\SER_GraduationPaper\src\$RVNS6MQ\Actor_14\03-01-02-02-01-01-14.wav,calm,calm,1,0.40818968415260315,0.008088096976280212,0.40818968415260315,0.021864252164959908,0.23930028080940247,0.020250452682375908,0.023025795817375183,0.22673256695270538,0.05254894122481346
129,789,03-01-02-02-01-02-14.wav,C:\Users\hik88\Desktop\BIT_Uni\GraduationPaper\Project\SER_GraduationPaper\src\$RVNS6MQ\Actor_14\03-01-02-02-01-02-14.wav,calm,calm,1,0.38823941349983215,0.015438126400113106,0.38823941349983215,0.07907651364803314,0.2773379385471344,0.03055417165160179,0.056150633841753006,0.09555657207965851,0.0576467365026474
130,790,03-01-02-02-02-01-14.wav,C:\Users\hik88\Desktop\BIT_Uni\GraduationPaper\Project\SER_GraduationPaper\src\$RVNS6MQ\Actor_14\03-01-02-02-02-01-14.wav,calm,calm,1,0.5526039004325867,0.0453052818775177,0.5526039004325867,0.022529052570462227,0.2190077006816864,0.018705645576119423,0.016972282901406288,0.10695742070674896,0.01791875623166561
131,791,03-01-02-02-02-02-14.wav,C:\Users\hik88\Desktop\BIT_Uni\GraduationPaper\Project\SER_GraduationPaper\src\$RVNS6MQ\Actor_14\03-01-02-02-02-02-14.wav,calm,calm,1,0.6221456527709961,0.02280748263001442,0.6221456527709961,0.02583179622888565,0.15946321189403534,0.01728636398911476,0.016113530844449997,0.11133810132741928,0.025013955309987068
132,792,03-01-03-01-01-01-14.wav,C:\Users\hik88\Desktop\BIT_Uni\GraduationPaper\Project\SER_GraduationPaper\src\$RVNS6MQ\Actor_14\03-01-03-01-01-01-14.wav,happy,angry,0,0.3897027373313904,0.0005062472191639245,0.0003950410755351186,0.22809313237667084,0.026973053812980652,0.3897027373313904,0.14586105942726135,0.015966210514307022,0.1925024837255478
133,793,03-01-03-01-01-02-14.wav,C:\Users\hik88\Desktop\BIT_Uni\GraduationPaper\Project\SER_GraduationPaper\src\$RVNS6MQ\Actor_14\03-01-03-01-01-02-14.wav,happy,surprised,0,0.5650960803031921,0.004979087971150875,0.0038233157247304916,0.08829955011606216,0.04086277633905411,0.19901108741760254,0.07010460644960403,0.02782350406050682,0.5650960803031921
134,794,03-01-03-01-02-01-14.wav,C:\Users\hik88\Desktop\BIT_Uni\GraduationPaper\Project\SER_GraduationPaper\src\$RVNS6MQ\Actor_14\03-01-03-01-02-01-14.wav,happy,surprised,0,0.6831114888191223,0.0021162601187825203,0.002805845346301794,0.09226975589990616,0.043339863419532776,0.06037355214357376,0.10003913193941116,0.01594402641057968,0.6831114888191223
135,795,03-01-03-01-02-02-14.wav,C:\Users\hik88\Desktop\BIT_Uni\GraduationPaper\Project\SER_GraduationPaper\src\$RVNS6MQ\Actor_14\03-01-03-01-02-02-14.wav,happy,surprised,0,0.6121909022331238,0.005801849998533726,0.009006572887301445,0.0991818979382515,0.06534049659967422,0.06694307923316956,0.1074528768658638,0.034082360565662384,0.6121909022331238
136,796,03-01-03-02-01-01-14.wav,C:\Users\hik88\Desktop\BIT_Uni\GraduationPaper\Project\SER_GraduationPaper\src\$RVNS6MQ\Actor_14\03-01-03-02-01-01-14.wav,happy,angry,0,0.467021107673645,0.0006691152229905128,0.0006653107702732086,0.2141488641500473,0.025663316249847412,0.467021107673645,0.0914875939488411,0.018279261887073517,0.1820654422044754
137,797,03-01-03-02-01-02-14.wav,C:\Users\hik88\Desktop\BIT_Uni\GraduationPaper\Project\SER_GraduationPaper\src\$RVNS6MQ\Actor_14\03-01-03-02-01-02-14.wav,happy,angry,0,0.42591220140457153,0.0005851159221492708,0.0008351748692803085,0.19136306643486023,0.025099527090787888,0.42591220140457153,0.15142010152339935,0.01912490837275982,0.18565988540649414
138,798,03-01-03-02-02-01-14.wav,C:\Users\hik88\Desktop\BIT_Uni\GraduationPaper\Project\SER_GraduationPaper\src\$RVNS6MQ\Actor_14\03-01-03-02-02-01-14.wav,happy,angry,0,0.48939400911331177,0.0004503534291870892,0.00020573781512212008,0.20860257744789124,0.015233114361763,0.48939400911331177,0.1542932689189911,0.008950660936534405,0.12287022173404694
139,799,03-01-03-02-02-02-14.wav,C:\Users\hik88\Desktop\BIT_Uni\GraduationPaper\Project\SER_GraduationPaper\src\$RVNS6MQ\Actor_14\03-01-03-02-02-02-14.wav,happy,fearful,0,0.38811179995536804,0.0002710566914174706,0.0005234699347056448,0.20437851548194885,0.054297417402267456,0.13528844714164734,0.38811179995536804,0.019178984686732292,0.1979503631591797
140,800,03-01-04-01-01-01-14.wav,C:\Users\hik88\Desktop\BIT_Uni\GraduationPaper\Project\SER_GraduationPaper\src\$RVNS6MQ\Actor_14\03-01-04-01-01-01-14.wav,sad,sad,1,0.36910364031791687,0.013724582269787788,0.06466197222471237,0.041390109807252884,0.36910364031791687,0.09700227528810501,0.04566106200218201,0.14799898862838745,0.2204573005437851
141,801,03-01-04-01-01-02-14.wav,C:\Users\hik88\Desktop\BIT_Uni\GraduationPaper\Project\SER_GraduationPaper\src\$RVNS6MQ\Actor_14\03-01-04-01-01-02-14.wav,sad,sad,1,0.3152579069137573,0.035842325538396835,0.10568419098854065,0.05401357263326645,0.3152579069137573,0.04161433130502701,0.04184344783425331,0.11703349649906158,0.2887108027935028
142,802,03-01-04-01-02-01-14.wav,C:\Users\hik88\Desktop\BIT_Uni\GraduationPaper\Project\SER_GraduationPaper\src\$RVNS6MQ\Actor_14\03-01-04-01-02-01-14.wav,sad,sad,1,0.32706689834594727,0.006436580792069435,0.03830834850668907,0.07469606399536133,0.32706689834594727,0.1349065601825714,0.07730696350336075,0.13093996047973633,0.21033862233161926
143,803,03-01-04-01-02-02-14.wav,C:\Users\hik88\Desktop\BIT_Uni\GraduationPaper\Project\SER_GraduationPaper\src\$RVNS6MQ\Actor_14\03-01-04-01-02-02-14.wav,sad,sad,1,0.3692183494567871,0.012671115808188915,0.03205502778291702,0.05906553938984871,0.3692183494567871,0.10067281872034073,0.055695541203022,0.10890259593725204,0.2617189288139343
144,804,03-01-04-02-01-01-14.wav,C:\Users\hik88\Desktop\BIT_Uni\GraduationPaper\Project\SER_GraduationPaper\src\$RVNS6MQ\Actor_14\03-01-04-02-01-01-14.wav,sad,angry,0,0.4596925675868988,0.005888361483812332,0.009330286644399166,0.08808810263872147,0.05466706305742264,0.4596925675868988,0.03771666809916496,0.11045926064252853,0.23415766656398773
145,805,03-01-04-02-01-02-14.wav,C:\Users\hik88\Desktop\BIT_Uni\GraduationPaper\Project\SER_GraduationPaper\src\$RVNS6MQ\Actor_14\03-01-04-02-01-02-14.wav,sad,surprised,0,0.6039741039276123,0.004239801317453384,0.007533213123679161,0.07422487437725067,0.07170604914426804,0.11580648273229599,0.06265869736671448,0.059856854379177094,0.6039741039276123
146,806,03-01-04-02-02-01-14.wav,C:\Users\hik88\Desktop\BIT_Uni\GraduationPaper\Project\SER_GraduationPaper\src\$RVNS6MQ\Actor_14\03-01-04-02-02-01-14.wav,sad,surprised,0,0.6047999262809753,0.003000236116349697,0.0029184608720242977,0.09539614617824554,0.05928947404026985,0.14833448827266693,0.0557217076420784,0.03053954243659973,0.6047999262809753
147,807,03-01-04-02-02-02-14.wav,C:\Users\hik88\Desktop\BIT_Uni\GraduationPaper\Project\SER_GraduationPaper\src\$RVNS6MQ\Actor_14\03-01-04-02-02-02-14.wav,sad,angry,0,0.48214858770370483,0.0016442682826891541,0.00192513398360461,0.19479581713676453,0.058378465473651886,0.48214858770370483,0.06641001999378204,0.03099329210817814,0.163704514503479
148,808,03-01-05-01-01-01-14.wav,C:\Users\hik88\Desktop\BIT_Uni\GraduationPaper\Project\SER_GraduationPaper\src\$RVNS6MQ\Actor_14\03-01-05-01-01-01-14.wav,angry,angry,1,0.42195695638656616,0.010090458206832409,0.01139296218752861,0.0786353126168251,0.09435667097568512,0.42195695638656616,0.049132104963064194,0.09038309752941132,0.2440524697303772
149,809,03-01-05-01-01-02-14.wav,C:\Users\hik88\Desktop\BIT_Uni\GraduationPaper\Project\SER_GraduationPaper\src\$RVNS6MQ\Actor_14\03-01-05-01-01-02-14.wav,angry,surprised,0,0.44794246554374695,0.006793417036533356,0.005829459056258202,0.09919963777065277,0.0536404587328434,0.27148860692977905,0.06663676351308823,0.04846922308206558,0.44794246554374695
150,810,03-01-05-01-02-01-14.wav,C:\Users\hik88\Desktop\BIT_Uni\GraduationPaper\Project\SER_GraduationPaper\src\$RVNS6MQ\Actor_14\03-01-05-01-02-01-14.wav,angry,angry,1,0.386277437210083,0.0025572655722498894,0.0028887693770229816,0.10294895619153976,0.041836608201265335,0.386277437210083,0.048673149198293686,0.04546462744474411,0.36935320496559143
151,811,03-01-05-01-02-02-14.wav,C:\Users\hik88\Desktop\BIT_Uni\GraduationPaper\Project\SER_GraduationPaper\src\$RVNS6MQ\Actor_14\03-01-05-01-02-02-14.wav,angry,angry,1,0.4071480333805084,0.0009518364095129073,0.001470964401960373,0.1113244816660881,0.04240882769227028,0.4071480333805084,0.06035655364394188,0.04267657920718193,0.33366265892982483
152,812,03-01-05-02-01-01-14.wav,C:\Users\hik88\Desktop\BIT_Uni\GraduationPaper\Project\SER_GraduationPaper\src\$RVNS6MQ\Actor_14\03-01-05-02-01-01-14.wav,angry,angry,1,0.5994148254394531,0.00045627212966792285,0.0013584072003141046,0.09888483583927155,0.021801365539431572,0.5994148254394531,0.04832238331437111,0.04143870994448662,0.18832319974899292
153,813,03-01-05-02-01-02-14.wav,C:\Users\hik88\Desktop\BIT_Uni\GraduationPaper\Project\SER_GraduationPaper\src\$RVNS6MQ\Actor_14\03-01-05-02-01-02-14.wav,angry,angry,1,0.5855783820152283,0.00037820887519046664,0.001230544177815318,0.10454505681991577,0.033469073474407196,0.5855783820152283,0.07802344858646393,0.04157914221286774,0.15519611537456512
154,814,03-01-05-02-02-01-14.wav,C:\Users\hik88\Desktop\BIT_Uni\GraduationPaper\Project\SER_GraduationPaper\src\$RVNS6MQ\Actor_14\03-01-05-02-02-01-14.wav,angry,angry,1,0.6717647314071655,0.0005256767617538571,0.00046823598677292466,0.08379703760147095,0.010995243676006794,0.6717647314071655,0.05014374852180481,0.035029832273721695,0.14727547764778137
155,815,03-01-05-02-02-02-14.wav,C:\Users\hik88\Desktop\BIT_Uni\GraduationPaper\Project\SER_GraduationPaper\src\$RVNS6MQ\Actor_14\03-01-05-02-02-02-14.wav,angry,angry,1,0.7290698885917664,0.00019084560335613787,0.000552527082618326,0.06418688595294952,0.01710589788854122,0.7290698885917664,0.038159266114234924,0.03761962056159973,0.11311503499746323
156,816,03-01-06-01-01-01-14.wav,C:\Users\hik88\Desktop\BIT_Uni\GraduationPaper\Project\SER_GraduationPaper\src\$RVNS6MQ\Actor_14\03-01-06-01-01-01-14.wav,fearful,sad,0,0.35734274983406067,0.005057085771113634,0.060577262192964554,0.03649309277534485,0.35734274983406067,0.03383101522922516,0.08477220684289932,0.1282632201910019,0.2936633825302124
157,817,03-01-06-01-01-02-14.wav,C:\Users\hik88\Desktop\BIT_Uni\GraduationPaper\Project\SER_GraduationPaper\src\$RVNS6MQ\Actor_14\03-01-06-01-01-02-14.wav,fearful,surprised,0,0.32062792778015137,0.003875328693538904,0.029827458783984184,0.08660183101892471,0.19307687878608704,0.11963919550180435,0.15687915682792664,0.08947224169969559,0.32062792778015137
158,818,03-01-06-01-02-01-14.wav,C:\Users\hik88\Desktop\BIT_Uni\GraduationPaper\Project\SER_GraduationPaper\src\$RVNS6MQ\Actor_14\03-01-06-01-02-01-14.wav,fearful,surprised,0,0.583612322807312,0.009492314420640469,0.010639109648764133,0.09298709034919739,0.1425515115261078,0.06526260077953339,0.06270131468772888,0.03275376558303833,0.583612322807312
159,819,03-01-06-01-02-02-14.wav,C:\Users\hik88\Desktop\BIT_Uni\GraduationPaper\Project\SER_GraduationPaper\src\$RVNS6MQ\Actor_14\03-01-06-01-02-02-14.wav,fearful,sad,0,0.28584980964660645,0.017247339710593224,0.029605930671095848,0.12952473759651184,0.28584980964660645,0.06242381036281586,0.2137129306793213,0.04541105031967163,0.21622443199157715
160,820,03-01-06-02-01-01-14.wav,C:\Users\hik88\Desktop\BIT_Uni\GraduationPaper\Project\SER_GraduationPaper\src\$RVNS6MQ\Actor_14\03-01-06-02-01-01-14.wav,fearful,angry,0,0.27574053406715393,0.0009250823059119284,0.0012387969763949513,0.22463253140449524,0.03345330059528351,0.27574053406715393,0.2725141644477844,0.017540862783789635,0.17395471036434174
161,821,03-01-06-02-01-02-14.wav,C:\Users\hik88\Desktop\BIT_Uni\GraduationPaper\Project\SER_GraduationPaper\src\$RVNS6MQ\Actor_14\03-01-06-02-01-02-14.wav,fearful,angry,0,0.28534936904907227,0.000549979624338448,0.00039103374001570046,0.2059531956911087,0.016542308032512665,0.28534936904907227,0.2784746289253235,0.010834039188921452,0.20190542936325073
162,822,03-01-06-02-02-01-14.wav,C:\Users\hik88\Desktop\BIT_Uni\GraduationPaper\Project\SER_GraduationPaper\src\$RVNS6MQ\Actor_14\03-01-06-02-02-01-14.wav,fearful,surprised,0,0.31420397758483887,0.0006974919233471155,0.0009083026670850813,0.20903518795967102,0.029759803786873817,0.22276514768600464,0.20447567105293274,0.018154380843043327,0.31420397758483887
163,823,03-01-06-02-02-02-14.wav,C:\Users\hik88\Desktop\BIT_Uni\GraduationPaper\Project\SER_GraduationPaper\src\$RVNS6MQ\Actor_14\03-01-06-02-02-02-14.wav,fearful,fearful,1,0.4065389633178711,0.00024605108774267137,0.0006157615571282804,0.21217069029808044,0.03058174066245556,0.10540304332971573,0.4065389633178711,0.019709771499037743,0.22473393380641937
164,824,03-01-07-01-01-01-14.wav,C:\Users\hik88\Desktop\BIT_Uni\GraduationPaper\Project\SER_GraduationPaper\src\$RVNS6MQ\Actor_14\03-01-07-01-01-01-14.wav,disgust,disgust,1,0.3147309720516205,0.005873166956007481,0.05307421088218689,0.07156015932559967,0.18282394111156464,0.11268465965986252,0.0758267268538475,0.3147309720516205,0.1834261268377304
165,825,03-01-07-01-01-02-14.wav,C:\Users\hik88\Desktop\BIT_Uni\GraduationPaper\Project\SER_GraduationPaper\src\$RVNS6MQ\Actor_14\03-01-07-01-01-02-14.wav,disgust,surprised,0,0.5988016724586487,0.010635686106979847,0.021152636036276817,0.07917997986078262,0.118077851831913,0.0730055719614029,0.04121794179081917,0.05792863667011261,0.5988016724586487
166,826,03-01-07-01-02-01-14.wav,C:\Users\hik88\Desktop\BIT_Uni\GraduationPaper\Project\SER_GraduationPaper\src\$RVNS6MQ\Actor_14\03-01-07-01-02-01-14.wav,disgust,surprised,0,0.36044976115226746,0.017336204648017883,0.08290883898735046,0.04672727733850479,0.14884907007217407,0.08233028650283813,0.04490859434008598,0.2164900153875351,0.36044976115226746
167,827,03-01-07-01-02-02-14.wav,C:\Users\hik88\Desktop\BIT_Uni\GraduationPaper\Project\SER_GraduationPaper\src\$RVNS6MQ\Actor_14\03-01-07-01-02-02-14.wav,disgust,surprised,0,0.5675927400588989,0.0020360450726002455,0.008382215164601803,0.0603238120675087,0.09919272363185883,0.1403408646583557,0.04348619282245636,0.07864538580179214,0.5675927400588989
168,828,03-01-07-02-01-01-14.wav,C:\Users\hik88\Desktop\BIT_Uni\GraduationPaper\Project\SER_GraduationPaper\src\$RVNS6MQ\Actor_14\03-01-07-02-01-01-14.wav,disgust,fearful,0,0.2996240258216858,0.0010218658717349172,0.019271627068519592,0.2700004577636719,0.24174590408802032,0.08732715994119644,0.2996240258216858,0.06911676377058029,0.011892234906554222
169,829,03-01-07-02-01-02-14.wav,C:\Users\hik88\Desktop\BIT_Uni\GraduationPaper\Project\SER_GraduationPaper\src\$RVNS6MQ\Actor_14\03-01-07-02-01-02-14.wav,disgust,fearful,0,0.2675848603248596,0.0017900476232171059,0.022893760353326797,0.10974635183811188,0.1378706991672516,0.08650824427604675,0.2675848603248596,0.16808860003948212,0.2055174708366394
170,830,03-01-07-02-02-01-14.wav,C:\Users\hik88\Desktop\BIT_Uni\GraduationPaper\Project\SER_GraduationPaper\src\$RVNS6MQ\Actor_14\03-01-07-02-02-01-14.wav,disgust,surprised,0,0.3918992877006531,0.0015374301001429558,0.03528037294745445,0.028986357152462006,0.17056597769260406,0.03479332476854324,0.07418877631425858,0.26274847984313965,0.3918992877006531
171,831,03-01-07-02-02-02-14.wav,C:\Users\hik88\Desktop\BIT_Uni\GraduationPaper\Project\SER_GraduationPaper\src\$RVNS6MQ\Actor_14\03-01-07-02-02-02-14.wav,disgust,surprised,0,0.45887893438339233,0.01367953047156334,0.03219102695584297,0.12133911997079849,0.1054525300860405,0.1323886215686798,0.057131651788949966,0.0789385512471199,0.45887893438339233
172,832,03-01-08-01-01-01-14.wav,C:\Users\hik88\Desktop\BIT_Uni\GraduationPaper\Project\SER_GraduationPaper\src\$RVNS6MQ\Actor_14\03-01-08-01-01-01-14.wav,surprised,surprised,1,0.5954347848892212,0.008027268573641777,0.023527514189481735,0.05290471389889717,0.10450109094381332,0.061042144894599915,0.0648975819349289,0.08966492861509323,0.5954347848892212
173,833,03-01-08-01-01-02-14.wav,C:\Users\hik88\Desktop\BIT_Uni\GraduationPaper\Project\SER_GraduationPaper\src\$RVNS6MQ\Actor_14\03-01-08-01-01-02-14.wav,surprised,surprised,1,0.5955713987350464,0.00870686024427414,0.01947670616209507,0.06719115376472473,0.10736840218305588,0.06206934526562691,0.07286331802606583,0.0667528510093689,0.5955713987350464
174,834,03-01-08-01-02-01-14.wav,C:\Users\hik88\Desktop\BIT_Uni\GraduationPaper\Project\SER_GraduationPaper\src\$RVNS6MQ\Actor_14\03-01-08-01-02-01-14.wav,surprised,surprised,1,0.7186183333396912,0.006214000750333071,0.007327795960009098,0.04621642082929611,0.08345918357372284,0.032740917056798935,0.07670444995164871,0.028718871995806694,0.7186183333396912
175,835,03-01-08-01-02-02-14.wav,C:\Users\hik88\Desktop\BIT_Uni\GraduationPaper\Project\SER_GraduationPaper\src\$RVNS6MQ\Actor_14\03-01-08-01-02-02-14.wav,surprised,surprised,1,0.7572975754737854,0.006089567206799984,0.009002749808132648,0.05055014789104462,0.06321945041418076,0.024715395644307137,0.06429287791252136,0.024832244962453842,0.7572975754737854
176,836,03-01-08-02-01-01-14.wav,C:\Users\hik88\Desktop\BIT_Uni\GraduationPaper\Project\SER_GraduationPaper\src\$RVNS6MQ\Actor_14\03-01-08-02-01-01-14.wav,surprised,surprised,1,0.36544543504714966,0.0038011129945516586,0.013802548870444298,0.03439274802803993,0.07297201454639435,0.2631511688232422,0.027414225041866302,0.21902067959308624,0.36544543504714966
177,837,03-01-08-02-01-02-14.wav,C:\Users\hik88\Desktop\BIT_Uni\GraduationPaper\Project\SER_GraduationPaper\src\$RVNS6MQ\Actor_14\03-01-08-02-01-02-14.wav,surprised,surprised,1,0.7091856002807617,0.0038286945782601833,0.006726996507495642,0.06677073985338211,0.051110442727804184,0.06798656284809113,0.05562251806259155,0.038768503814935684,0.7091856002807617
178,838,03-01-08-02-02-01-14.wav,C:\Users\hik88\Desktop\BIT_Uni\GraduationPaper\Project\SER_GraduationPaper\src\$RVNS6MQ\Actor_14\03-01-08-02-02-01-14.wav,surprised,surprised,1,0.724360466003418,0.002575373277068138,0.007059959229081869,0.04082196578383446,0.05623984709382057,0.05547836050391197,0.05667584761977196,0.056788139045238495,0.724360466003418
179,839,03-01-08-02-02-02-14.wav,C:\Users\hik88\Desktop\BIT_Uni\GraduationPaper\Project\SER_GraduationPaper\src\$RVNS6MQ\Actor_14\03-01-08-02-02-02-14.wav,surprised,surprised,1,0.6082961559295654,0.0026946719735860825,0.008006645366549492,0.03993692249059677,0.06445569545030594,0.10288367420434952,0.0654706358909607,0.10825559496879578,0.6082961559295654
180,1080,03-01-01-01-01-01-19.wav,C:\Users\hik88\Desktop\BIT_Uni\GraduationPaper\Project\SER_GraduationPaper\src\$RVNS6MQ\Actor_19\03-01-01-01-01-01-19.wav,neutral,calm,0,0.5746981501579285,0.04155813530087471,0.5746981501579285,0.013856744393706322,0.35984086990356445,0.0005363656091503799,0.003206877736374736,0.005308027379214764,0.0009947950020432472
181,1081,03-01-01-01-01-02-19.wav,C:\Users\hik88\Desktop\BIT_Uni\GraduationPaper\Project\SER_GraduationPaper\src\$RVNS6MQ\Actor_19\03-01-01-01-01-02-19.wav,neutral,calm,0,0.5044016242027283,0.022994274273514748,0.5044016242027283,0.013049730099737644,0.44904133677482605,0.0006076233694329858,0.0034260940738022327,0.005685820709913969,0.0007935513276606798
182,1082,03-01-01-01-02-01-19.wav,C:\Users\hik88\Desktop\BIT_Uni\GraduationPaper\Project\SER_GraduationPaper\src\$RVNS6MQ\Actor_19\03-01-01-01-02-01-19.wav,neutral,calm,0,0.6071649193763733,0.06205529719591141,0.6071649193763733,0.015418857336044312,0.30566704273223877,0.0010883068898692727,0.00337909790687263,0.004867785144597292,0.00035872007720172405
183,1083,03-01-01-01-02-02-19.wav,C:\Users\hik88\Desktop\BIT_Uni\GraduationPaper\Project\SER_GraduationPaper\src\$RVNS6MQ\Actor_19\03-01-01-01-02-02-19.wav,neutral,calm,0,0.6172511577606201,0.10131298750638962,0.6172511577606201,0.01700010895729065,0.2534477710723877,0.0015413503861054778,0.0036846923176199198,0.005186876747757196,0.0005751166609115899
184,1084,03-01-02-01-01-01-19.wav,C:\Users\hik88\Desktop\BIT_Uni\GraduationPaper\Project\SER_GraduationPaper\src\$RVNS6MQ\Actor_19\03-01-02-01-01-01-19.wav,calm,calm,1,0.8391433358192444,0.00716360192745924,0.8391433358192444,0.001277916831895709,0.14984655380249023,7.12254477548413e-05,0.0003360355622135103,0.00211666920222342,4.461686694412492e-05
185,1085,03-01-02-01-01-02-19.wav,C:\Users\hik88\Desktop\BIT_Uni\GraduationPaper\Project\SER_GraduationPaper\src\$RVNS6MQ\Actor_19\03-01-02-01-01-02-19.wav,calm,calm,1,0.8831629753112793,0.006775482092052698,0.8831629753112793,0.0006716849748045206,0.10873229056596756,1.4826227015873883e-05,9.294722985941917e-05,0.0005461478722281754,3.596919668780174e-06
186,1086,03-01-02-01-02-01-19.wav,C:\Users\hik88\Desktop\BIT_Uni\GraduationPaper\Project\SER_GraduationPaper\src\$RVNS6MQ\Actor_19\03-01-02-01-02-01-19.wav,calm,calm,1,0.6021362543106079,0.04207626357674599,0.6021362543106079,0.009396686218678951,0.33150508999824524,0.0014859169023111463,0.003691763849928975,0.009141639806330204,0.0005664295167662203
187,1087,03-01-02-01-02-02-19.wav,C:\Users\hik88\Desktop\BIT_Uni\GraduationPaper\Project\SER_GraduationPaper\src\$RVNS6MQ\Actor_19\03-01-02-01-02-02-19.wav,calm,calm,1,0.8252626061439514,0.012283788062632084,0.8252626061439514,0.0016104758251458406,0.15230660140514374,0.00026700127637013793,0.0012096130521968007,0.00689309136942029,0.00016684900037944317
188,1088,03-01-02-02-01-01-19.wav,C:\Users\hik88\Desktop\BIT_Uni\GraduationPaper\Project\SER_GraduationPaper\src\$RVNS6MQ\Actor_19\03-01-02-02-01-01-19.wav,calm,calm,1,0.9722506999969482,0.00011070039181504399,0.9722506999969482,0.00014225792256183922,0.02720889262855053,2.1282007764966693e-06,3.7936766602797434e-05,0.0002475723158568144,4.72699888121042e-08
189,1089,03-01-02-02-01-02-19.wav,C:\Users\hik88\Desktop\BIT_Uni\GraduationPaper\Project\SER_GraduationPaper\src\$RVNS6MQ\Actor_19\03-01-02-02-01-02-19.wav,calm,calm,1,0.9723274111747742,0.0007811494870111346,0.9723274111747742,0.00022020519827492535,0.026418250054121017,4.131927653361345e-06,3.87974941986613e-05,0.0002099399862345308,1.2809351801479352e-07
190,1090,03-01-02-02-02-01-19.wav,C:\Users\hik88\Desktop\BIT_Uni\GraduationPaper\Project\SER_GraduationPaper\src\$RVNS6MQ\Actor_19\03-01-02-02-02-01-19.wav,calm,calm,1,0.9405033588409424,0.000704822363331914,0.9405033588409424,0.00037783689913339913,0.044016264379024506,0.0002360428188694641,0.0005174154648557305,0.013635137118399143,9.09865957510192e-06
191,1091,03-01-02-02-02-02-19.wav,C:\Users\hik88\Desktop\BIT_Uni\GraduationPaper\Project\SER_GraduationPaper\src\$RVNS6MQ\Actor_19\03-01-02-02-02-02-19.wav,calm,calm,1,0.9792196750640869,0.0005863953847438097,0.9792196750640869,0.00013446765660773963,0.019516943022608757,5.904238605580758e-06,3.0698589398525655e-05,0.0005055357469245791,3.0324073918563954e-07
192,1092,03-01-03-01-01-01-19.wav,C:\Users\hik88\Desktop\BIT_Uni\GraduationPaper\Project\SER_GraduationPaper\src\$RVNS6MQ\Actor_19\03-01-03-01-01-01-19.wav,happy,calm,0,0.6649436950683594,0.007662872783839703,0.6649436950683594,0.007860502228140831,0.28938883543014526,0.0006709694280289114,0.0034822116140276194,0.025204597041010857,0.0007863432983867824
193,1093,03-01-03-01-01-02-19.wav,C:\Users\hik88\Desktop\BIT_Uni\GraduationPaper\Project\SER_GraduationPaper\src\$RVNS6MQ\Actor_19\03-01-03-01-01-02-19.wav,happy,sad,0,0.6239750981330872,0.0030821620021015406,0.1496603637933731,0.02156679891049862,0.6239750981330872,0.00974868144840002,0.015470481477677822,0.13938987255096436,0.037106581032276154
194,1094,03-01-03-01-02-01-19.wav,C:\Users\hik88\Desktop\BIT_Uni\GraduationPaper\Project\SER_GraduationPaper\src\$RVNS6MQ\Actor_19\03-01-03-01-02-01-19.wav,happy,sad,0,0.6205061674118042,0.00640824344009161,0.1792846918106079,0.027674663811922073,0.6205061674118042,0.007801977917551994,0.02633211575448513,0.09777263551950455,0.034219417721033096
195,1095,03-01-03-01-02-02-19.wav,C:\Users\hik88\Desktop\BIT_Uni\GraduationPaper\Project\SER_GraduationPaper\src\$RVNS6MQ\Actor_19\03-01-03-01-02-02-19.wav,happy,sad,0,0.5315403938293457,0.01996387355029583,0.30302533507347107,0.04183271899819374,0.5315403938293457,0.007458626292645931,0.022743169218301773,0.06719417124986649,0.006241637282073498
196,1096,03-01-03-02-01-01-19.wav,C:\Users\hik88\Desktop\BIT_Uni\GraduationPaper\Project\SER_GraduationPaper\src\$RVNS6MQ\Actor_19\03-01-03-02-01-01-19.wav,happy,sad,0,0.5164875388145447,0.015451138839125633,0.24239005148410797,0.06542094051837921,0.5164875388145447,0.06724811345338821,0.02560349367558956,0.06029099225997925,0.007107747718691826
197,1097,03-01-03-02-01-02-19.wav,C:\Users\hik88\Desktop\BIT_Uni\GraduationPaper\Project\SER_GraduationPaper\src\$RVNS6MQ\Actor_19\03-01-03-02-01-02-19.wav,happy,happy,1,0.5323222875595093,0.0006328827003017068,0.005015527363866568,0.5323222875595093,0.3714338541030884,0.027465419843792915,0.059030525386333466,0.0040281470865011215,7.13299959897995e-05
198,1098,03-01-03-02-02-01-19.wav,C:\Users\hik88\Desktop\BIT_Uni\GraduationPaper\Project\SER_GraduationPaper\src\$RVNS6MQ\Actor_19\03-01-03-02-02-01-19.wav,happy,sad,0,0.32476872205734253,0.0006424991879612207,0.014911702834069729,0.22825340926647186,0.32476872205734253,0.21834434568881989,0.07963202893733978,0.13018210232257843,0.0032652104273438454
199,1099,03-01-03-02-02-02-19.wav,C:\Users\hik88\Desktop\BIT_Uni\GraduationPaper\Project\SER_GraduationPaper\src\$RVNS6MQ\Actor_19\03-01-03-02-02-02-19.wav,happy,calm,0,0.3568933606147766,0.012842935509979725,0.3568933606147766,0.041524533182382584,0.2628679871559143,0.0679563507437706,0.013246324844658375,0.23252011835575104,0.012148374691605568
200,1100,03-01-04-01-01-01-19.wav,C:\Users\hik88\Desktop\BIT_Uni\GraduationPaper\Project\SER_GraduationPaper\src\$RVNS6MQ\Actor_19\03-01-04-01-01-01-19.wav,sad,calm,0,0.7913744449615479,0.026813844218850136,0.7913744449615479,0.005310931243002415,0.16948345303535461,0.0004388405941426754,0.001251366687938571,0.004996188450604677,0.00033081858418881893
201,1101,03-01-04-01-01-02-19.wav,C:\Users\hik88\Desktop\BIT_Uni\GraduationPaper\Project\SER_GraduationPaper\src\$RVNS6MQ\Actor_19\03-01-04-01-01-02-19.wav,sad,calm,0,0.7002612948417664,0.008951345458626747,0.7002612948417664,0.003822465194389224,0.2586252987384796,0.0012084535555914044,0.0018350256141275167,0.023762838914990425,0.0015334005001932383
202,1102,03-01-04-01-02-01-19.wav,C:\Users\hik88\Desktop\BIT_Uni\GraduationPaper\Project\SER_GraduationPaper\src\$RVNS6MQ\Actor_19\03-01-04-01-02-01-19.wav,sad,calm,0,0.6069634556770325,0.015239007771015167,0.6069634556770325,0.005681665614247322,0.35355454683303833,0.0002895353827625513,0.005164734553545713,0.01139663066715002,0.0017104677390307188
203,1103,03-01-04-01-02-02-19.wav,C:\Users\hik88\Desktop\BIT_Uni\GraduationPaper\Project\SER_GraduationPaper\src\$RVNS6MQ\Actor_19\03-01-04-01-02-02-19.wav,sad,calm,0,0.9171933531761169,0.01505558006465435,0.9171933531761169,0.001103775342926383,0.06296539306640625,0.00014842265227343887,0.00027077776030637324,0.0032147744204849005,4.793941116076894e-05
204,1104,03-01-04-02-01-01-19.wav,C:\Users\hik88\Desktop\BIT_Uni\GraduationPaper\Project\SER_GraduationPaper\src\$RVNS6MQ\Actor_19\03-01-04-02-01-01-19.wav,sad,disgust,0,0.2608911991119385,0.00783846341073513,0.042508888989686966,0.0462818518280983,0.1909811943769455,0.20998066663742065,0.022872524335980415,0.2608911991119385,0.21864520013332367
205,1105,03-01-04-02-01-02-19.wav,C:\Users\hik88\Desktop\BIT_Uni\GraduationPaper\Project\SER_GraduationPaper\src\$RVNS6MQ\Actor_19\03-01-04-02-01-02-19.wav,sad,sad,1,0.41288408637046814,0.010546141304075718,0.03523636981844902,0.06249644607305527,0.41288408637046814,0.1277669221162796,0.017748242244124413,0.17545121908187866,0.1578705608844757
206,1106,03-01-04-02-02-01-19.wav,C:\Users\hik88\Desktop\BIT_Uni\GraduationPaper\Project\SER_GraduationPaper\src\$RVNS6MQ\Actor_19\03-01-04-02-02-01-19.wav,sad,sad,1,0.8158445358276367,0.007633490953594446,0.07278791069984436,0.051763009279966354,0.8158445358276367,0.005288568325340748,0.018373504281044006,0.014414188452064991,0.013894840143620968
207,1107,03-01-04-02-02-02-19.wav,C:\Users\hik88\Desktop\BIT_Uni\GraduationPaper\Project\SER_GraduationPaper\src\$RVNS6MQ\Actor_19\03-01-04-02-02-02-19.wav,sad,sad,1,0.6026877760887146,0.006948729045689106,0.048855166882276535,0.2112170159816742,0.6026877760887146,0.040599722415208817,0.030154742300510406,0.036483392119407654,0.02305346541106701
208,1108,03-01-05-01-01-01-19.wav,C:\Users\hik88\Desktop\BIT_Uni\GraduationPaper\Project\SER_GraduationPaper\src\$RVNS6MQ\Actor_19\03-01-05-01-01-01-19.wav,angry,angry,1,0.6542244553565979,0.0028213912155479193,0.0065009500831365585,0.038612063974142075,0.044788461178541183,0.6542244553565979,0.02784808538854122,0.12680554389953613,0.09839903563261032
209,1109,03-01-05-01-01-02-19.wav,C:\Users\hik88\Desktop\BIT_Uni\GraduationPaper\Project\SER_GraduationPaper\src\$RVNS6MQ\Actor_19\03-01-05-01-01-02-19.wav,angry,sad,0,0.3971577286720276,0.026971517130732536,0.05175435543060303,0.060968607664108276,0.3971577286720276,0.2910175323486328,0.02186569944024086,0.13462534546852112,0.015639327466487885
210,1110,03-01-05-01-02-01-19.wav,C:\Users\hik88\Desktop\BIT_Uni\GraduationPaper\Project\SER_GraduationPaper\src\$RVNS6MQ\Actor_19\03-01-05-01-02-01-19.wav,angry,sad,0,0.45594796538352966,0.03816481679677963,0.09481377899646759,0.05653626099228859,0.45594796538352966,0.1264135092496872,0.049379684031009674,0.10522816330194473,0.07351594418287277
211,1111,03-01-05-01-02-02-19.wav,C:\Users\hik88\Desktop\BIT_Uni\GraduationPaper\Project\SER_GraduationPaper\src\$RVNS6MQ\Actor_19\03-01-05-01-02-02-19.wav,angry,sad,0,0.37501370906829834,0.012927599251270294,0.03204859420657158,0.07807077467441559,0.37501370906829834,0.28017622232437134,0.03506717458367348,0.10751289129257202,0.07918316125869751
212,1112,03-01-05-02-01-01-19.wav,C:\Users\hik88\Desktop\BIT_Uni\GraduationPaper\Project\SER_GraduationPaper\src\$RVNS6MQ\Actor_19\03-01-05-02-01-01-19.wav,angry,angry,1,0.7583727836608887,0.00046906821080483496,0.00035592279164120555,0.06750073283910751,0.006370906718075275,0.7583727836608887,0.025721658021211624,0.020363962277770042,0.12084496021270752
213,1113,03-01-05-02-01-02-19.wav,C:\Users\hik88\Desktop\BIT_Uni\GraduationPaper\Project\SER_GraduationPaper\src\$RVNS6MQ\Actor_19\03-01-05-02-01-02-19.wav,angry,angry,1,0.7888369560241699,0.00012859571143053472,0.0007068549748510122,0.10584410279989243,0.017208745703101158,0.7888369560241699,0.04149758815765381,0.030491335317492485,0.015285923145711422
214,1114,03-01-05-02-02-01-19.wav,C:\Users\hik88\Desktop\BIT_Uni\GraduationPaper\Project\SER_GraduationPaper\src\$RVNS6MQ\Actor_19\03-01-05-02-02-01-19.wav,angry,angry,1,0.7177838087081909,0.00011869188892887905,0.0005100757698528469,0.18333695828914642,0.015485181473195553,0.7177838087081909,0.05611488223075867,0.016548776999115944,0.010101620107889175
215,1115,03-01-05-02-02-02-19.wav,C:\Users\hik88\Desktop\BIT_Uni\GraduationPaper\Project\SER_GraduationPaper\src\$RVNS6MQ\Actor_19\03-01-05-02-02-02-19.wav,angry,angry,1,0.8393048644065857,0.0003762403503060341,0.0008117178804241121,0.07893266528844833,0.01099022850394249,0.8393048644065857,0.01656433939933777,0.035260505974292755,0.017759468406438828
216,1116,03-01-06-01-01-01-19.wav,C:\Users\hik88\Desktop\BIT_Uni\GraduationPaper\Project\SER_GraduationPaper\src\$RVNS6MQ\Actor_19\03-01-06-01-01-01-19.wav,fearful,sad,0,0.3348512649536133,0.008710954338312149,0.24879013001918793,0.05929380655288696,0.3348512649536133,0.028803005814552307,0.05464890971779823,0.25455203652381897,0.010349924676120281
217,1117,03-01-06-01-01-02-19.wav,C:\Users\hik88\Desktop\BIT_Uni\GraduationPaper\Project\SER_GraduationPaper\src\$RVNS6MQ\Actor_19\03-01-06-01-01-02-19.wav,fearful,sad,0,0.4917077422142029,0.006816416513174772,0.15050050616264343,0.039595868438482285,0.4917077422142029,0.0074797929264605045,0.14339028298854828,0.10697630792856216,0.05353306233882904
218,1118,03-01-06-01-02-01-19.wav,C:\Users\hik88\Desktop\BIT_Uni\GraduationPaper\Project\SER_GraduationPaper\src\$RVNS6MQ\Actor_19\03-01-06-01-02-01-19.wav,fearful,sad,0,0.34673112630844116,0.0005514807999134064,0.15753549337387085,0.01821933127939701,0.34673112630844116,0.0067252120934426785,0.13784708082675934,0.3215159773826599,0.010874379426240921
219,1119,03-01-06-01-02-02-19.wav,C:\Users\hik88\Desktop\BIT_Uni\GraduationPaper\Project\SER_GraduationPaper\src\$RVNS6MQ\Actor_19\03-01-06-01-02-02-19.wav,fearful,sad,0,0.559808611869812,0.01185514871031046,0.09829604625701904,0.07976239174604416,0.559808611869812,0.037948887795209885,0.06927722692489624,0.08113523572683334,0.06191639602184296
220,1120,03-01-06-02-01-01-19.wav,C:\Users\hik88\Desktop\BIT_Uni\GraduationPaper\Project\SER_GraduationPaper\src\$RVNS6MQ\Actor_19\03-01-06-02-01-01-19.wav,fearful,fearful,1,0.40728887915611267,0.00023175137175712734,0.0023108101449906826,0.24598751962184906,0.25137948989868164,0.06410957872867584,0.40728887915611267,0.02292334847152233,0.005768670700490475
221,1121,03-01-06-02-01-02-19.wav,C:\Users\hik88\Desktop\BIT_Uni\GraduationPaper\Project\SER_GraduationPaper\src\$RVNS6MQ\Actor_19\03-01-06-02-01-02-19.wav,fearful,angry,0,0.5849704742431641,0.00019343876920174807,0.00029726349748671055,0.24760030210018158,0.03200896829366684,0.5849704742431641,0.10809636861085892,0.01869373396039009,0.008139467798173428
222,1122,03-01-06-02-02-01-19.wav,C:\Users\hik88\Desktop\BIT_Uni\GraduationPaper\Project\SER_GraduationPaper\src\$RVNS6MQ\Actor_19\03-01-06-02-02-01-19.wav,fearful,fearful,1,0.3428328335285187,0.0012337827356532216,0.0016496056923642755,0.2334178239107132,0.06871245056390762,0.2598296105861664,0.3428328335285187,0.034844983369112015,0.05747893452644348
223,1123,03-01-06-02-02-02-19.wav,C:\Users\hik88\Desktop\BIT_Uni\GraduationPaper\Project\SER_GraduationPaper\src\$RVNS6MQ\Actor_19\03-01-06-02-02-02-19.wav,fearful,fearful,1,0.5401637554168701,2.4985551135614514e-05,0.00017396867042407393,0.18883217871189117,0.050695694983005524,0.2054140567779541,0.5401637554168701,0.010476810857653618,0.004218530375510454
224,1124,03-01-07-01-01-01-19.wav,C:\Users\hik88\Desktop\BIT_Uni\GraduationPaper\Project\SER_GraduationPaper\src\$RVNS6MQ\Actor_19\03-01-07-01-01-01-19.wav,disgust,disgust,1,0.6319667100906372,0.0005390090518631041,0.03594924136996269,0.005396108143031597,0.19779141247272491,0.09499271214008331,0.008661366067826748,0.6319667100906372,0.024703456088900566
225,1125,03-01-07-01-01-02-19.wav,C:\Users\hik88\Desktop\BIT_Uni\GraduationPaper\Project\SER_GraduationPaper\src\$RVNS6MQ\Actor_19\03-01-07-01-01-02-19.wav,disgust,disgust,1,0.6008815169334412,0.000629486283287406,0.17211389541625977,0.0053194244392216206,0.19134360551834106,0.02316659688949585,0.003498980775475502,0.6008815169334412,0.0030465135350823402
226,1126,03-01-07-01-02-01-19.wav,C:\Users\hik88\Desktop\BIT_Uni\GraduationPaper\Project\SER_GraduationPaper\src\$RVNS6MQ\Actor_19\03-01-07-01-02-01-19.wav,disgust,sad,0,0.5554729104042053,0.00043193320743739605,0.038226623088121414,0.014198369346559048,0.5554729104042053,0.09216570854187012,0.022275179624557495,0.26367300748825073,0.013556230813264847
227,1127,03-01-07-01-02-02-19.wav,C:\Users\hik88\Desktop\BIT_Uni\GraduationPaper\Project\SER_GraduationPaper\src\$RVNS6MQ\Actor_19\03-01-07-01-02-02-19.wav,disgust,sad,0,0.32000502943992615,0.009066477417945862,0.10084404051303864,0.10451514273881912,0.32000502943992615,0.16591638326644897,0.04219700023531914,0.217374786734581,0.040081094950437546
228,1128,03-01-07-02-01-01-19.wav,C:\Users\hik88\Desktop\BIT_Uni\GraduationPaper\Project\SER_GraduationPaper\src\$RVNS6MQ\Actor_19\03-01-07-02-01-01-19.wav,disgust,disgust,1,0.7458752989768982,9.703668183647096e-05,0.017557883635163307,0.013983777724206448,0.07307462394237518,0.129033163189888,0.015303608030080795,0.7458752989768982,0.005074701737612486
229,1129,03-01-07-02-01-02-19.wav,C:\Users\hik88\Desktop\BIT_Uni\GraduationPaper\Project\SER_GraduationPaper\src\$RVNS6MQ\Actor_19\03-01-07-02-01-02-19.wav,disgust,disgust,1,0.42941784858703613,3.9560047298436984e-05,0.017804952338337898,0.07047588378190994,0.15473176538944244,0.20914185047149658,0.1161763072013855,0.42941784858703613,0.0022118494380265474
230,1130,03-01-07-02-02-01-19.wav,C:\Users\hik88\Desktop\BIT_Uni\GraduationPaper\Project\SER_GraduationPaper\src\$RVNS6MQ\Actor_19\03-01-07-02-02-01-19.wav,disgust,angry,0,0.7266550660133362,6.916408165125176e-05,0.003492705523967743,0.06081291288137436,0.03275551646947861,0.7266550660133362,0.040186528116464615,0.13136965036392212,0.004658370744436979
231,1131,03-01-07-02-02-02-19.wav,C:\Users\hik88\Desktop\BIT_Uni\GraduationPaper\Project\SER_GraduationPaper\src\$RVNS6MQ\Actor_19\03-01-07-02-02-02-19.wav,disgust,angry,0,0.42872440814971924,0.00011069200991187245,0.009783735498785973,0.024188844487071037,0.07820002734661102,0.42872440814971924,0.03752921149134636,0.41091862320899963,0.010544360615313053
232,1132,03-01-08-01-01-01-19.wav,C:\Users\hik88\Desktop\BIT_Uni\GraduationPaper\Project\SER_GraduationPaper\src\$RVNS6MQ\Actor_19\03-01-08-01-01-01-19.wav,surprised,sad,0,0.577567458152771,0.011152045801281929,0.21741418540477753,0.02289510890841484,0.577567458152771,0.024480856955051422,0.010737488977611065,0.11553125083446503,0.020221691578626633
233,1133,03-01-08-01-01-02-19.wav,C:\Users\hik88\Desktop\BIT_Uni\GraduationPaper\Project\SER_GraduationPaper\src\$RVNS6MQ\Actor_19\03-01-08-01-01-02-19.wav,surprised,sad,0,0.6724902987480164,0.00849220436066389,0.1958240270614624,0.025798996910452843,0.6724902987480164,0.006084236316382885,0.02348637953400612,0.04152199998497963,0.026301953941583633
234,1134,03-01-08-01-02-01-19.wav,C:\Users\hik88\Desktop\BIT_Uni\GraduationPaper\Project\SER_GraduationPaper\src\$RVNS6MQ\Actor_19\03-01-08-01-02-01-19.wav,surprised,sad,0,0.4442208409309387,0.0026434194296598434,0.41000449657440186,0.016672570258378983,0.4442208409309387,0.014584816060960293,0.018750417977571487,0.08875644207000732,0.00436692638322711
235,1135,03-01-08-01-02-02-19.wav,C:\Users\hik88\Desktop\BIT_Uni\GraduationPaper\Project\SER_GraduationPaper\src\$RVNS6MQ\Actor_19\03-01-08-01-02-02-19.wav,surprised,sad,0,0.4714893400669098,0.03283131867647171,0.02554808370769024,0.025940360501408577,0.4714893400669098,0.011859385296702385,0.04354877397418022,0.02539207972586155,0.36339059472084045
236,1136,03-01-08-02-01-01-19.wav,C:\Users\hik88\Desktop\BIT_Uni\GraduationPaper\Project\SER_GraduationPaper\src\$RVNS6MQ\Actor_19\03-01-08-02-01-01-19.wav,surprised,sad,0,0.36198994517326355,0.0030772986356168985,0.15050984919071198,0.05638232082128525,0.36198994517326355,0.09694455564022064,0.018080800771713257,0.2664783000946045,0.046536922454833984
237,1137,03-01-08-02-01-02-19.wav,C:\Users\hik88\Desktop\BIT_Uni\GraduationPaper\Project\SER_GraduationPaper\src\$RVNS6MQ\Actor_19\03-01-08-02-01-02-19.wav,surprised,disgust,0,0.4790181517601013,0.0002988387714140117,0.01955164223909378,0.059130340814590454,0.17031173408031464,0.17934876680374146,0.04356732964515686,0.4790181517601013,0.04877312853932381
238,1138,03-01-08-02-02-01-19.wav,C:\Users\hik88\Desktop\BIT_Uni\GraduationPaper\Project\SER_GraduationPaper\src\$RVNS6MQ\Actor_19\03-01-08-02-02-01-19.wav,surprised,sad,0,0.5223940014839172,0.005709456279873848,0.031726423650979996,0.025236858054995537,0.5223940014839172,0.019955826923251152,0.03809236362576485,0.1528238207101822,0.20406118035316467
239,1139,03-01-08-02-02-02-19.wav,C:\Users\hik88\Desktop\BIT_Uni\GraduationPaper\Project\SER_GraduationPaper\src\$RVNS6MQ\Actor_19\03-01-08-02-02-02-19.wav,surprised,surprised,1,0.6554632186889648,0.013803599402308464,0.018452193588018417,0.028225621208548546,0.16365660727024078,0.029760712757706642,0.019798357039690018,0.07083965837955475,0.6554632186889648
240,1380,03-01-01-01-01-01-24.wav,C:\Users\hik88\Desktop\BIT_Uni\GraduationPaper\Project\SER_GraduationPaper\src\$RVNS6MQ\Actor_24\03-01-01-01-01-01-24.wav,neutral,sad,0,0.43095144629478455,0.05417017638683319,0.2708578407764435,0.08290725201368332,0.43095144629478455,0.018686121329665184,0.03602885082364082,0.06014563888311386,0.04625264182686806
241,1381,03-01-01-01-01-02-24.wav,C:\Users\hik88\Desktop\BIT_Uni\GraduationPaper\Project\SER_GraduationPaper\src\$RVNS6MQ\Actor_24\03-01-01-01-01-02-24.wav,neutral,sad,0,0.2871456742286682,0.04313035309314728,0.07076618820428848,0.23275122046470642,0.2871456742286682,0.059835657477378845,0.08693721890449524,0.05435958877205849,0.16507412493228912
242,1382,03-01-01-01-02-01-24.wav,C:\Users\hik88\Desktop\BIT_Uni\GraduationPaper\Project\SER_GraduationPaper\src\$RVNS6MQ\Actor_24\03-01-01-01-02-01-24.wav,neutral,sad,0,0.3883817493915558,0.06065712869167328,0.2119901180267334,0.11244701594114304,0.3883817493915558,0.061348769813776016,0.043930213898420334,0.07718602567911148,0.044058915227651596
243,1383,03-01-01-01-02-02-24.wav,C:\Users\hik88\Desktop\BIT_Uni\GraduationPaper\Project\SER_GraduationPaper\src\$RVNS6MQ\Actor_24\03-01-01-01-02-02-24.wav,neutral,sad,0,0.45438796281814575,0.08514837175607681,0.1468278020620346,0.13330279290676117,0.45438796281814575,0.054539527744054794,0.04941554367542267,0.044008512049913406,0.032369520515203476
244,1384,03-01-02-01-01-01-24.wav,C:\Users\hik88\Desktop\BIT_Uni\GraduationPaper\Project\SER_GraduationPaper\src\$RVNS6MQ\Actor_24\03-01-02-01-01-01-24.wav,calm,sad,0,0.4223261773586273,0.06051764637231827,0.2931382954120636,0.104606032371521,0.4223261773586273,0.012771992944180965,0.046990130096673965,0.031851258128881454,0.027798494324088097
245,1385,03-01-02-01-01-02-24.wav,C:\Users\hik88\Desktop\BIT_Uni\GraduationPaper\Project\SER_GraduationPaper\src\$RVNS6MQ\Actor_24\03-01-02-01-01-02-24.wav,calm,sad,0,0.39005178213119507,0.045087043195962906,0.36059463024139404,0.08867994695901871,0.39005178213119507,0.006594897713512182,0.04189370200037956,0.032010868191719055,0.0350872203707695
246,1386,03-01-02-01-02-01-24.wav,C:\Users\hik88\Desktop\BIT_Uni\GraduationPaper\Project\SER_GraduationPaper\src\$RVNS6MQ\Actor_24\03-01-02-01-02-01-24.wav,calm,calm,1,0.4546303451061249,0.02098301611840725,0.4546303451061249,0.06227846071124077,0.31896981596946716,0.04928691312670708,0.020095041021704674,0.0704662948846817,0.0032901857048273087
247,1387,03-01-02-01-02-02-24.wav,C:\Users\hik88\Desktop\BIT_Uni\GraduationPaper\Project\SER_GraduationPaper\src\$RVNS6MQ\Actor_24\03-01-02-01-02-02-24.wav,calm,calm,1,0.4421520531177521,0.05142154544591904,0.4421520531177521,0.05411197245121002,0.36071863770484924,0.014820977114140987,0.032204557210206985,0.03681637719273567,0.007753998972475529
248,1388,03-01-02-02-01-01-24.wav,C:\Users\hik88\Desktop\BIT_Uni\GraduationPaper\Project\SER_GraduationPaper\src\$RVNS6MQ\Actor_24\03-01-02-02-01-01-24.wav,calm,sad,0,0.38294553756713867,0.039532728493213654,0.28277894854545593,0.14624008536338806,0.38294553756713867,0.049352578818798065,0.02544158324599266,0.0674266517162323,0.006281941197812557
249,1389,03-01-02-02-01-02-24.wav,C:\Users\hik88\Desktop\BIT_Uni\GraduationPaper\Project\SER_GraduationPaper\src\$RVNS6MQ\Actor_24\03-01-02-02-01-02-24.wav,calm,calm,1,0.5736746788024902,0.020907795056700706,0.5736746788024902,0.05304231867194176,0.2522639334201813,0.014958491548895836,0.0199967622756958,0.05529627576470375,0.009859727695584297
250,1390,03-01-02-02-02-01-24.wav,C:\Users\hik88\Desktop\BIT_Uni\GraduationPaper\Project\SER_GraduationPaper\src\$RVNS6MQ\Actor_24\03-01-02-02-02-01-24.wav,calm,calm,1,0.7063748240470886,0.010061056353151798,0.7063748240470886,0.01595585234463215,0.1996699571609497,0.004148121923208237,0.007524413987994194,0.05421648174524307,0.002049263333901763
251,1391,03-01-02-02-02-02-24.wav,C:\Users\hik88\Desktop\BIT_Uni\GraduationPaper\Project\SER_GraduationPaper\src\$RVNS6MQ\Actor_24\03-01-02-02-02-02-24.wav,calm,calm,1,0.6657646894454956,0.012812557630240917,0.6657646894454956,0.04861316829919815,0.17443938553333282,0.022112425416707993,0.01269454974681139,0.061687763780355453,0.0018754019401967525
252,1392,03-01-03-01-01-01-24.wav,C:\Users\hik88\Desktop\BIT_Uni\GraduationPaper\Project\SER_GraduationPaper\src\$RVNS6MQ\Actor_24\03-01-03-01-01-01-24.wav,happy,sad,0,0.39318832755088806,0.03655949980020523,0.08281247317790985,0.15120691061019897,0.39318832755088806,0.0570143386721611,0.09197026491165161,0.08974999934434891,0.09749813377857208
253,1393,03-01-03-01-01-02-24.wav,C:\Users\hik88\Desktop\BIT_Uni\GraduationPaper\Project\SER_GraduationPaper\src\$RVNS6MQ\Actor_24\03-01-03-01-01-02-24.wav,happy,happy,1,0.3068931996822357,0.05631698668003082,0.10064937174320221,0.3068931996822357,0.24337142705917358,0.14653946459293365,0.05899038538336754,0.06051750108599663,0.02672160416841507
254,1394,03-01-03-01-02-01-24.wav,C:\Users\hik88\Desktop\BIT_Uni\GraduationPaper\Project\SER_GraduationPaper\src\$RVNS6MQ\Actor_24\03-01-03-01-02-01-24.wav,happy,sad,0,0.29094985127449036,0.037455733865499496,0.053519170731306076,0.18148919939994812,0.29094985127449036,0.06776636838912964,0.0990450382232666,0.0777016133069992,0.19207297265529633
255,1395,03-01-03-01-02-02-24.wav,C:\Users\hik88\Desktop\BIT_Uni\GraduationPaper\Project\SER_GraduationPaper\src\$RVNS6MQ\Actor_24\03-01-03-01-02-02-24.wav,happy,happy,1,0.3030431270599365,0.0365583635866642,0.05064757168292999,0.3030431270599365,0.21327531337738037,0.24974973499774933,0.06920474767684937,0.05343694984912872,0.024084245786070824
256,1396,03-01-03-02-01-01-24.wav,C:\Users\hik88\Desktop\BIT_Uni\GraduationPaper\Project\SER_GraduationPaper\src\$RVNS6MQ\Actor_24\03-01-03-02-01-01-24.wav,happy,angry,0,0.524311900138855,0.002639857353642583,0.004470028914511204,0.29808834195137024,0.04578064754605293,0.524311900138855,0.06338522583246231,0.03175946697592735,0.029564592987298965
257,1397,03-01-03-02-01-02-24.wav,C:\Users\hik88\Desktop\BIT_Uni\GraduationPaper\Project\SER_GraduationPaper\src\$RVNS6MQ\Actor_24\03-01-03-02-01-02-24.wav,happy,happy,1,0.3614969551563263,0.011255377903580666,0.014252766035497189,0.3614969551563263,0.10853130370378494,0.30194830894470215,0.11958236992359161,0.03593754023313522,0.046995293349027634
258,1398,03-01-03-02-02-01-24.wav,C:\Users\hik88\Desktop\BIT_Uni\GraduationPaper\Project\SER_GraduationPaper\src\$RVNS6MQ\Actor_24\03-01-03-02-02-01-24.wav,happy,happy,1,0.4001431167125702,0.002866770140826702,0.007173096761107445,0.4001431167125702,0.10275717824697495,0.2193189412355423,0.18407349288463593,0.02977338247001171,0.0538940504193306
259,1399,03-01-03-02-02-02-24.wav,C:\Users\hik88\Desktop\BIT_Uni\GraduationPaper\Project\SER_GraduationPaper\src\$RVNS6MQ\Actor_24\03-01-03-02-02-02-24.wav,happy,angry,0,0.34251949191093445,0.0013370865490287542,0.0015982347540557384,0.25094500184059143,0.04533304274082184,0.34251949191093445,0.15365567803382874,0.020088622346520424,0.18452288210391998
260,1400,03-01-04-01-01-01-24.wav,C:\Users\hik88\Desktop\BIT_Uni\GraduationPaper\Project\SER_GraduationPaper\src\$RVNS6MQ\Actor_24\03-01-04-01-01-01-24.wav,sad,calm,0,0.5831200480461121,0.01339208334684372,0.5831200480461121,0.019506322219967842,0.2809281051158905,0.007202947046607733,0.010669354349374771,0.08164549618959427,0.0035356548614799976
261,1401,03-01-04-01-01-02-24.wav,C:\Users\hik88\Desktop\BIT_Uni\GraduationPaper\Project\SER_GraduationPaper\src\$RVNS6MQ\Actor_24\03-01-04-01-01-02-24.wav,sad,calm,0,0.6094306111335754,0.0124708516523242,0.6094306111335754,0.0163186676800251,0.2612854540348053,0.0047690654173493385,0.010685216635465622,0.07919768244028091,0.005842340178787708
262,1402,03-01-04-01-02-01-24.wav,C:\Users\hik88\Desktop\BIT_Uni\GraduationPaper\Project\SER_GraduationPaper\src\$RVNS6MQ\Actor_24\03-01-04-01-02-01-24.wav,sad,calm,0,0.38583388924598694,0.05122966319322586,0.38583388924598694,0.06913790851831436,0.3727486729621887,0.0073888604529201984,0.047785382717847824,0.0440521202981472,0.021823473274707794
263,1403,03-01-04-01-02-02-24.wav,C:\Users\hik88\Desktop\BIT_Uni\GraduationPaper\Project\SER_GraduationPaper\src\$RVNS6MQ\Actor_24\03-01-04-01-02-02-24.wav,sad,calm,0,0.5133388638496399,0.014036178588867188,0.5133388638496399,0.01868339441716671,0.24035999178886414,0.011702294461429119,0.021022845059633255,0.1546994298696518,0.026157019659876823
264,1404,03-01-04-02-01-01-24.wav,C:\Users\hik88\Desktop\BIT_Uni\GraduationPaper\Project\SER_GraduationPaper\src\$RVNS6MQ\Actor_24\03-01-04-02-01-01-24.wav,sad,angry,0,0.43198448419570923,0.0001897896727314219,0.00043653062311932445,0.33535292744636536,0.11174437403678894,0.43198448419570923,0.06066717952489853,0.028548944741487503,0.03107571415603161
265,1405,03-01-04-02-01-02-24.wav,C:\Users\hik88\Desktop\BIT_Uni\GraduationPaper\Project\SER_GraduationPaper\src\$RVNS6MQ\Actor_24\03-01-04-02-01-02-24.wav,sad,angry,0,0.40386655926704407,0.0023855469189584255,0.01126838568598032,0.11643131077289581,0.23392941057682037,0.40386655926704407,0.029279286041855812,0.16914376616477966,0.033695753663778305
266,1406,03-01-04-02-02-01-24.wav,C:\Users\hik88\Desktop\BIT_Uni\GraduationPaper\Project\SER_GraduationPaper\src\$RVNS6MQ\Actor_24\03-01-04-02-02-01-24.wav,sad,angry,0,0.4645498991012573,0.0001400326145812869,0.002056973520666361,0.06022827699780464,0.17091602087020874,0.4645498991012573,0.05481186881661415,0.2257211059331894,0.021575696766376495
267,1407,03-01-04-02-02-02-24.wav,C:\Users\hik88\Desktop\BIT_Uni\GraduationPaper\Project\SER_GraduationPaper\src\$RVNS6MQ\Actor_24\03-01-04-02-02-02-24.wav,sad,disgust,0,0.386748343706131,0.0022938228212296963,0.23151111602783203,0.020263245329260826,0.2979099750518799,0.041768282651901245,0.014148648828268051,0.386748343706131,0.005356520880013704
268,1408,03-01-05-01-01-01-24.wav,C:\Users\hik88\Desktop\BIT_Uni\GraduationPaper\Project\SER_GraduationPaper\src\$RVNS6MQ\Actor_24\03-01-05-01-01-01-24.wav,angry,angry,1,0.4180941581726074,0.0059925527311861515,0.019324984401464462,0.20463012158870697,0.08045084029436111,0.4180941581726074,0.07632631808519363,0.13533227145671844,0.05984872952103615
269,1409,03-01-05-01-01-02-24.wav,C:\Users\hik88\Desktop\BIT_Uni\GraduationPaper\Project\SER_GraduationPaper\src\$RVNS6MQ\Actor_24\03-01-05-01-01-02-24.wav,angry,angry,1,0.3963223397731781,0.014666657894849777,0.007333038840442896,0.277498722076416,0.07634154707193375,0.3963223397731781,0.10169588774442673,0.028149189427495003,0.09799250960350037
270,1410,03-01-05-01-02-01-24.wav,C:\Users\hik88\Desktop\BIT_Uni\GraduationPaper\Project\SER_GraduationPaper\src\$RVNS6MQ\Actor_24\03-01-05-01-02-01-24.wav,angry,angry,1,0.5238158106803894,0.02220248617231846,0.012606251053512096,0.1995534598827362,0.08052411675453186,0.5238158106803894,0.0451791025698185,0.04653416946530342,0.06958457827568054
271,1411,03-01-05-01-02-02-24.wav,C:\Users\hik88\Desktop\BIT_Uni\GraduationPaper\Project\SER_GraduationPaper\src\$RVNS6MQ\Actor_24\03-01-05-01-02-02-24.wav,angry,angry,1,0.667666494846344,0.00114555680193007,0.0017401945078745484,0.22987842559814453,0.05419599264860153,0.667666494846344,0.022297155112028122,0.021523892879486084,0.0015522147295996547
272,1412,03-01-05-02-01-01-24.wav,C:\Users\hik88\Desktop\BIT_Uni\GraduationPaper\Project\SER_GraduationPaper\src\$RVNS6MQ\Actor_24\03-01-05-02-01-01-24.wav,angry,angry,1,0.7343025803565979,0.0007248898618854582,0.0019739402923732996,0.1176660880446434,0.019820794463157654,0.7343025803565979,0.041813112795352936,0.04273081570863724,0.04096781462430954
273,1413,03-01-05-02-01-02-24.wav,C:\Users\hik88\Desktop\BIT_Uni\GraduationPaper\Project\SER_GraduationPaper\src\$RVNS6MQ\Actor_24\03-01-05-02-01-02-24.wav,angry,angry,1,0.6341207027435303,0.001345532014966011,0.0033225147053599358,0.14101926982402802,0.031765975058078766,0.6341207027435303,0.04078876972198486,0.0802450031042099,0.06739222258329391
274,1414,03-01-05-02-02-01-24.wav,C:\Users\hik88\Desktop\BIT_Uni\GraduationPaper\Project\SER_GraduationPaper\src\$RVNS6MQ\Actor_24\03-01-05-02-02-01-24.wav,angry,angry,1,0.6370807886123657,0.004465528763830662,0.013511505909264088,0.0886855199933052,0.058566126972436905,0.6370807886123657,0.024097464978694916,0.1392699033021927,0.03432308882474899
275,1415,03-01-05-02-02-02-24.wav,C:\Users\hik88\Desktop\BIT_Uni\GraduationPaper\Project\SER_GraduationPaper\src\$RVNS6MQ\Actor_24\03-01-05-02-02-02-24.wav,angry,angry,1,0.5243314504623413,0.0005076389643363655,0.008583921007812023,0.06436116248369217,0.09159650653600693,0.5243314504623413,0.031357668340206146,0.27296721935272217,0.006294455844908953
276,1416,03-01-06-01-01-01-24.wav,C:\Users\hik88\Desktop\BIT_Uni\GraduationPaper\Project\SER_GraduationPaper\src\$RVNS6MQ\Actor_24\03-01-06-01-01-01-24.wav,fearful,fearful,1,0.3474297821521759,0.000992896151728928,0.003087167628109455,0.2195930927991867,0.11696446686983109,0.22676508128643036,0.3474297821521759,0.024874402210116386,0.06029318645596504
277,1417,03-01-06-01-01-02-24.wav,C:\Users\hik88\Desktop\BIT_Uni\GraduationPaper\Project\SER_GraduationPaper\src\$RVNS6MQ\Actor_24\03-01-06-01-01-02-24.wav,fearful,surprised,0,0.36907705664634705,0.0008033478516153991,0.007089726161211729,0.0956994891166687,0.060857199132442474,0.10634592920541763,0.2690776586532593,0.09104960411787033,0.36907705664634705
278,1418,03-01-06-01-02-01-24.wav,C:\Users\hik88\Desktop\BIT_Uni\GraduationPaper\Project\SER_GraduationPaper\src\$RVNS6MQ\Actor_24\03-01-06-01-02-01-24.wav,fearful,angry,0,0.3563329577445984,0.0005750441923737526,0.0019944729283452034,0.2253868728876114,0.079444020986557,0.3563329577445984,0.21465860307216644,0.023569639772176743,0.09803833067417145
279,1419,03-01-06-01-02-02-24.wav,C:\Users\hik88\Desktop\BIT_Uni\GraduationPaper\Project\SER_GraduationPaper\src\$RVNS6MQ\Actor_24\03-01-06-01-02-02-24.wav,fearful,angry,0,0.5135197043418884,0.0013373661786317825,0.0021441213320940733,0.17777793109416962,0.044229090213775635,0.5135197043418884,0.11629108339548111,0.03127028048038483,0.11343048512935638
280,1420,03-01-06-02-01-01-24.wav,C:\Users\hik88\Desktop\BIT_Uni\GraduationPaper\Project\SER_GraduationPaper\src\$RVNS6MQ\Actor_24\03-01-06-02-01-01-24.wav,fearful,fearful,1,0.2878967523574829,0.00040337699465453625,0.0009282848914153874,0.21605630218982697,0.06420599669218063,0.14751742780208588,0.2878967523574829,0.030140899121761322,0.2528509199619293
281,1421,03-01-06-02-01-02-24.wav,C:\Users\hik88\Desktop\BIT_Uni\GraduationPaper\Project\SER_GraduationPaper\src\$RVNS6MQ\Actor_24\03-01-06-02-01-02-24.wav,fearful,surprised,0,0.2759866714477539,0.0002831275633070618,0.00026469663134776056,0.2351863980293274,0.025156734511256218,0.206344336271286,0.24509765207767487,0.011680367402732372,0.2759866714477539
282,1422,03-01-06-02-02-01-24.wav,C:\Users\hik88\Desktop\BIT_Uni\GraduationPaper\Project\SER_GraduationPaper\src\$RVNS6MQ\Actor_24\03-01-06-02-02-01-24.wav,fearful,fearful,1,0.5997503399848938,0.0001802461629267782,0.0006130137480795383,0.15685707330703735,0.03883613646030426,0.03302837163209915,0.5997503399848938,0.011192640289664268,0.15954212844371796
283,1423,03-01-06-02-02-02-24.wav,C:\Users\hik88\Desktop\BIT_Uni\GraduationPaper\Project\SER_GraduationPaper\src\$RVNS6MQ\Actor_24\03-01-06-02-02-02-24.wav,fearful,fearful,1,0.29468095302581787,0.0011060804827138782,0.0012891384540125728,0.28351444005966187,0.05214247107505798,0.18116144835948944,0.29468095302581787,0.019824378192424774,0.16628111898899078
284,1424,03-01-07-01-01-01-24.wav,C:\Users\hik88\Desktop\BIT_Uni\GraduationPaper\Project\SER_GraduationPaper\src\$RVNS6MQ\Actor_24\03-01-07-01-01-01-24.wav,disgust,sad,0,0.309445321559906,0.0035221311263740063,0.24221625924110413,0.08968579024076462,0.309445321559906,0.04299993813037872,0.05067913979291916,0.24406780302524567,0.0173836387693882
285,1425,03-01-07-01-01-02-24.wav,C:\Users\hik88\Desktop\BIT_Uni\GraduationPaper\Project\SER_GraduationPaper\src\$RVNS6MQ\Actor_24\03-01-07-01-01-02-24.wav,disgust,sad,0,0.2403108775615692,0.0072490195743739605,0.05929480120539665,0.19252431392669678,0.2403108775615692,0.20428188145160675,0.06756741553544998,0.1953478455543518,0.033423855900764465
286,1426,03-01-07-01-02-01-24.wav,C:\Users\hik88\Desktop\BIT_Uni\GraduationPaper\Project\SER_GraduationPaper\src\$RVNS6MQ\Actor_24\03-01-07-01-02-01-24.wav,disgust,angry,0,0.260681688785553,0.007829143665730953,0.04806599020957947,0.2544255554676056,0.15774694085121155,0.260681688785553,0.08595810830593109,0.14646950364112854,0.03882307559251785
287,1427,03-01-07-01-02-02-24.wav,C:\Users\hik88\Desktop\BIT_Uni\GraduationPaper\Project\SER_GraduationPaper\src\$RVNS6MQ\Actor_24\03-01-07-01-02-02-24.wav,disgust,disgust,1,0.4413689076900482,0.0035821900237351656,0.04823923110961914,0.07368399947881699,0.19491226971149445,0.11346220970153809,0.0529542900621891,0.4413689076900482,0.07179688662290573
288,1428,03-01-07-02-01-01-24.wav,C:\Users\hik88\Desktop\BIT_Uni\GraduationPaper\Project\SER_GraduationPaper\src\$RVNS6MQ\Actor_24\03-01-07-02-01-01-24.wav,disgust,disgust,1,0.41610002517700195,0.001167164882645011,0.011791068129241467,0.022237589582800865,0.1446627378463745,0.3024221360683441,0.014236721210181713,0.41610002517700195,0.08738258481025696
289,1429,03-01-07-02-01-02-24.wav,C:\Users\hik88\Desktop\BIT_Uni\GraduationPaper\Project\SER_GraduationPaper\src\$RVNS6MQ\Actor_24\03-01-07-02-01-02-24.wav,disgust,angry,0,0.4009908437728882,0.0012304229894652963,0.011741501279175282,0.23005187511444092,0.1857975870370865,0.4009908437728882,0.10965696722269058,0.057904768735170364,0.00262608309276402
290,1430,03-01-07-02-02-01-24.wav,C:\Users\hik88\Desktop\BIT_Uni\GraduationPaper\Project\SER_GraduationPaper\src\$RVNS6MQ\Actor_24\03-01-07-02-02-01-24.wav,disgust,happy,0,0.3297380805015564,0.003930035047233105,0.02075173333287239,0.3297380805015564,0.13318243622779846,0.27793699502944946,0.1230718344449997,0.08704448491334915,0.024344367906451225
291,1431,03-01-07-02-02-02-24.wav,C:\Users\hik88\Desktop\BIT_Uni\GraduationPaper\Project\SER_GraduationPaper\src\$RVNS6MQ\Actor_24\03-01-07-02-02-02-24.wav,disgust,angry,0,0.36920201778411865,0.0022307250183075666,0.026293903589248657,0.21235138177871704,0.14692147076129913,0.36920201778411865,0.08789124339818954,0.14649231731891632,0.008616872131824493
292,1432,03-01-08-01-01-01-24.wav,C:\Users\hik88\Desktop\BIT_Uni\GraduationPaper\Project\SER_GraduationPaper\src\$RVNS6MQ\Actor_24\03-01-08-01-01-01-24.wav,surprised,surprised,1,0.7168377041816711,0.003565034829080105,0.010348651558160782,0.03700266405940056,0.08043333142995834,0.012144374661147594,0.11030928045511246,0.02935897931456566,0.7168377041816711
293,1433,03-01-08-01-01-02-24.wav,C:\Users\hik88\Desktop\BIT_Uni\GraduationPaper\Project\SER_GraduationPaper\src\$RVNS6MQ\Actor_24\03-01-08-01-01-02-24.wav,surprised,surprised,1,0.8141769170761108,0.0014877957291901112,0.002480829134583473,0.044077519327402115,0.03492593765258789,0.03899681568145752,0.03999287635087967,0.023861298337578773,0.8141769170761108
294,1434,03-01-08-01-02-01-24.wav,C:\Users\hik88\Desktop\BIT_Uni\GraduationPaper\Project\SER_GraduationPaper\src\$RVNS6MQ\Actor_24\03-01-08-01-02-01-24.wav,surprised,surprised,1,0.5653910636901855,0.005047468468546867,0.006620380561798811,0.11513162404298782,0.08047068864107132,0.08919404447078705,0.0980912521481514,0.040053535252809525,0.5653910636901855
295,1435,03-01-08-01-02-02-24.wav,C:\Users\hik88\Desktop\BIT_Uni\GraduationPaper\Project\SER_GraduationPaper\src\$RVNS6MQ\Actor_24\03-01-08-01-02-02-24.wav,surprised,surprised,1,0.48042958974838257,0.00208405964076519,0.0012524365447461605,0.16494719684123993,0.056205738335847855,0.13135169446468353,0.15010926127433777,0.013620104640722275,0.48042958974838257
296,1436,03-01-08-02-01-01-24.wav,C:\Users\hik88\Desktop\BIT_Uni\GraduationPaper\Project\SER_GraduationPaper\src\$RVNS6MQ\Actor_24\03-01-08-02-01-01-24.wav,surprised,surprised,1,0.5495760440826416,0.0014149979688227177,0.0025130631402134895,0.05955788120627403,0.05081210285425186,0.22058488428592682,0.030871067196130753,0.08466994017362595,0.5495760440826416
297,1437,03-01-08-02-01-02-24.wav,C:\Users\hik88\Desktop\BIT_Uni\GraduationPaper\Project\SER_GraduationPaper\src\$RVNS6MQ\Actor_24\03-01-08-02-01-02-24.wav,surprised,surprised,1,0.5080500245094299,0.0009361854172311723,0.0015867571346461773,0.07743605971336365,0.03265397995710373,0.28839221596717834,0.043334852904081345,0.04760991409420967,0.5080500245094299
298,1438,03-01-08-02-02-01-24.wav,C:\Users\hik88\Desktop\BIT_Uni\GraduationPaper\Project\SER_GraduationPaper\src\$RVNS6MQ\Actor_24\03-01-08-02-02-01-24.wav,surprised,surprised,1,0.4683041274547577,0.0012542253825813532,0.006336136255413294,0.04038921743631363,0.06101008504629135,0.1645197868347168,0.14623728394508362,0.11194919049739838,0.4683041274547577
299,1439,03-01-08-02-02-02-24.wav,C:\Users\hik88\Desktop\BIT_Uni\GraduationPaper\Project\SER_GraduationPaper\src\$RVNS6MQ\Actor_24\03-01-08-02-02-02-24.wav,surprised,surprised,1,0.5864896774291992,0.001531035522930324,0.002620183862745762,0.05292769521474838,0.10263460129499435,0.14413981139659882,0.06277015060186386,0.04688682779669762,0.5864896774291992
