{
  "trial_params": {
    "model": {
      "name": "cnn_baseline",
      "hidden_dims": [
        32,
        32,
        160,
        512
      ],
      "dropout": 0.34306358406755866
    },
    "data": {
      "dataset_path": "C:\\Users\\hik88\\Desktop\\BIT_Uni\\GraduationPaper\\Project\\SER_GraduationPaper/src/$RVNS6MQ",
      "sample_rate": 16000,
      "duration": 3.0,
      "n_mels": 80,
      "n_fft": 1024,
      "hop_length": 160,
      "f_min": 20.0,
      "f_max": 6000.0,
      "normalize": true,
      "resize_height": 96,
      "resize_width": 512
    },
    "train": {
      "seed": 42,
      "batch_size": 16,
      "epochs": 30,
      "learning_rate": 0.0002582605816596513,
      "weight_decay": 0.00011868003579408136,
      "k_folds": 5,
      "folds_to_run": 1,
      "early_stopping": 10,
      "device": "auto",
      "num_workers": 0,
      "objective_metric": "f1_macro",
      "save_best_to_root": false
    }
  },
  "summary_metrics": {
    "accuracy": 0.5966666666666667,
    "f1_macro": 0.5748831115664944,
    "f1_weighted": 0.5874776581855472,
    "uar": 0.59375,
    "war": 0.5966666666666667,
    "mcc": 0.543151649116239,
    "kappa": 0.538989077978156,
    "ece": 0.15640563488006592,
    "fold_accuracy_mean": 0.5966666666666667,
    "fold_f1_macro_mean": 0.5748831115664944
  },
  "best_fold": {
    "accuracy": 0.5966666666666667,
    "f1_macro": 0.5748831115664944,
    "f1_weighted": 0.5874776581855472,
    "uar": 0.59375,
    "war": 0.5966666666666667,
    "mcc": 0.543151649116239,
    "kappa": 0.538989077978156,
    "ece": 0.15640563488006592,
    "loss": 1.327311218182246,
    "fold": 1,
    "learning_curve": "optuna_trials\\trial_0065\\artifacts\\fold_1_learning_curve.png"
  },
  "best_model_path": "weights\\best_model_fold1.pt",
  "exported_model_path": null
}