{
  "accuracy": 0.6166666666666667,
  "f1_macro": 0.6219582903423286,
  "f1_weighted": 0.6262128740395692,
  "uar": 0.6156250000000001,
  "war": 0.6166666666666667,
  "mcc": 0.5644853172634968,
  "kappa": 0.5602854957940351,
  "ece": 0.18546686351299285,
  "fold_accuracy_mean": 0.6166666666666667,
  "fold_f1_macro_mean": 0.6219582903423286
}