{
  "accuracy": 0.5966666666666667,
  "f1_macro": 0.5748831115664944,
  "f1_weighted": 0.5874776581855472,
  "uar": 0.59375,
  "war": 0.5966666666666667,
  "mcc": 0.543151649116239,
  "kappa": 0.538989077978156,
  "ece": 0.15640563488006592,
  "fold_accuracy_mean": 0.5966666666666667,
  "fold_f1_macro_mean": 0.5748831115664944
}