{
  "trial_params": {
    "model": {
      "name": "cnn_baseline",
      "hidden_dims": [
        32,
        32,
        96,
        512
      ],
      "dropout": 0.327690749761632
    },
    "data": {
      "dataset_path": "C:\\Users\\hik88\\Desktop\\BIT_Uni\\GraduationPaper\\Project\\SER_GraduationPaper/src/$RVNS6MQ",
      "sample_rate": 16000,
      "duration": 3.0,
      "n_mels": 80,
      "n_fft": 1024,
      "hop_length": 160,
      "f_min": 50.0,
      "f_max": 6000.0,
      "normalize": true,
      "resize_height": 96,
      "resize_width": 512
    },
    "train": {
      "seed": 42,
      "batch_size": 16,
      "epochs": 30,
      "learning_rate": 0.00020433438686680275,
      "weight_decay": 5.4709144504385414e-05,
      "k_folds": 5,
      "folds_to_run": 1,
      "early_stopping": 10,
      "device": "auto",
      "num_workers": 0,
      "objective_metric": "f1_macro",
      "save_best_to_root": false
    }
  },
  "summary_metrics": {
    "accuracy": 0.5966666666666667,
    "f1_macro": 0.5759912148034806,
    "f1_weighted": 0.5891654038984875,
    "uar": 0.58125,
    "war": 0.5966666666666667,
    "mcc": 0.5447400791002761,
    "kappa": 0.5366351799846821,
    "ece": 0.14615746547778447,
    "fold_accuracy_mean": 0.5966666666666667,
    "fold_f1_macro_mean": 0.5759912148034806
  },
  "best_fold": {
    "accuracy": 0.5966666666666667,
    "f1_macro": 0.5759912148034806,
    "f1_weighted": 0.5891654038984875,
    "uar": 0.58125,
    "war": 0.5966666666666667,
    "mcc": 0.5447400791002761,
    "kappa": 0.5366351799846821,
    "ece": 0.14615746547778447,
    "loss": 1.4806429839134216,
    "fold": 1,
    "learning_curve": "optuna_trials\\trial_0060\\artifacts\\fold_1_learning_curve.png"
  },
  "best_model_path": "weights\\best_model_fold1.pt",
  "exported_model_path": null
}