{
  "trial_params": {
    "model": {
      "name": "cnn_baseline",
      "hidden_dims": [
        32,
        64,
        256,
        256
      ],
      "dropout": 0.4687496940092467
    },
    "data": {
      "dataset_path": "C:\\Users\\hik88\\Desktop\\BIT_Uni\\GraduationPaper\\Project\\SER_GraduationPaper/src/$RVNS6MQ",
      "sample_rate": 16000,
      "duration": 3.0,
      "n_mels": 80,
      "n_fft": 1024,
      "hop_length": 512,
      "f_min": 50.0,
      "f_max": 7000.0,
      "normalize": true,
      "resize_height": 64,
      "resize_width": 640
    },
    "train": {
      "seed": 42,
      "batch_size": 64,
      "epochs": 30,
      "learning_rate": 0.00013511829476450826,
      "weight_decay": 3.87211803217458e-06,
      "k_folds": 5,
      "folds_to_run": 1,
      "early_stopping": 10,
      "device": "auto",
      "num_workers": 0,
      "objective_metric": "f1_macro",
      "save_best_to_root": false
    }
  },
  "summary_metrics": {
    "accuracy": 0.5633333333333334,
    "f1_macro": 0.5601644875509687,
    "f1_weighted": 0.5629408854864654,
    "uar": 0.5718749999999999,
    "war": 0.5633333333333334,
    "mcc": 0.503569297769274,
    "kappa": 0.5005083884087442,
    "ece": 0.06109688480695089,
    "fold_accuracy_mean": 0.5633333333333334,
    "fold_f1_macro_mean": 0.5601644875509687
  },
  "best_fold": {
    "accuracy": 0.5633333333333334,
    "f1_macro": 0.5601644875509687,
    "f1_weighted": 0.5629408854864654,
    "uar": 0.5718749999999999,
    "war": 0.5633333333333334,
    "mcc": 0.503569297769274,
    "kappa": 0.5005083884087442,
    "ece": 0.06109688480695089,
    "loss": 1.3927581675847371,
    "fold": 1,
    "learning_curve": "optuna_trials\\trial_0000\\artifacts\\fold_1_learning_curve.png"
  },
  "best_model_path": "weights\\best_model_fold1.pt",
  "exported_model_path": null
}