{
  "accuracy": 0.55,
  "f1_macro": 0.5628528217923069,
  "f1_weighted": 0.5699001527689368,
  "uar": 0.5406249999999999,
  "war": 0.55,
  "mcc": 0.49263511610749344,
  "kappa": 0.48275862068965514,
  "ece": 0.1486958525578181,
  "fold_accuracy_mean": 0.55,
  "fold_f1_macro_mean": 0.5628528217923069
}