{
  "accuracy": 0.5466666666666666,
  "f1_macro": 0.569445168399137,
  "f1_weighted": 0.5680142402318066,
  "uar": 0.553125,
  "war": 0.5466666666666666,
  "mcc": 0.488656523156453,
  "kappa": 0.48012232415902145,
  "ece": 0.12780404885609942,
  "fold_accuracy_mean": 0.5466666666666666,
  "fold_f1_macro_mean": 0.569445168399137
}