{
  "accuracy": 0.6066666666666667,
  "f1_macro": 0.5756584413727588,
  "f1_weighted": 0.5940356707976092,
  "uar": 0.5874999999999999,
  "war": 0.6066666666666667,
  "mcc": 0.5557692669933629,
  "kappa": 0.5484693877551021,
  "ece": 0.11429384410381319,
  "fold_accuracy_mean": 0.6066666666666667,
  "fold_f1_macro_mean": 0.5756584413727588
}