row,dataset_index,file,filepath,true_label,pred_label,correct,confidence,prob_neutral,prob_calm,prob_happy,prob_sad,prob_angry,prob_fearful,prob_disgust,prob_surprised
0,180,03-01-01-01-01-01-04.wav,C:\Users\hik88\Desktop\BIT_Uni\GraduationPaper\Project\SER_GraduationPaper\src\$RVNS6MQ\Actor_04\03-01-01-01-01-01-04.wav,neutral,neutral,1,0.44581544399261475,0.44581544399261475,0.04201847314834595,0.07962159812450409,0.05167385935783386,0.0075073037296533585,0.04526593163609505,0.00699267303571105,0.3211047351360321
1,181,03-01-01-01-01-02-04.wav,C:\Users\hik88\Desktop\BIT_Uni\GraduationPaper\Project\SER_GraduationPaper\src\$RVNS6MQ\Actor_04\03-01-01-01-01-02-04.wav,neutral,neutral,1,0.46821749210357666,0.46821749210357666,0.04336985573172569,0.10947394371032715,0.05561526119709015,0.03666684404015541,0.045135173946619034,0.010890945792198181,0.23063047230243683
2,182,03-01-01-01-02-01-04.wav,C:\Users\hik88\Desktop\BIT_Uni\GraduationPaper\Project\SER_GraduationPaper\src\$RVNS6MQ\Actor_04\03-01-01-01-02-01-04.wav,neutral,surprised,0,0.30687272548675537,0.19893565773963928,0.05583261698484421,0.1673947274684906,0.2082252949476242,0.022739950567483902,0.017983131110668182,0.02201586402952671,0.30687272548675537
3,183,03-01-01-01-02-02-04.wav,C:\Users\hik88\Desktop\BIT_Uni\GraduationPaper\Project\SER_GraduationPaper\src\$RVNS6MQ\Actor_04\03-01-01-01-02-02-04.wav,neutral,neutral,1,0.3848605751991272,0.3848605751991272,0.0703311637043953,0.11972098797559738,0.08111594617366791,0.019900163635611534,0.0069554527290165424,0.020131181925535202,0.2969844937324524
4,184,03-01-02-01-01-01-04.wav,C:\Users\hik88\Desktop\BIT_Uni\GraduationPaper\Project\SER_GraduationPaper\src\$RVNS6MQ\Actor_04\03-01-02-01-01-01-04.wav,calm,sad,0,0.29153478145599365,0.09715418517589569,0.25864994525909424,0.057605940848588943,0.29153478145599365,0.017981871962547302,0.1870957612991333,0.03979868441820145,0.05017876997590065
5,185,03-01-02-01-01-02-04.wav,C:\Users\hik88\Desktop\BIT_Uni\GraduationPaper\Project\SER_GraduationPaper\src\$RVNS6MQ\Actor_04\03-01-02-01-01-02-04.wav,calm,sad,0,0.24384073913097382,0.13684432208538055,0.23870928585529327,0.15552859008312225,0.24384073913097382,0.02228429913520813,0.08988294005393982,0.03193951025605202,0.08097030967473984
6,186,03-01-02-01-02-01-04.wav,C:\Users\hik88\Desktop\BIT_Uni\GraduationPaper\Project\SER_GraduationPaper\src\$RVNS6MQ\Actor_04\03-01-02-01-02-01-04.wav,calm,sad,0,0.3861196041107178,0.07131832093000412,0.11843746155500412,0.035077717155218124,0.3861196041107178,0.007822121493518353,0.15941597521305084,0.15134453773498535,0.07046438753604889
7,187,03-01-02-01-02-02-04.wav,C:\Users\hik88\Desktop\BIT_Uni\GraduationPaper\Project\SER_GraduationPaper\src\$RVNS6MQ\Actor_04\03-01-02-01-02-02-04.wav,calm,sad,0,0.3224109411239624,0.02041076123714447,0.08630295842885971,0.1453716903924942,0.3224109411239624,0.019021479412913322,0.2567647397518158,0.11274649947881699,0.03697095811367035
8,188,03-01-02-02-01-01-04.wav,C:\Users\hik88\Desktop\BIT_Uni\GraduationPaper\Project\SER_GraduationPaper\src\$RVNS6MQ\Actor_04\03-01-02-02-01-01-04.wav,calm,sad,0,0.623892605304718,0.02862265519797802,0.12105143070220947,0.01713268831372261,0.623892605304718,0.0032835027668625116,0.11142027378082275,0.06355622410774231,0.031040625646710396
9,189,03-01-02-02-01-02-04.wav,C:\Users\hik88\Desktop\BIT_Uni\GraduationPaper\Project\SER_GraduationPaper\src\$RVNS6MQ\Actor_04\03-01-02-02-01-02-04.wav,calm,sad,0,0.33751678466796875,0.03696199506521225,0.2540487051010132,0.08348631113767624,0.33751678466796875,0.026148859411478043,0.10285954922437668,0.15155790746212006,0.007419851142913103
10,190,03-01-02-02-02-01-04.wav,C:\Users\hik88\Desktop\BIT_Uni\GraduationPaper\Project\SER_GraduationPaper\src\$RVNS6MQ\Actor_04\03-01-02-02-02-01-04.wav,calm,fearful,0,0.383238822221756,0.03140849247574806,0.2208547443151474,0.07670889049768448,0.19411151111125946,0.014288886450231075,0.383238822221756,0.04720531031489372,0.03218339756131172
11,191,03-01-02-02-02-02-04.wav,C:\Users\hik88\Desktop\BIT_Uni\GraduationPaper\Project\SER_GraduationPaper\src\$RVNS6MQ\Actor_04\03-01-02-02-02-02-04.wav,calm,calm,1,0.9147448539733887,0.014985927380621433,0.9147448539733887,0.005250045098364353,0.033634960651397705,0.0039389124140143394,0.004365420434623957,0.019943293184041977,0.003136555664241314
12,192,03-01-03-01-01-01-04.wav,C:\Users\hik88\Desktop\BIT_Uni\GraduationPaper\Project\SER_GraduationPaper\src\$RVNS6MQ\Actor_04\03-01-03-01-01-01-04.wav,happy,happy,1,0.5083079934120178,0.07304391264915466,0.0693155825138092,0.5083079934120178,0.028350863605737686,0.03502979874610901,0.016912981867790222,0.03566799685359001,0.2333708554506302
13,193,03-01-03-01-01-02-04.wav,C:\Users\hik88\Desktop\BIT_Uni\GraduationPaper\Project\SER_GraduationPaper\src\$RVNS6MQ\Actor_04\03-01-03-01-01-02-04.wav,happy,happy,1,0.6580199599266052,0.004085156135261059,0.0028621882665902376,0.6580199599266052,0.0047745355404913425,0.008720150217413902,0.0501457042992115,0.013200855813920498,0.25819146633148193
14,194,03-01-03-01-02-01-04.wav,C:\Users\hik88\Desktop\BIT_Uni\GraduationPaper\Project\SER_GraduationPaper\src\$RVNS6MQ\Actor_04\03-01-03-01-02-01-04.wav,happy,happy,1,0.8256348967552185,0.024864690378308296,0.020034506916999817,0.8256348967552185,0.0100349560379982,0.07978925108909607,0.005719468928873539,0.015587975271046162,0.01833425648510456
15,195,03-01-03-01-02-02-04.wav,C:\Users\hik88\Desktop\BIT_Uni\GraduationPaper\Project\SER_GraduationPaper\src\$RVNS6MQ\Actor_04\03-01-03-01-02-02-04.wav,happy,happy,1,0.6803392767906189,0.03493905067443848,0.01642455719411373,0.6803392767906189,0.009340401738882065,0.0644092783331871,0.01599712111055851,0.014814957045018673,0.16373533010482788
16,196,03-01-03-02-01-01-04.wav,C:\Users\hik88\Desktop\BIT_Uni\GraduationPaper\Project\SER_GraduationPaper\src\$RVNS6MQ\Actor_04\03-01-03-02-01-01-04.wav,happy,surprised,0,0.5462110042572021,0.0011315617011860013,0.001087465789169073,0.1657424122095108,0.008229472674429417,0.005935044027864933,0.25368732213974,0.017975736409425735,0.5462110042572021
17,197,03-01-03-02-01-02-04.wav,C:\Users\hik88\Desktop\BIT_Uni\GraduationPaper\Project\SER_GraduationPaper\src\$RVNS6MQ\Actor_04\03-01-03-02-01-02-04.wav,happy,surprised,0,0.5308598875999451,0.0023187613114714622,0.00248747318983078,0.19680622220039368,0.007768107112497091,0.01577199064195156,0.20771071314811707,0.03627680242061615,0.5308598875999451
18,198,03-01-03-02-02-01-04.wav,C:\Users\hik88\Desktop\BIT_Uni\GraduationPaper\Project\SER_GraduationPaper\src\$RVNS6MQ\Actor_04\03-01-03-02-02-01-04.wav,happy,happy,1,0.8209051489830017,0.0062165227718651295,0.005665355361998081,0.8209051489830017,0.007095529232174158,0.04564976692199707,0.03884075954556465,0.036429643630981445,0.039197251200675964
19,199,03-01-03-02-02-02-04.wav,C:\Users\hik88\Desktop\BIT_Uni\GraduationPaper\Project\SER_GraduationPaper\src\$RVNS6MQ\Actor_04\03-01-03-02-02-02-04.wav,happy,fearful,0,0.4411158859729767,0.003285960527136922,0.005502034910023212,0.29862990975379944,0.01604931242763996,0.04470518231391907,0.4411158859729767,0.057791005820035934,0.13292072713375092
20,200,03-01-04-01-01-01-04.wav,C:\Users\hik88\Desktop\BIT_Uni\GraduationPaper\Project\SER_GraduationPaper\src\$RVNS6MQ\Actor_04\03-01-04-01-01-01-04.wav,sad,sad,1,0.5260763168334961,0.23082616925239563,0.08684824407100677,0.05652106925845146,0.5260763168334961,0.015055415220558643,0.013919197022914886,0.02366766519844532,0.04708590358495712
21,201,03-01-04-01-01-02-04.wav,C:\Users\hik88\Desktop\BIT_Uni\GraduationPaper\Project\SER_GraduationPaper\src\$RVNS6MQ\Actor_04\03-01-04-01-01-02-04.wav,sad,surprised,0,0.4943750202655792,0.012254273518919945,0.00868649035692215,0.08441920578479767,0.02957012690603733,0.03965448960661888,0.2888813614845276,0.04215901345014572,0.4943750202655792
22,202,03-01-04-01-02-01-04.wav,C:\Users\hik88\Desktop\BIT_Uni\GraduationPaper\Project\SER_GraduationPaper\src\$RVNS6MQ\Actor_04\03-01-04-01-02-01-04.wav,sad,fearful,0,0.5281847715377808,0.025201907381415367,0.00602332130074501,0.154789000749588,0.02232138253748417,0.024843981489539146,0.5281847715377808,0.0314701572060585,0.20716546475887299
23,203,03-01-04-01-02-02-04.wav,C:\Users\hik88\Desktop\BIT_Uni\GraduationPaper\Project\SER_GraduationPaper\src\$RVNS6MQ\Actor_04\03-01-04-01-02-02-04.wav,sad,fearful,0,0.7176352739334106,0.009687802754342556,0.004980527795851231,0.0713382437825203,0.06056859716773033,0.016471417620778084,0.7176352739334106,0.0353093259036541,0.08400879055261612
24,204,03-01-04-02-01-01-04.wav,C:\Users\hik88\Desktop\BIT_Uni\GraduationPaper\Project\SER_GraduationPaper\src\$RVNS6MQ\Actor_04\03-01-04-02-01-01-04.wav,sad,surprised,0,0.34599608182907104,0.0034242684487253428,0.0017528724856674671,0.31385406851768494,0.02916572615504265,0.00677234074100852,0.2741631865501404,0.024871455505490303,0.34599608182907104
25,205,03-01-04-02-01-02-04.wav,C:\Users\hik88\Desktop\BIT_Uni\GraduationPaper\Project\SER_GraduationPaper\src\$RVNS6MQ\Actor_04\03-01-04-02-01-02-04.wav,sad,fearful,0,0.3866519033908844,0.008501461707055569,0.006664881017059088,0.14663061499595642,0.0321914441883564,0.02797026000916958,0.3866519033908844,0.046244461089372635,0.34514492750167847
26,206,03-01-04-02-02-01-04.wav,C:\Users\hik88\Desktop\BIT_Uni\GraduationPaper\Project\SER_GraduationPaper\src\$RVNS6MQ\Actor_04\03-01-04-02-02-01-04.wav,sad,fearful,0,0.5821875929832458,0.006895780563354492,0.0038734942208975554,0.2598033845424652,0.02311227098107338,0.009767270646989346,0.5821875929832458,0.007764817681163549,0.10659542679786682
27,207,03-01-04-02-02-02-04.wav,C:\Users\hik88\Desktop\BIT_Uni\GraduationPaper\Project\SER_GraduationPaper\src\$RVNS6MQ\Actor_04\03-01-04-02-02-02-04.wav,sad,happy,0,0.6027091145515442,0.005732084158807993,0.0031635353807359934,0.6027091145515442,0.02713688276708126,0.009487028233706951,0.2052767276763916,0.011523439548909664,0.13497108221054077
28,208,03-01-05-01-01-01-04.wav,C:\Users\hik88\Desktop\BIT_Uni\GraduationPaper\Project\SER_GraduationPaper\src\$RVNS6MQ\Actor_04\03-01-05-01-01-01-04.wav,angry,happy,0,0.4214232563972473,0.012371360324323177,0.010705524124205112,0.4214232563972473,0.015160005539655685,0.26464948058128357,0.07042144984006882,0.062104202806949615,0.1431647092103958
29,209,03-01-05-01-01-02-04.wav,C:\Users\hik88\Desktop\BIT_Uni\GraduationPaper\Project\SER_GraduationPaper\src\$RVNS6MQ\Actor_04\03-01-05-01-01-02-04.wav,angry,surprised,0,0.4476466774940491,0.0103599289432168,0.005305125378072262,0.11322806775569916,0.0027575884014368057,0.3624016046524048,0.03318776935338974,0.02511318027973175,0.4476466774940491
30,210,03-01-05-01-02-01-04.wav,C:\Users\hik88\Desktop\BIT_Uni\GraduationPaper\Project\SER_GraduationPaper\src\$RVNS6MQ\Actor_04\03-01-05-01-02-01-04.wav,angry,surprised,0,0.4068368375301361,0.012300744652748108,0.005475535523146391,0.3113025724887848,0.002056460129097104,0.2276877611875534,0.024233069270849228,0.010106944479048252,0.4068368375301361
31,211,03-01-05-01-02-02-04.wav,C:\Users\hik88\Desktop\BIT_Uni\GraduationPaper\Project\SER_GraduationPaper\src\$RVNS6MQ\Actor_04\03-01-05-01-02-02-04.wav,angry,angry,1,0.3262208104133606,0.11065325886011124,0.04671204462647438,0.2940891981124878,0.03285394608974457,0.3262208104133606,0.016091031953692436,0.08630634099245071,0.08707330375909805
32,212,03-01-05-02-01-01-04.wav,C:\Users\hik88\Desktop\BIT_Uni\GraduationPaper\Project\SER_GraduationPaper\src\$RVNS6MQ\Actor_04\03-01-05-02-01-01-04.wav,angry,surprised,0,0.42862382531166077,0.002275290200486779,0.004753255285322666,0.02472337894141674,0.0026977630332112312,0.396913081407547,0.07795358449220657,0.06205977499485016,0.42862382531166077
33,213,03-01-05-02-01-02-04.wav,C:\Users\hik88\Desktop\BIT_Uni\GraduationPaper\Project\SER_GraduationPaper\src\$RVNS6MQ\Actor_04\03-01-05-02-01-02-04.wav,angry,angry,1,0.597854733467102,0.00700474064797163,0.007190832868218422,0.0885915458202362,0.002001727931201458,0.597854733467102,0.09643730521202087,0.016830269247293472,0.1840888261795044
34,214,03-01-05-02-02-01-04.wav,C:\Users\hik88\Desktop\BIT_Uni\GraduationPaper\Project\SER_GraduationPaper\src\$RVNS6MQ\Actor_04\03-01-05-02-02-01-04.wav,angry,angry,1,0.6309852600097656,0.004439234733581543,0.010765517130494118,0.08996982872486115,0.0033449875190854073,0.6309852600097656,0.19545157253742218,0.026974502950906754,0.03806913271546364
35,215,03-01-05-02-02-02-04.wav,C:\Users\hik88\Desktop\BIT_Uni\GraduationPaper\Project\SER_GraduationPaper\src\$RVNS6MQ\Actor_04\03-01-05-02-02-02-04.wav,angry,angry,1,0.9187365770339966,0.002062274841591716,0.004331893753260374,0.028675124049186707,0.0006623872905038297,0.9187365770339966,0.007436139974743128,0.009442152455449104,0.028653526678681374
36,216,03-01-06-01-01-01-04.wav,C:\Users\hik88\Desktop\BIT_Uni\GraduationPaper\Project\SER_GraduationPaper\src\$RVNS6MQ\Actor_04\03-01-06-01-01-01-04.wav,fearful,surprised,0,0.5133175849914551,0.0008474935311824083,0.000740875955671072,0.017652016133069992,0.0067071737721562386,0.011952788569033146,0.4281528890132904,0.020629141479730606,0.5133175849914551
37,217,03-01-06-01-01-02-04.wav,C:\Users\hik88\Desktop\BIT_Uni\GraduationPaper\Project\SER_GraduationPaper\src\$RVNS6MQ\Actor_04\03-01-06-01-01-02-04.wav,fearful,fearful,1,0.8221220374107361,0.00043001488666050136,0.00036736918264068663,0.018338100984692574,0.0027836745139211416,0.00931475218385458,0.8221220374107361,0.008543813601136208,0.138100266456604
38,218,03-01-06-01-02-01-04.wav,C:\Users\hik88\Desktop\BIT_Uni\GraduationPaper\Project\SER_GraduationPaper\src\$RVNS6MQ\Actor_04\03-01-06-01-02-01-04.wav,fearful,fearful,1,0.7884905934333801,0.0011141598224639893,0.0005784136010333896,0.04497778043150902,0.002481443341821432,0.019544102251529694,0.7884905934333801,0.009495576843619347,0.13331788778305054
39,219,03-01-06-01-02-02-04.wav,C:\Users\hik88\Desktop\BIT_Uni\GraduationPaper\Project\SER_GraduationPaper\src\$RVNS6MQ\Actor_04\03-01-06-01-02-02-04.wav,fearful,surprised,0,0.48422279953956604,0.0015102687757462263,0.0005814982578158379,0.03239050135016441,0.004305275622755289,0.00627892417833209,0.46174028515815735,0.008970403112471104,0.48422279953956604
40,220,03-01-06-02-01-01-04.wav,C:\Users\hik88\Desktop\BIT_Uni\GraduationPaper\Project\SER_GraduationPaper\src\$RVNS6MQ\Actor_04\03-01-06-02-01-01-04.wav,fearful,fearful,1,0.9041828513145447,0.0003339560062158853,0.00030031398637220263,0.011150593869388103,0.007101839408278465,0.0013737797271460295,0.9041828513145447,0.004098815377801657,0.07145779579877853
41,221,03-01-06-02-01-02-04.wav,C:\Users\hik88\Desktop\BIT_Uni\GraduationPaper\Project\SER_GraduationPaper\src\$RVNS6MQ\Actor_04\03-01-06-02-01-02-04.wav,fearful,fearful,1,0.5258167386054993,0.0006351115880534053,0.0006304816342890263,0.02403176948428154,0.003291380824521184,0.010295644402503967,0.5258167386054993,0.016255654394626617,0.41904327273368835
42,222,03-01-06-02-02-01-04.wav,C:\Users\hik88\Desktop\BIT_Uni\GraduationPaper\Project\SER_GraduationPaper\src\$RVNS6MQ\Actor_04\03-01-06-02-02-01-04.wav,fearful,surprised,0,0.5023012161254883,0.002996139694005251,0.0022493540309369564,0.03666495531797409,0.0016941375797614455,0.044757016003131866,0.3978637158870697,0.011473458260297775,0.5023012161254883
43,223,03-01-06-02-02-02-04.wav,C:\Users\hik88\Desktop\BIT_Uni\GraduationPaper\Project\SER_GraduationPaper\src\$RVNS6MQ\Actor_04\03-01-06-02-02-02-04.wav,fearful,fearful,1,0.8159674406051636,0.0016486429376527667,0.00171281723305583,0.05419588088989258,0.006822417490184307,0.005318880546838045,0.8159674406051636,0.003880717558786273,0.11045315116643906
44,224,03-01-07-01-01-01-04.wav,C:\Users\hik88\Desktop\BIT_Uni\GraduationPaper\Project\SER_GraduationPaper\src\$RVNS6MQ\Actor_04\03-01-07-01-01-01-04.wav,disgust,disgust,1,0.7242967486381531,0.0034018498845398426,0.009309213608503342,0.01686791330575943,0.08165374398231506,0.04967563971877098,0.007228031288832426,0.7242967486381531,0.10756680369377136
45,225,03-01-07-01-01-02-04.wav,C:\Users\hik88\Desktop\BIT_Uni\GraduationPaper\Project\SER_GraduationPaper\src\$RVNS6MQ\Actor_04\03-01-07-01-01-02-04.wav,disgust,disgust,1,0.4632747769355774,0.002752109430730343,0.004964629653841257,0.028716102242469788,0.03244234248995781,0.03604479506611824,0.06045954301953316,0.4632747769355774,0.3713456988334656
46,226,03-01-07-01-02-01-04.wav,C:\Users\hik88\Desktop\BIT_Uni\GraduationPaper\Project\SER_GraduationPaper\src\$RVNS6MQ\Actor_04\03-01-07-01-02-01-04.wav,disgust,surprised,0,0.4499245882034302,0.025364762172102928,0.017968999221920967,0.06333350390195847,0.07659474015235901,0.12227616459131241,0.06998314708471298,0.17455409467220306,0.4499245882034302
47,227,03-01-07-01-02-02-04.wav,C:\Users\hik88\Desktop\BIT_Uni\GraduationPaper\Project\SER_GraduationPaper\src\$RVNS6MQ\Actor_04\03-01-07-01-02-02-04.wav,disgust,fearful,0,0.6591904163360596,0.015127340331673622,0.009561344981193542,0.13400699198246002,0.022019853815436363,0.04073664918541908,0.6591904163360596,0.022931454703211784,0.09642589837312698
48,228,03-01-07-02-01-01-04.wav,C:\Users\hik88\Desktop\BIT_Uni\GraduationPaper\Project\SER_GraduationPaper\src\$RVNS6MQ\Actor_04\03-01-07-02-01-01-04.wav,disgust,surprised,0,0.39707985520362854,0.005564248189330101,0.0062188152223825455,0.1787482351064682,0.008308866992592812,0.17653729021549225,0.13460098206996918,0.09294170886278152,0.39707985520362854
49,229,03-01-07-02-01-02-04.wav,C:\Users\hik88\Desktop\BIT_Uni\GraduationPaper\Project\SER_GraduationPaper\src\$RVNS6MQ\Actor_04\03-01-07-02-01-02-04.wav,disgust,angry,0,0.4304234981536865,0.00845431350171566,0.03108641877770424,0.1378353238105774,0.047397419810295105,0.4304234981536865,0.0636766329407692,0.21938775479793549,0.06173861026763916
50,230,03-01-07-02-02-01-04.wav,C:\Users\hik88\Desktop\BIT_Uni\GraduationPaper\Project\SER_GraduationPaper\src\$RVNS6MQ\Actor_04\03-01-07-02-02-01-04.wav,disgust,fearful,0,0.4232223331928253,0.021092109382152557,0.01413771416991949,0.20020687580108643,0.164648175239563,0.06311207264661789,0.4232223331928253,0.0534418448805809,0.060138899832963943
51,231,03-01-07-02-02-02-04.wav,C:\Users\hik88\Desktop\BIT_Uni\GraduationPaper\Project\SER_GraduationPaper\src\$RVNS6MQ\Actor_04\03-01-07-02-02-02-04.wav,disgust,surprised,0,0.410566121339798,0.004123286809772253,0.0058740475215017796,0.13665242493152618,0.014754259027540684,0.13906589150428772,0.05382845923304558,0.2351355403661728,0.410566121339798
52,232,03-01-08-01-01-01-04.wav,C:\Users\hik88\Desktop\BIT_Uni\GraduationPaper\Project\SER_GraduationPaper\src\$RVNS6MQ\Actor_04\03-01-08-01-01-01-04.wav,surprised,surprised,1,0.8629222512245178,0.007224356289952993,0.002130582695826888,0.07510209828615189,0.005243447609245777,0.023798050358891487,0.013896874152123928,0.009682287462055683,0.8629222512245178
53,233,03-01-08-01-01-02-04.wav,C:\Users\hik88\Desktop\BIT_Uni\GraduationPaper\Project\SER_GraduationPaper\src\$RVNS6MQ\Actor_04\03-01-08-01-01-02-04.wav,surprised,surprised,1,0.8112335205078125,0.0042479210533201694,0.0015560047468170524,0.13726255297660828,0.0010128100402653217,0.03205675259232521,0.0040108924731612206,0.008619519881904125,0.8112335205078125
54,234,03-01-08-01-02-01-04.wav,C:\Users\hik88\Desktop\BIT_Uni\GraduationPaper\Project\SER_GraduationPaper\src\$RVNS6MQ\Actor_04\03-01-08-01-02-01-04.wav,surprised,surprised,1,0.8382144570350647,0.03816264867782593,0.006390719208866358,0.047663554549217224,0.0025561144575476646,0.04929296672344208,0.008260359987616539,0.00945919007062912,0.8382144570350647
55,235,03-01-08-01-02-02-04.wav,C:\Users\hik88\Desktop\BIT_Uni\GraduationPaper\Project\SER_GraduationPaper\src\$RVNS6MQ\Actor_04\03-01-08-01-02-02-04.wav,surprised,surprised,1,0.9365599155426025,0.004257065709680319,0.0014146917965263128,0.036323752254247665,0.0009109410457313061,0.011306666769087315,0.005665458273142576,0.003561512567102909,0.9365599155426025
56,236,03-01-08-02-01-01-04.wav,C:\Users\hik88\Desktop\BIT_Uni\GraduationPaper\Project\SER_GraduationPaper\src\$RVNS6MQ\Actor_04\03-01-08-02-01-01-04.wav,surprised,surprised,1,0.5763281583786011,0.0020548359025269747,0.001577844494022429,0.17350493371486664,0.003366095246747136,0.12124703824520111,0.10470513254404068,0.017215954139828682,0.5763281583786011
57,237,03-01-08-02-01-02-04.wav,C:\Users\hik88\Desktop\BIT_Uni\GraduationPaper\Project\SER_GraduationPaper\src\$RVNS6MQ\Actor_04\03-01-08-02-01-02-04.wav,surprised,surprised,1,0.5189415812492371,0.014555606059730053,0.009313151240348816,0.13467606902122498,0.0074233426712453365,0.08827764540910721,0.1751413196325302,0.051671214401721954,0.5189415812492371
58,238,03-01-08-02-02-01-04.wav,C:\Users\hik88\Desktop\BIT_Uni\GraduationPaper\Project\SER_GraduationPaper\src\$RVNS6MQ\Actor_04\03-01-08-02-02-01-04.wav,surprised,surprised,1,0.8718982338905334,0.0071045043878257275,0.0023617695551365614,0.04813279211521149,0.0016777684213593602,0.02713143453001976,0.03483043983578682,0.006863064132630825,0.8718982338905334
59,239,03-01-08-02-02-02-04.wav,C:\Users\hik88\Desktop\BIT_Uni\GraduationPaper\Project\SER_GraduationPaper\src\$RVNS6MQ\Actor_04\03-01-08-02-02-02-04.wav,surprised,surprised,1,0.8671174645423889,0.004445343744009733,0.001966451993212104,0.038701415061950684,0.0011623365571722388,0.06458818167448044,0.011911073699593544,0.01010773703455925,0.8671174645423889
60,480,03-01-01-01-01-01-09.wav,C:\Users\hik88\Desktop\BIT_Uni\GraduationPaper\Project\SER_GraduationPaper\src\$RVNS6MQ\Actor_09\03-01-01-01-01-01-09.wav,neutral,calm,0,0.4364005923271179,0.2624994218349457,0.4364005923271179,0.012942326255142689,0.24359355866909027,0.001994979102164507,0.005693821236491203,0.013238543644547462,0.023636722937226295
61,481,03-01-01-01-01-02-09.wav,C:\Users\hik88\Desktop\BIT_Uni\GraduationPaper\Project\SER_GraduationPaper\src\$RVNS6MQ\Actor_09\03-01-01-01-01-02-09.wav,neutral,neutral,1,0.48458194732666016,0.48458194732666016,0.37498193979263306,0.057450857013463974,0.0366179421544075,0.007583762519061565,0.009155469946563244,0.010500527918338776,0.019127551466226578
62,482,03-01-01-01-02-01-09.wav,C:\Users\hik88\Desktop\BIT_Uni\GraduationPaper\Project\SER_GraduationPaper\src\$RVNS6MQ\Actor_09\03-01-01-01-02-01-09.wav,neutral,sad,0,0.3754256069660187,0.2654603123664856,0.2980002164840698,0.009858840145170689,0.3754256069660187,0.003347221529111266,0.016599930822849274,0.015607022680342197,0.01570078358054161
63,483,03-01-01-01-02-02-09.wav,C:\Users\hik88\Desktop\BIT_Uni\GraduationPaper\Project\SER_GraduationPaper\src\$RVNS6MQ\Actor_09\03-01-01-01-02-02-09.wav,neutral,sad,0,0.39984846115112305,0.16641128063201904,0.3670714497566223,0.00563581520691514,0.39984846115112305,0.0018785683205351233,0.014699624851346016,0.015091417357325554,0.02936338447034359
64,484,03-01-02-01-01-01-09.wav,C:\Users\hik88\Desktop\BIT_Uni\GraduationPaper\Project\SER_GraduationPaper\src\$RVNS6MQ\Actor_09\03-01-02-01-01-01-09.wav,calm,calm,1,0.881888747215271,0.08064329624176025,0.881888747215271,0.006188247352838516,0.020971879363059998,0.0014851319137960672,0.0009863689774647355,0.0025969287380576134,0.005239445716142654
65,485,03-01-02-01-01-02-09.wav,C:\Users\hik88\Desktop\BIT_Uni\GraduationPaper\Project\SER_GraduationPaper\src\$RVNS6MQ\Actor_09\03-01-02-01-01-02-09.wav,calm,calm,1,0.7744917869567871,0.12416772544384003,0.7744917869567871,0.059000805020332336,0.015310687012970448,0.007315777707844973,0.002259777160361409,0.012085541151463985,0.005367905367165804
66,486,03-01-02-01-02-01-09.wav,C:\Users\hik88\Desktop\BIT_Uni\GraduationPaper\Project\SER_GraduationPaper\src\$RVNS6MQ\Actor_09\03-01-02-01-02-01-09.wav,calm,calm,1,0.6883701086044312,0.16673409938812256,0.6883701086044312,0.031016163527965546,0.06270985305309296,0.010603344067931175,0.005380438640713692,0.024516073986887932,0.010670030489563942
67,487,03-01-02-01-02-02-09.wav,C:\Users\hik88\Desktop\BIT_Uni\GraduationPaper\Project\SER_GraduationPaper\src\$RVNS6MQ\Actor_09\03-01-02-01-02-02-09.wav,calm,calm,1,0.8436500430107117,0.09143028408288956,0.8436500430107117,0.004237700719386339,0.052410803735256195,0.0023078937083482742,0.0009976206347346306,0.002904839813709259,0.0020608685445040464
68,488,03-01-02-02-01-01-09.wav,C:\Users\hik88\Desktop\BIT_Uni\GraduationPaper\Project\SER_GraduationPaper\src\$RVNS6MQ\Actor_09\03-01-02-02-01-01-09.wav,calm,calm,1,0.9203256368637085,0.027984097599983215,0.9203256368637085,0.00037827904452569783,0.04540785402059555,0.0005565058090724051,0.001176056801341474,0.0018234285525977612,0.002348116133362055
69,489,03-01-02-02-01-02-09.wav,C:\Users\hik88\Desktop\BIT_Uni\GraduationPaper\Project\SER_GraduationPaper\src\$RVNS6MQ\Actor_09\03-01-02-02-01-02-09.wav,calm,calm,1,0.9036434292793274,0.08535970002412796,0.9036434292793274,0.002135814167559147,0.005951515398919582,0.0009527496877126396,0.00030080534634180367,0.0007309779757633805,0.0009251250885426998
70,490,03-01-02-02-02-01-09.wav,C:\Users\hik88\Desktop\BIT_Uni\GraduationPaper\Project\SER_GraduationPaper\src\$RVNS6MQ\Actor_09\03-01-02-02-02-01-09.wav,calm,calm,1,0.6555895209312439,0.2409335821866989,0.6555895209312439,0.04039400443434715,0.03816932812333107,0.010151766240596771,0.002305254340171814,0.007690001744776964,0.004766595549881458
71,491,03-01-02-02-02-02-09.wav,C:\Users\hik88\Desktop\BIT_Uni\GraduationPaper\Project\SER_GraduationPaper\src\$RVNS6MQ\Actor_09\03-01-02-02-02-02-09.wav,calm,calm,1,0.7777166366577148,0.043673381209373474,0.7777166366577148,0.0016719347331672907,0.16150471568107605,0.001407465897500515,0.002481084782630205,0.0077182152308523655,0.003826684318482876
72,492,03-01-03-01-01-01-09.wav,C:\Users\hik88\Desktop\BIT_Uni\GraduationPaper\Project\SER_GraduationPaper\src\$RVNS6MQ\Actor_09\03-01-03-01-01-01-09.wav,happy,sad,0,0.34888148307800293,0.3156382143497467,0.08981480449438095,0.20106390118598938,0.34888148307800293,0.014103162102401257,0.009449831210076809,0.009541689418256283,0.011506889015436172
73,493,03-01-03-01-01-02-09.wav,C:\Users\hik88\Desktop\BIT_Uni\GraduationPaper\Project\SER_GraduationPaper\src\$RVNS6MQ\Actor_09\03-01-03-01-01-02-09.wav,happy,happy,1,0.3087083697319031,0.07426721602678299,0.049948543310165405,0.3087083697319031,0.12264840304851532,0.008842424489557743,0.044064901769161224,0.09244918078184128,0.29907095432281494
74,494,03-01-03-01-02-01-09.wav,C:\Users\hik88\Desktop\BIT_Uni\GraduationPaper\Project\SER_GraduationPaper\src\$RVNS6MQ\Actor_09\03-01-03-01-02-01-09.wav,happy,sad,0,0.4292692542076111,0.09370557963848114,0.12304955720901489,0.03432568162679672,0.4292692542076111,0.008702575229108334,0.028495559468865395,0.1546907126903534,0.12776106595993042
75,495,03-01-03-01-02-02-09.wav,C:\Users\hik88\Desktop\BIT_Uni\GraduationPaper\Project\SER_GraduationPaper\src\$RVNS6MQ\Actor_09\03-01-03-01-02-02-09.wav,happy,sad,0,0.4941605031490326,0.017483020201325417,0.015216616913676262,0.3594292104244232,0.4941605031490326,0.011715424247086048,0.05109347030520439,0.03043030947446823,0.020471418276429176
76,496,03-01-03-02-01-01-09.wav,C:\Users\hik88\Desktop\BIT_Uni\GraduationPaper\Project\SER_GraduationPaper\src\$RVNS6MQ\Actor_09\03-01-03-02-01-01-09.wav,happy,happy,1,0.8609760999679565,0.003247014479711652,0.004779566079378128,0.8609760999679565,0.035070013254880905,0.02001321129500866,0.0631234347820282,0.003617956070229411,0.009172802790999413
77,497,03-01-03-02-01-02-09.wav,C:\Users\hik88\Desktop\BIT_Uni\GraduationPaper\Project\SER_GraduationPaper\src\$RVNS6MQ\Actor_09\03-01-03-02-01-02-09.wav,happy,happy,1,0.708630383014679,0.004725166130810976,0.0071338159032166,0.708630383014679,0.1987663209438324,0.0036176920402795076,0.07197613269090652,0.0029161630664020777,0.002234376734122634
78,498,03-01-03-02-02-01-09.wav,C:\Users\hik88\Desktop\BIT_Uni\GraduationPaper\Project\SER_GraduationPaper\src\$RVNS6MQ\Actor_09\03-01-03-02-02-01-09.wav,happy,happy,1,0.7246022820472717,0.0015951726818457246,0.002131643472239375,0.7246022820472717,0.013937312178313732,0.117704376578331,0.11678872257471085,0.003571881214156747,0.01966867223381996
79,499,03-01-03-02-02-02-09.wav,C:\Users\hik88\Desktop\BIT_Uni\GraduationPaper\Project\SER_GraduationPaper\src\$RVNS6MQ\Actor_09\03-01-03-02-02-02-09.wav,happy,happy,1,0.8419760465621948,0.001934373052790761,0.0025455555878579617,0.8419760465621948,0.0730745792388916,0.006876616273075342,0.06745973229408264,0.002835833467543125,0.0032972614280879498
80,500,03-01-04-01-01-01-09.wav,C:\Users\hik88\Desktop\BIT_Uni\GraduationPaper\Project\SER_GraduationPaper\src\$RVNS6MQ\Actor_09\03-01-04-01-01-01-09.wav,sad,sad,1,0.4424521028995514,0.16456100344657898,0.36247071623802185,0.009071346372365952,0.4424521028995514,0.0028384036850184202,0.004989915061742067,0.0056785703636705875,0.00793784111738205
81,501,03-01-04-01-01-02-09.wav,C:\Users\hik88\Desktop\BIT_Uni\GraduationPaper\Project\SER_GraduationPaper\src\$RVNS6MQ\Actor_09\03-01-04-01-01-02-09.wav,sad,calm,0,0.6370189785957336,0.09118346869945526,0.6370189785957336,0.0067777568474411964,0.20884887874126434,0.008512419648468494,0.008635773323476315,0.020093491300940514,0.01892930082976818
82,502,03-01-04-01-02-01-09.wav,C:\Users\hik88\Desktop\BIT_Uni\GraduationPaper\Project\SER_GraduationPaper\src\$RVNS6MQ\Actor_09\03-01-04-01-02-01-09.wav,sad,sad,1,0.5214191675186157,0.0660838633775711,0.36346983909606934,0.003985063638538122,0.5214191675186157,0.002946203574538231,0.013102225959300995,0.01170709915459156,0.01728653535246849
83,503,03-01-04-01-02-02-09.wav,C:\Users\hik88\Desktop\BIT_Uni\GraduationPaper\Project\SER_GraduationPaper\src\$RVNS6MQ\Actor_09\03-01-04-01-02-02-09.wav,sad,calm,0,0.6398718357086182,0.04675750061869621,0.6398718357086182,0.0018255701288580894,0.2842998802661896,0.00269893161021173,0.007948284037411213,0.008174775168299675,0.008423104882240295
84,504,03-01-04-02-01-01-09.wav,C:\Users\hik88\Desktop\BIT_Uni\GraduationPaper\Project\SER_GraduationPaper\src\$RVNS6MQ\Actor_09\03-01-04-02-01-01-09.wav,sad,sad,1,0.4546422064304352,0.09742774069309235,0.07975835353136063,0.2552246153354645,0.4546422064304352,0.019084885716438293,0.054934415966272354,0.01537723746150732,0.02355063147842884
85,505,03-01-04-02-01-02-09.wav,C:\Users\hik88\Desktop\BIT_Uni\GraduationPaper\Project\SER_GraduationPaper\src\$RVNS6MQ\Actor_09\03-01-04-02-01-02-09.wav,sad,sad,1,0.6361640691757202,0.00877769012004137,0.019769614562392235,0.206505686044693,0.6361640691757202,0.0081317825242877,0.059951771050691605,0.03654622659087181,0.024153098464012146
86,506,03-01-04-02-02-01-09.wav,C:\Users\hik88\Desktop\BIT_Uni\GraduationPaper\Project\SER_GraduationPaper\src\$RVNS6MQ\Actor_09\03-01-04-02-02-01-09.wav,sad,sad,1,0.9153302311897278,0.014053069986402988,0.007246228866279125,0.03221568837761879,0.9153302311897278,0.000874146178830415,0.019506480544805527,0.003693693084642291,0.007080401759594679
87,507,03-01-04-02-02-02-09.wav,C:\Users\hik88\Desktop\BIT_Uni\GraduationPaper\Project\SER_GraduationPaper\src\$RVNS6MQ\Actor_09\03-01-04-02-02-02-09.wav,sad,sad,1,0.8304058313369751,0.03346870467066765,0.016620885580778122,0.06189386174082756,0.8304058313369751,0.001563361962325871,0.04266197606921196,0.0027612075209617615,0.010624232701957226
88,508,03-01-05-01-01-01-09.wav,C:\Users\hik88\Desktop\BIT_Uni\GraduationPaper\Project\SER_GraduationPaper\src\$RVNS6MQ\Actor_09\03-01-05-01-01-01-09.wav,angry,sad,0,0.4261666536331177,0.022586345672607422,0.06375289708375931,0.06366511434316635,0.4261666536331177,0.03811328485608101,0.050185833126306534,0.252593457698822,0.08293648064136505
89,509,03-01-05-01-01-02-09.wav,C:\Users\hik88\Desktop\BIT_Uni\GraduationPaper\Project\SER_GraduationPaper\src\$RVNS6MQ\Actor_09\03-01-05-01-01-02-09.wav,angry,disgust,0,0.45105668902397156,0.002747342921793461,0.01166464015841484,0.009436586871743202,0.35836875438690186,0.01295042596757412,0.0432620495557785,0.45105668902397156,0.11051347851753235
90,510,03-01-05-01-02-01-09.wav,C:\Users\hik88\Desktop\BIT_Uni\GraduationPaper\Project\SER_GraduationPaper\src\$RVNS6MQ\Actor_09\03-01-05-01-02-01-09.wav,angry,sad,0,0.6582133173942566,0.006445571314543486,0.004366733133792877,0.06633583456277847,0.6582133173942566,0.01450868509709835,0.11825662106275558,0.0712067112326622,0.06066654622554779
91,511,03-01-05-01-02-02-09.wav,C:\Users\hik88\Desktop\BIT_Uni\GraduationPaper\Project\SER_GraduationPaper\src\$RVNS6MQ\Actor_09\03-01-05-01-02-02-09.wav,angry,sad,0,0.5644617676734924,0.011790131218731403,0.008068102411925793,0.12724357843399048,0.5644617676734924,0.0392899215221405,0.07370037585496902,0.12340432405471802,0.052041757851839066
92,512,03-01-05-02-01-01-09.wav,C:\Users\hik88\Desktop\BIT_Uni\GraduationPaper\Project\SER_GraduationPaper\src\$RVNS6MQ\Actor_09\03-01-05-02-01-01-09.wav,angry,angry,1,0.8784108757972717,0.0006126698572188616,0.0011881196405738592,0.043155040591955185,0.004085439722985029,0.8784108757972717,0.06045401468873024,0.004214435815811157,0.007879327051341534
93,513,03-01-05-02-01-02-09.wav,C:\Users\hik88\Desktop\BIT_Uni\GraduationPaper\Project\SER_GraduationPaper\src\$RVNS6MQ\Actor_09\03-01-05-02-01-02-09.wav,angry,angry,1,0.8817201852798462,0.0007465244852937758,0.0014346063835546374,0.04786020517349243,0.004267822485417128,0.8817201852798462,0.04183216392993927,0.006813437677919865,0.015325017273426056
94,514,03-01-05-02-02-01-09.wav,C:\Users\hik88\Desktop\BIT_Uni\GraduationPaper\Project\SER_GraduationPaper\src\$RVNS6MQ\Actor_09\03-01-05-02-02-01-09.wav,angry,angry,1,0.8445242643356323,0.0007810009410604835,0.0015388752799481153,0.077808678150177,0.002380242571234703,0.8445242643356323,0.043400026857852936,0.004453978966921568,0.025112900882959366
95,515,03-01-05-02-02-02-09.wav,C:\Users\hik88\Desktop\BIT_Uni\GraduationPaper\Project\SER_GraduationPaper\src\$RVNS6MQ\Actor_09\03-01-05-02-02-02-09.wav,angry,angry,1,0.866087019443512,0.0009000388090498745,0.0018756318604573607,0.047966618090867996,0.0017698653973639011,0.866087019443512,0.052808310836553574,0.005205817520618439,0.023386718705296516
96,516,03-01-06-01-01-01-09.wav,C:\Users\hik88\Desktop\BIT_Uni\GraduationPaper\Project\SER_GraduationPaper\src\$RVNS6MQ\Actor_09\03-01-06-01-01-01-09.wav,fearful,calm,0,0.4555869698524475,0.07084628194570541,0.4555869698524475,0.009158814325928688,0.17504043877124786,0.010467560030519962,0.021451525390148163,0.1644584834575653,0.09298979490995407
97,517,03-01-06-01-01-02-09.wav,C:\Users\hik88\Desktop\BIT_Uni\GraduationPaper\Project\SER_GraduationPaper\src\$RVNS6MQ\Actor_09\03-01-06-01-01-02-09.wav,fearful,calm,0,0.6151453256607056,0.1902744621038437,0.6151453256607056,0.012355482205748558,0.07541096955537796,0.010926512070000172,0.018154095858335495,0.04323478788137436,0.03449827432632446
98,518,03-01-06-01-02-01-09.wav,C:\Users\hik88\Desktop\BIT_Uni\GraduationPaper\Project\SER_GraduationPaper\src\$RVNS6MQ\Actor_09\03-01-06-01-02-01-09.wav,fearful,calm,0,0.5219904780387878,0.07474491000175476,0.5219904780387878,0.010083749890327454,0.300724059343338,0.015139496885240078,0.02146989479660988,0.04679428040981293,0.009053217247128487
99,519,03-01-06-01-02-02-09.wav,C:\Users\hik88\Desktop\BIT_Uni\GraduationPaper\Project\SER_GraduationPaper\src\$RVNS6MQ\Actor_09\03-01-06-01-02-02-09.wav,fearful,calm,0,0.8125239014625549,0.11127040535211563,0.8125239014625549,0.0018790197791531682,0.06323102116584778,0.0015598760219290853,0.004650663118809462,0.001922260969877243,0.002962833270430565
100,520,03-01-06-02-01-01-09.wav,C:\Users\hik88\Desktop\BIT_Uni\GraduationPaper\Project\SER_GraduationPaper\src\$RVNS6MQ\Actor_09\03-01-06-02-01-01-09.wav,fearful,sad,0,0.33693385124206543,0.03598352149128914,0.10128985345363617,0.2589438259601593,0.33693385124206543,0.1018974781036377,0.07682671397924423,0.0521647110581398,0.035959869623184204
101,521,03-01-06-02-01-02-09.wav,C:\Users\hik88\Desktop\BIT_Uni\GraduationPaper\Project\SER_GraduationPaper\src\$RVNS6MQ\Actor_09\03-01-06-02-01-02-09.wav,fearful,calm,0,0.2234589010477066,0.022852899506688118,0.2234589010477066,0.13844729959964752,0.08436916768550873,0.04920024797320366,0.049142882227897644,0.21754062175750732,0.2149878591299057
102,522,03-01-06-02-02-01-09.wav,C:\Users\hik88\Desktop\BIT_Uni\GraduationPaper\Project\SER_GraduationPaper\src\$RVNS6MQ\Actor_09\03-01-06-02-02-01-09.wav,fearful,fearful,1,0.3272612988948822,0.015836238861083984,0.028089120984077454,0.3145924210548401,0.18901842832565308,0.027565786615014076,0.3272612988948822,0.020737627521157265,0.07689908891916275
103,523,03-01-06-02-02-02-09.wav,C:\Users\hik88\Desktop\BIT_Uni\GraduationPaper\Project\SER_GraduationPaper\src\$RVNS6MQ\Actor_09\03-01-06-02-02-02-09.wav,fearful,sad,0,0.3564290404319763,0.009513495489954948,0.00891023501753807,0.3046993911266327,0.3564290404319763,0.01651192270219326,0.25929659605026245,0.013022341765463352,0.03161708638072014
104,524,03-01-07-01-01-01-09.wav,C:\Users\hik88\Desktop\BIT_Uni\GraduationPaper\Project\SER_GraduationPaper\src\$RVNS6MQ\Actor_09\03-01-07-01-01-01-09.wav,disgust,disgust,1,0.4010390341281891,0.04048499837517738,0.038714949041604996,0.030183305963873863,0.32873019576072693,0.009300810284912586,0.043631523847579956,0.4010390341281891,0.10791520029306412
105,525,03-01-07-01-01-02-09.wav,C:\Users\hik88\Desktop\BIT_Uni\GraduationPaper\Project\SER_GraduationPaper\src\$RVNS6MQ\Actor_09\03-01-07-01-01-02-09.wav,disgust,disgust,1,0.5770952701568604,0.024278979748487473,0.029259154573082924,0.08414656668901443,0.1304277628660202,0.03392116725444794,0.05333980545401573,0.5770952701568604,0.06753125786781311
106,526,03-01-07-01-02-01-09.wav,C:\Users\hik88\Desktop\BIT_Uni\GraduationPaper\Project\SER_GraduationPaper\src\$RVNS6MQ\Actor_09\03-01-07-01-02-01-09.wav,disgust,sad,0,0.5923094749450684,0.1729123741388321,0.14926089346408844,0.015464833937585354,0.5923094749450684,0.003224137704819441,0.015496501699090004,0.020758850499987602,0.030572999268770218
107,527,03-01-07-01-02-02-09.wav,C:\Users\hik88\Desktop\BIT_Uni\GraduationPaper\Project\SER_GraduationPaper\src\$RVNS6MQ\Actor_09\03-01-07-01-02-02-09.wav,disgust,sad,0,0.3015492856502533,0.17992384731769562,0.22376088798046112,0.08209545910358429,0.3015492856502533,0.06788896769285202,0.02331920713186264,0.10055992007255554,0.020902443677186966
108,528,03-01-07-02-01-01-09.wav,C:\Users\hik88\Desktop\BIT_Uni\GraduationPaper\Project\SER_GraduationPaper\src\$RVNS6MQ\Actor_09\03-01-07-02-01-01-09.wav,disgust,disgust,1,0.5181329846382141,0.021569158881902695,0.012005777098238468,0.03547185659408569,0.22594472765922546,0.03623189404606819,0.020574457943439484,0.5181329846382141,0.1300690472126007
109,529,03-01-07-02-01-02-09.wav,C:\Users\hik88\Desktop\BIT_Uni\GraduationPaper\Project\SER_GraduationPaper\src\$RVNS6MQ\Actor_09\03-01-07-02-01-02-09.wav,disgust,disgust,1,0.5147654414176941,0.011914619244635105,0.009697599336504936,0.02004549279808998,0.2870820462703705,0.0442778617143631,0.03641524165868759,0.5147654414176941,0.07580176740884781
110,530,03-01-07-02-02-01-09.wav,C:\Users\hik88\Desktop\BIT_Uni\GraduationPaper\Project\SER_GraduationPaper\src\$RVNS6MQ\Actor_09\03-01-07-02-02-01-09.wav,disgust,disgust,1,0.6059427857398987,0.012310503982007504,0.0065863910131156445,0.0350099541246891,0.23553061485290527,0.026595238596200943,0.02793254889547825,0.6059427857398987,0.050092000514268875
111,531,03-01-07-02-02-02-09.wav,C:\Users\hik88\Desktop\BIT_Uni\GraduationPaper\Project\SER_GraduationPaper\src\$RVNS6MQ\Actor_09\03-01-07-02-02-02-09.wav,disgust,happy,0,0.34960153698921204,0.034262292087078094,0.012978957034647465,0.34960153698921204,0.1412729024887085,0.07161819934844971,0.04325416684150696,0.29763245582580566,0.04937944933772087
112,532,03-01-08-01-01-01-09.wav,C:\Users\hik88\Desktop\BIT_Uni\GraduationPaper\Project\SER_GraduationPaper\src\$RVNS6MQ\Actor_09\03-01-08-01-01-01-09.wav,surprised,sad,0,0.40683862566947937,0.26607874035835266,0.22176826000213623,0.014607107266783714,0.40683862566947937,0.0027948382776230574,0.016458947211503983,0.029530836269259453,0.04192264750599861
113,533,03-01-08-01-01-02-09.wav,C:\Users\hik88\Desktop\BIT_Uni\GraduationPaper\Project\SER_GraduationPaper\src\$RVNS6MQ\Actor_09\03-01-08-01-01-02-09.wav,surprised,calm,0,0.5619794130325317,0.13069652020931244,0.5619794130325317,0.011169373989105225,0.1729423999786377,0.0040284073911607265,0.008093896321952343,0.03327449783682823,0.07781554758548737
114,534,03-01-08-01-02-01-09.wav,C:\Users\hik88\Desktop\BIT_Uni\GraduationPaper\Project\SER_GraduationPaper\src\$RVNS6MQ\Actor_09\03-01-08-01-02-01-09.wav,surprised,sad,0,0.5296762585639954,0.21657735109329224,0.1294383555650711,0.011930751614272594,0.5296762585639954,0.0031023940537124872,0.013398036360740662,0.05356619879603386,0.042310681194067
115,535,03-01-08-01-02-02-09.wav,C:\Users\hik88\Desktop\BIT_Uni\GraduationPaper\Project\SER_GraduationPaper\src\$RVNS6MQ\Actor_09\03-01-08-01-02-02-09.wav,surprised,sad,0,0.4109167456626892,0.28205397725105286,0.20607441663742065,0.017795417457818985,0.4109167456626892,0.0033978505525738,0.012753793969750404,0.02222292125225067,0.04478489235043526
116,536,03-01-08-02-01-01-09.wav,C:\Users\hik88\Desktop\BIT_Uni\GraduationPaper\Project\SER_GraduationPaper\src\$RVNS6MQ\Actor_09\03-01-08-02-01-01-09.wav,surprised,surprised,1,0.5968015789985657,0.01289572473615408,0.004444401245564222,0.03643811121582985,0.05236774682998657,0.010375590063631535,0.040960654616355896,0.2457161843776703,0.5968015789985657
117,537,03-01-08-02-01-02-09.wav,C:\Users\hik88\Desktop\BIT_Uni\GraduationPaper\Project\SER_GraduationPaper\src\$RVNS6MQ\Actor_09\03-01-08-02-01-02-09.wav,surprised,surprised,1,0.30354639887809753,0.21284471452236176,0.04178008437156677,0.0783192440867424,0.18207521736621857,0.010538749396800995,0.03300093114376068,0.1378946751356125,0.30354639887809753
118,538,03-01-08-02-02-01-09.wav,C:\Users\hik88\Desktop\BIT_Uni\GraduationPaper\Project\SER_GraduationPaper\src\$RVNS6MQ\Actor_09\03-01-08-02-02-01-09.wav,surprised,sad,0,0.5618094801902771,0.10439462214708328,0.038402751088142395,0.023979246616363525,0.5618094801902771,0.003141107503324747,0.027462488040328026,0.057019878178834915,0.1837904453277588
119,539,03-01-08-02-02-02-09.wav,C:\Users\hik88\Desktop\BIT_Uni\GraduationPaper\Project\SER_GraduationPaper\src\$RVNS6MQ\Actor_09\03-01-08-02-02-02-09.wav,surprised,sad,0,0.6300616264343262,0.06240152195096016,0.02309262752532959,0.016238532960414886,0.6300616264343262,0.004909157287329435,0.04779290780425072,0.11612537503242493,0.09937833994626999
120,780,03-01-01-01-01-01-14.wav,C:\Users\hik88\Desktop\BIT_Uni\GraduationPaper\Project\SER_GraduationPaper\src\$RVNS6MQ\Actor_14\03-01-01-01-01-01-14.wav,neutral,neutral,1,0.6226940751075745,0.6226940751075745,0.19751061499118805,0.0028388332575559616,0.12649127840995789,0.0032528562005609274,0.009437700733542442,0.003947694785892963,0.033826958388090134
121,781,03-01-01-01-01-02-14.wav,C:\Users\hik88\Desktop\BIT_Uni\GraduationPaper\Project\SER_GraduationPaper\src\$RVNS6MQ\Actor_14\03-01-01-01-01-02-14.wav,neutral,neutral,1,0.5591629147529602,0.5591629147529602,0.35493332147598267,0.001389031414873898,0.063592329621315,0.0023422532249242067,0.006357729900628328,0.003910935949534178,0.008311539888381958
122,782,03-01-01-01-02-01-14.wav,C:\Users\hik88\Desktop\BIT_Uni\GraduationPaper\Project\SER_GraduationPaper\src\$RVNS6MQ\Actor_14\03-01-01-01-02-01-14.wav,neutral,neutral,1,0.5336083769798279,0.5336083769798279,0.215776264667511,0.006420792080461979,0.08086494356393814,0.012676551938056946,0.03344036638736725,0.01723834127187729,0.09997431188821793
123,783,03-01-01-01-02-02-14.wav,C:\Users\hik88\Desktop\BIT_Uni\GraduationPaper\Project\SER_GraduationPaper\src\$RVNS6MQ\Actor_14\03-01-01-01-02-02-14.wav,neutral,neutral,1,0.43670782446861267,0.43670782446861267,0.28872206807136536,0.006583886221051216,0.07026753574609756,0.026924988254904747,0.0287228561937809,0.05353640392422676,0.088534414768219
124,784,03-01-02-01-01-01-14.wav,C:\Users\hik88\Desktop\BIT_Uni\GraduationPaper\Project\SER_GraduationPaper\src\$RVNS6MQ\Actor_14\03-01-02-01-01-01-14.wav,calm,calm,1,0.7484081387519836,0.16061989963054657,0.7484081387519836,0.015230335295200348,0.01614409312605858,0.012409893795847893,0.009914512746036053,0.01789127290248871,0.019381780177354813
125,785,03-01-02-01-01-02-14.wav,C:\Users\hik88\Desktop\BIT_Uni\GraduationPaper\Project\SER_GraduationPaper\src\$RVNS6MQ\Actor_14\03-01-02-01-01-02-14.wav,calm,calm,1,0.8801721334457397,0.044453125447034836,0.8801721334457397,0.003983759321272373,0.060831908136606216,0.001986145507544279,0.0029470925219357014,0.0022242669947445393,0.0034015679266303778
126,786,03-01-02-01-02-01-14.wav,C:\Users\hik88\Desktop\BIT_Uni\GraduationPaper\Project\SER_GraduationPaper\src\$RVNS6MQ\Actor_14\03-01-02-01-02-01-14.wav,calm,surprised,0,0.3554213047027588,0.09593565762042999,0.21046917140483856,0.1344233900308609,0.06340757757425308,0.02798028662800789,0.09132484346628189,0.021037835627794266,0.3554213047027588
127,787,03-01-02-01-02-02-14.wav,C:\Users\hik88\Desktop\BIT_Uni\GraduationPaper\Project\SER_GraduationPaper\src\$RVNS6MQ\Actor_14\03-01-02-01-02-02-14.wav,calm,calm,1,0.5153954029083252,0.206235870718956,0.5153954029083252,0.03531345725059509,0.11396793276071548,0.035395506769418716,0.06007955223321915,0.013875687494874,0.019736606627702713
128,788,03-01-02-02-01-01-14.wav,C:\Users\hik88\Desktop\BIT_Uni\GraduationPaper\Project\SER_GraduationPaper\src\$RVNS6MQ\Actor_14\03-01-02-02-01-01-14.wav,calm,calm,1,0.6135300993919373,0.09349440038204193,0.6135300993919373,0.015641972422599792,0.0718502551317215,0.02681204117834568,0.017131024971604347,0.10233622789382935,0.05920403450727463
129,789,03-01-02-02-01-02-14.wav,C:\Users\hik88\Desktop\BIT_Uni\GraduationPaper\Project\SER_GraduationPaper\src\$RVNS6MQ\Actor_14\03-01-02-02-01-02-14.wav,calm,calm,1,0.7833642959594727,0.024993516504764557,0.7833642959594727,0.009487859904766083,0.09639772772789001,0.005576936528086662,0.030090926215052605,0.020469103008508682,0.029619621112942696
130,790,03-01-02-02-02-01-14.wav,C:\Users\hik88\Desktop\BIT_Uni\GraduationPaper\Project\SER_GraduationPaper\src\$RVNS6MQ\Actor_14\03-01-02-02-02-01-14.wav,calm,calm,1,0.5349932909011841,0.2433631420135498,0.5349932909011841,0.027781732380390167,0.04923359304666519,0.01167252380400896,0.021652519702911377,0.011946766637265682,0.09935642778873444
131,791,03-01-02-02-02-02-14.wav,C:\Users\hik88\Desktop\BIT_Uni\GraduationPaper\Project\SER_GraduationPaper\src\$RVNS6MQ\Actor_14\03-01-02-02-02-02-14.wav,calm,calm,1,0.8595760464668274,0.08498013019561768,0.8595760464668274,0.004313839133828878,0.025887506082654,0.003148181363940239,0.0055671739391982555,0.0073064337484538555,0.009220576845109463
132,792,03-01-03-01-01-01-14.wav,C:\Users\hik88\Desktop\BIT_Uni\GraduationPaper\Project\SER_GraduationPaper\src\$RVNS6MQ\Actor_14\03-01-03-01-01-01-14.wav,happy,happy,1,0.8006255626678467,0.007351403124630451,0.003971117082983255,0.8006255626678467,0.008179825730621815,0.07417257130146027,0.04032110795378685,0.017490489408373833,0.0478878915309906
133,793,03-01-03-01-01-02-14.wav,C:\Users\hik88\Desktop\BIT_Uni\GraduationPaper\Project\SER_GraduationPaper\src\$RVNS6MQ\Actor_14\03-01-03-01-01-02-14.wav,happy,surprised,0,0.6112968921661377,0.00497182784602046,0.00222961837425828,0.1954100877046585,0.0013947791885584593,0.12730298936367035,0.02571123093366623,0.03168260306119919,0.6112968921661377
134,794,03-01-03-01-02-01-14.wav,C:\Users\hik88\Desktop\BIT_Uni\GraduationPaper\Project\SER_GraduationPaper\src\$RVNS6MQ\Actor_14\03-01-03-01-02-01-14.wav,happy,surprised,0,0.5509418249130249,0.0074392822571098804,0.004996136762201786,0.18947157263755798,0.00519123999401927,0.11521199345588684,0.08256587386131287,0.04418206959962845,0.5509418249130249
135,795,03-01-03-01-02-02-14.wav,C:\Users\hik88\Desktop\BIT_Uni\GraduationPaper\Project\SER_GraduationPaper\src\$RVNS6MQ\Actor_14\03-01-03-01-02-02-14.wav,happy,happy,1,0.5687863826751709,0.003935901913791895,0.004884042777121067,0.5687863826751709,0.00551983155310154,0.07008335739374161,0.039271265268325806,0.10023688524961472,0.20728234946727753
136,796,03-01-03-02-01-01-14.wav,C:\Users\hik88\Desktop\BIT_Uni\GraduationPaper\Project\SER_GraduationPaper\src\$RVNS6MQ\Actor_14\03-01-03-02-01-01-14.wav,happy,happy,1,0.633162796497345,0.0024905968457460403,0.0021192505955696106,0.633162796497345,0.034528154879808426,0.036416929215192795,0.23926468193531036,0.012372748926281929,0.03964487090706825
137,797,03-01-03-02-01-02-14.wav,C:\Users\hik88\Desktop\BIT_Uni\GraduationPaper\Project\SER_GraduationPaper\src\$RVNS6MQ\Actor_14\03-01-03-02-01-02-14.wav,happy,happy,1,0.7702346444129944,0.0030007658060640097,0.00214431737549603,0.7702346444129944,0.0093547273427248,0.050836432725191116,0.10390374064445496,0.014784854836761951,0.04574055224657059
138,798,03-01-03-02-02-01-14.wav,C:\Users\hik88\Desktop\BIT_Uni\GraduationPaper\Project\SER_GraduationPaper\src\$RVNS6MQ\Actor_14\03-01-03-02-02-01-14.wav,happy,happy,1,0.8472911715507507,0.0011108032194897532,0.0011065833969041705,0.8472911715507507,0.003898802911862731,0.02710477076470852,0.10861675441265106,0.002026535803452134,0.008844566531479359
139,799,03-01-03-02-02-02-14.wav,C:\Users\hik88\Desktop\BIT_Uni\GraduationPaper\Project\SER_GraduationPaper\src\$RVNS6MQ\Actor_14\03-01-03-02-02-02-14.wav,happy,fearful,0,0.4224134385585785,0.0024388846941292286,0.002553449012339115,0.3616865873336792,0.010546612553298473,0.10185157507658005,0.4224134385585785,0.01974647492170334,0.07876301556825638
140,800,03-01-04-01-01-01-14.wav,C:\Users\hik88\Desktop\BIT_Uni\GraduationPaper\Project\SER_GraduationPaper\src\$RVNS6MQ\Actor_14\03-01-04-01-01-01-14.wav,sad,sad,1,0.5179710388183594,0.23530544340610504,0.09521891921758652,0.00986831821501255,0.5179710388183594,0.012092960998415947,0.02711222693324089,0.06838133931159973,0.03404971584677696
141,801,03-01-04-01-01-02-14.wav,C:\Users\hik88\Desktop\BIT_Uni\GraduationPaper\Project\SER_GraduationPaper\src\$RVNS6MQ\Actor_14\03-01-04-01-01-02-14.wav,sad,sad,1,0.4091968238353729,0.08240430802106857,0.06234271451830864,0.02321787364780903,0.4091968238353729,0.019270094111561775,0.07195226103067398,0.17598077654838562,0.15563511848449707
142,802,03-01-04-01-02-01-14.wav,C:\Users\hik88\Desktop\BIT_Uni\GraduationPaper\Project\SER_GraduationPaper\src\$RVNS6MQ\Actor_14\03-01-04-01-02-01-14.wav,sad,neutral,0,0.4498828947544098,0.4498828947544098,0.28472617268562317,0.00974599551409483,0.14999571442604065,0.01603100448846817,0.026399163529276848,0.0228466484695673,0.040372397750616074
143,803,03-01-04-01-02-02-14.wav,C:\Users\hik88\Desktop\BIT_Uni\GraduationPaper\Project\SER_GraduationPaper\src\$RVNS6MQ\Actor_14\03-01-04-01-02-02-14.wav,sad,sad,1,0.3735641539096832,0.23443731665611267,0.16645723581314087,0.00531670032069087,0.3735641539096832,0.006832181476056576,0.056768834590911865,0.1145365834236145,0.04208706319332123
144,804,03-01-04-02-01-01-14.wav,C:\Users\hik88\Desktop\BIT_Uni\GraduationPaper\Project\SER_GraduationPaper\src\$RVNS6MQ\Actor_14\03-01-04-02-01-01-14.wav,sad,disgust,0,0.6235148906707764,0.019218191504478455,0.0177116971462965,0.02755853720009327,0.03933439776301384,0.07109062373638153,0.09581392258405685,0.6235148906707764,0.1057577133178711
145,805,03-01-04-02-01-02-14.wav,C:\Users\hik88\Desktop\BIT_Uni\GraduationPaper\Project\SER_GraduationPaper\src\$RVNS6MQ\Actor_14\03-01-04-02-01-02-14.wav,sad,surprised,0,0.5537950992584229,0.015743741765618324,0.007715235464274883,0.07720279693603516,0.040198422968387604,0.04091348871588707,0.09881992638111115,0.16561128199100494,0.5537950992584229
146,806,03-01-04-02-02-01-14.wav,C:\Users\hik88\Desktop\BIT_Uni\GraduationPaper\Project\SER_GraduationPaper\src\$RVNS6MQ\Actor_14\03-01-04-02-02-01-14.wav,sad,surprised,0,0.5654938220977783,0.02551506832242012,0.005901457741856575,0.046098995953798294,0.022055460140109062,0.06159713864326477,0.09265966713428497,0.1806783527135849,0.5654938220977783
147,807,03-01-04-02-02-02-14.wav,C:\Users\hik88\Desktop\BIT_Uni\GraduationPaper\Project\SER_GraduationPaper\src\$RVNS6MQ\Actor_14\03-01-04-02-02-02-14.wav,sad,angry,0,0.6150453686714172,0.007131572347134352,0.004362430889159441,0.08591047674417496,0.024665523320436478,0.6150453686714172,0.028245478868484497,0.1980382353067398,0.03660091385245323
148,808,03-01-05-01-01-01-14.wav,C:\Users\hik88\Desktop\BIT_Uni\GraduationPaper\Project\SER_GraduationPaper\src\$RVNS6MQ\Actor_14\03-01-05-01-01-01-14.wav,angry,angry,1,0.8577516674995422,0.003267300082370639,0.002055403310805559,0.008995831944048405,0.0006551816477440298,0.8577516674995422,0.011032650247216225,0.03903404250741005,0.07720790058374405
149,809,03-01-05-01-01-02-14.wav,C:\Users\hik88\Desktop\BIT_Uni\GraduationPaper\Project\SER_GraduationPaper\src\$RVNS6MQ\Actor_14\03-01-05-01-01-02-14.wav,angry,angry,1,0.8711174726486206,0.005370331462472677,0.0034970417618751526,0.009726273827254772,0.000851304444950074,0.8711174726486206,0.021265463903546333,0.04764004424214363,0.04053206369280815
150,810,03-01-05-01-02-01-14.wav,C:\Users\hik88\Desktop\BIT_Uni\GraduationPaper\Project\SER_GraduationPaper\src\$RVNS6MQ\Actor_14\03-01-05-01-02-01-14.wav,angry,angry,1,0.9224558472633362,0.005452882498502731,0.002739415504038334,0.009046836756169796,0.0007715131505392492,0.9224558472633362,0.00660855183377862,0.04011901840567589,0.012805888429284096
151,811,03-01-05-01-02-02-14.wav,C:\Users\hik88\Desktop\BIT_Uni\GraduationPaper\Project\SER_GraduationPaper\src\$RVNS6MQ\Actor_14\03-01-05-01-02-02-14.wav,angry,angry,1,0.5087990760803223,0.0023201401345431805,0.002056600758805871,0.022089824080467224,0.0011454808991402388,0.5087990760803223,0.01027662679553032,0.16920262575149536,0.28410953283309937
152,812,03-01-05-02-01-01-14.wav,C:\Users\hik88\Desktop\BIT_Uni\GraduationPaper\Project\SER_GraduationPaper\src\$RVNS6MQ\Actor_14\03-01-05-02-01-01-14.wav,angry,angry,1,0.9470266699790955,0.0006116530857980251,0.0005813208990730345,0.028827520087361336,0.0009109494276344776,0.9470266699790955,0.00458870455622673,0.010216549038887024,0.007236511912196875
153,813,03-01-05-02-01-02-14.wav,C:\Users\hik88\Desktop\BIT_Uni\GraduationPaper\Project\SER_GraduationPaper\src\$RVNS6MQ\Actor_14\03-01-05-02-01-02-14.wav,angry,angry,1,0.9309682846069336,0.0009726863354444504,0.0007859262987039983,0.016821449622511864,0.0010169686283916235,0.9309682846069336,0.016300054267048836,0.010086770169436932,0.02304775081574917
154,814,03-01-05-02-02-01-14.wav,C:\Users\hik88\Desktop\BIT_Uni\GraduationPaper\Project\SER_GraduationPaper\src\$RVNS6MQ\Actor_14\03-01-05-02-02-01-14.wav,angry,angry,1,0.8605596423149109,0.0014626506017521024,0.0017083940329030156,0.07359074056148529,0.0013435962609946728,0.8605596423149109,0.02381124347448349,0.012592469342052937,0.02493121288716793
155,815,03-01-05-02-02-02-14.wav,C:\Users\hik88\Desktop\BIT_Uni\GraduationPaper\Project\SER_GraduationPaper\src\$RVNS6MQ\Actor_14\03-01-05-02-02-02-14.wav,angry,angry,1,0.8816699385643005,0.0010966224363073707,0.0010315509280189872,0.023713473230600357,0.0012303281109780073,0.8816699385643005,0.006206716410815716,0.036015406250953674,0.049035921692848206
156,816,03-01-06-01-01-01-14.wav,C:\Users\hik88\Desktop\BIT_Uni\GraduationPaper\Project\SER_GraduationPaper\src\$RVNS6MQ\Actor_14\03-01-06-01-01-01-14.wav,fearful,fearful,1,0.2839975655078888,0.06695488840341568,0.08607567101716995,0.01417145412415266,0.2287808656692505,0.02273120917379856,0.2839975655078888,0.13966359198093414,0.1576247662305832
157,817,03-01-06-01-01-02-14.wav,C:\Users\hik88\Desktop\BIT_Uni\GraduationPaper\Project\SER_GraduationPaper\src\$RVNS6MQ\Actor_14\03-01-06-01-01-02-14.wav,fearful,disgust,0,0.47681787610054016,0.014314191415905952,0.027426494285464287,0.022967107594013214,0.05317314341664314,0.058520227670669556,0.23960356414318085,0.47681787610054016,0.10717741400003433
158,818,03-01-06-01-02-01-14.wav,C:\Users\hik88\Desktop\BIT_Uni\GraduationPaper\Project\SER_GraduationPaper\src\$RVNS6MQ\Actor_14\03-01-06-01-02-01-14.wav,fearful,sad,0,0.21897657215595245,0.06232517957687378,0.10331419855356216,0.030604979023337364,0.21897657215595245,0.037965357303619385,0.14526250958442688,0.21148116886615753,0.19006995856761932
159,819,03-01-06-01-02-02-14.wav,C:\Users\hik88\Desktop\BIT_Uni\GraduationPaper\Project\SER_GraduationPaper\src\$RVNS6MQ\Actor_14\03-01-06-01-02-02-14.wav,fearful,fearful,1,0.7625988721847534,0.01937512867152691,0.009372202679514885,0.025879593566060066,0.09173187613487244,0.005825685802847147,0.7625988721847534,0.043744511902332306,0.04147211089730263
160,820,03-01-06-02-01-01-14.wav,C:\Users\hik88\Desktop\BIT_Uni\GraduationPaper\Project\SER_GraduationPaper\src\$RVNS6MQ\Actor_14\03-01-06-02-01-01-14.wav,fearful,surprised,0,0.2887565493583679,0.0047552320174872875,0.004657002165913582,0.1762537807226181,0.019237928092479706,0.16126638650894165,0.24187631905078888,0.10319682210683823,0.2887565493583679
161,821,03-01-06-02-01-02-14.wav,C:\Users\hik88\Desktop\BIT_Uni\GraduationPaper\Project\SER_GraduationPaper\src\$RVNS6MQ\Actor_14\03-01-06-02-01-02-14.wav,fearful,fearful,1,0.6930510401725769,0.0012771720066666603,0.0011942303972318769,0.16756723821163177,0.012250221334397793,0.028481511399149895,0.6930510401725769,0.012081313878297806,0.08409719914197922
162,822,03-01-06-02-02-01-14.wav,C:\Users\hik88\Desktop\BIT_Uni\GraduationPaper\Project\SER_GraduationPaper\src\$RVNS6MQ\Actor_14\03-01-06-02-02-01-14.wav,fearful,fearful,1,0.6264358758926392,0.002310948446393013,0.0014746675733476877,0.08671648055315018,0.006496506743133068,0.009450260549783707,0.6264358758926392,0.013511503115296364,0.2536037266254425
163,823,03-01-06-02-02-02-14.wav,C:\Users\hik88\Desktop\BIT_Uni\GraduationPaper\Project\SER_GraduationPaper\src\$RVNS6MQ\Actor_14\03-01-06-02-02-02-14.wav,fearful,fearful,1,0.7800807952880859,0.0013074257876724005,0.0008008471922948956,0.14025281369686127,0.047727521508932114,0.0034458369482308626,0.7800807952880859,0.008107325993478298,0.01827743463218212
164,824,03-01-07-01-01-01-14.wav,C:\Users\hik88\Desktop\BIT_Uni\GraduationPaper\Project\SER_GraduationPaper\src\$RVNS6MQ\Actor_14\03-01-07-01-01-01-14.wav,disgust,fearful,0,0.4919215738773346,0.0070609743706882,0.006436243187636137,0.029477126896381378,0.019911307841539383,0.008171001449227333,0.4919215738773346,0.13787482678890228,0.2991468906402588
165,825,03-01-07-01-01-02-14.wav,C:\Users\hik88\Desktop\BIT_Uni\GraduationPaper\Project\SER_GraduationPaper\src\$RVNS6MQ\Actor_14\03-01-07-01-01-02-14.wav,disgust,surprised,0,0.6010913848876953,0.03628499433398247,0.012168215587735176,0.03358263894915581,0.014047984965145588,0.06086050346493721,0.022894497960805893,0.21906976401805878,0.6010913848876953
166,826,03-01-07-01-02-01-14.wav,C:\Users\hik88\Desktop\BIT_Uni\GraduationPaper\Project\SER_GraduationPaper\src\$RVNS6MQ\Actor_14\03-01-07-01-02-01-14.wav,disgust,disgust,1,0.7071383595466614,0.0054864841513335705,0.009367926977574825,0.010786078870296478,0.0164088886231184,0.15523305535316467,0.008249669335782528,0.7071383595466614,0.08732950687408447
167,827,03-01-07-01-02-02-14.wav,C:\Users\hik88\Desktop\BIT_Uni\GraduationPaper\Project\SER_GraduationPaper\src\$RVNS6MQ\Actor_14\03-01-07-01-02-02-14.wav,disgust,surprised,0,0.5717051029205322,0.006119430996477604,0.0024372716434299946,0.009527423419058323,0.0072679463773965836,0.0803045779466629,0.018957380205392838,0.3036808967590332,0.5717051029205322
168,828,03-01-07-02-01-01-14.wav,C:\Users\hik88\Desktop\BIT_Uni\GraduationPaper\Project\SER_GraduationPaper\src\$RVNS6MQ\Actor_14\03-01-07-02-01-01-14.wav,disgust,disgust,1,0.5406424403190613,0.02165786176919937,0.014295089058578014,0.04272504150867462,0.07295249402523041,0.1065763607621193,0.16255782544612885,0.5406424403190613,0.03859289735555649
169,829,03-01-07-02-01-02-14.wav,C:\Users\hik88\Desktop\BIT_Uni\GraduationPaper\Project\SER_GraduationPaper\src\$RVNS6MQ\Actor_14\03-01-07-02-01-02-14.wav,disgust,disgust,1,0.5318527221679688,0.012820443138480186,0.015319927595555782,0.02067234367132187,0.015630356967449188,0.2620357871055603,0.042523469775915146,0.5318527221679688,0.09914495795965195
170,830,03-01-07-02-02-01-14.wav,C:\Users\hik88\Desktop\BIT_Uni\GraduationPaper\Project\SER_GraduationPaper\src\$RVNS6MQ\Actor_14\03-01-07-02-02-01-14.wav,disgust,disgust,1,0.787062406539917,0.003653943771496415,0.0046554808504879475,0.0056471009738743305,0.014213066548109055,0.023822735995054245,0.03142932057380676,0.787062406539917,0.12951596081256866
171,831,03-01-07-02-02-02-14.wav,C:\Users\hik88\Desktop\BIT_Uni\GraduationPaper\Project\SER_GraduationPaper\src\$RVNS6MQ\Actor_14\03-01-07-02-02-02-14.wav,disgust,surprised,0,0.39928197860717773,0.03258630633354187,0.008634526282548904,0.16037848591804504,0.02693902514874935,0.08858009427785873,0.08759665489196777,0.19600285589694977,0.39928197860717773
172,832,03-01-08-01-01-01-14.wav,C:\Users\hik88\Desktop\BIT_Uni\GraduationPaper\Project\SER_GraduationPaper\src\$RVNS6MQ\Actor_14\03-01-08-01-01-01-14.wav,surprised,surprised,1,0.5838711857795715,0.019411688670516014,0.01705392636358738,0.021368803456425667,0.018306512385606766,0.035875044763088226,0.028446681797504425,0.27566617727279663,0.5838711857795715
173,833,03-01-08-01-01-02-14.wav,C:\Users\hik88\Desktop\BIT_Uni\GraduationPaper\Project\SER_GraduationPaper\src\$RVNS6MQ\Actor_14\03-01-08-01-01-02-14.wav,surprised,surprised,1,0.8920695185661316,0.004845603369176388,0.002809615107253194,0.006334938108921051,0.004816936329007149,0.011352179571986198,0.03177756443619728,0.04599366337060928,0.8920695185661316
174,834,03-01-08-01-02-01-14.wav,C:\Users\hik88\Desktop\BIT_Uni\GraduationPaper\Project\SER_GraduationPaper\src\$RVNS6MQ\Actor_14\03-01-08-01-02-01-14.wav,surprised,surprised,1,0.8105035424232483,0.02189965546131134,0.012908563949167728,0.013581757433712482,0.008598268032073975,0.015149001963436604,0.02404821291565895,0.09331102669239044,0.8105035424232483
175,835,03-01-08-01-02-02-14.wav,C:\Users\hik88\Desktop\BIT_Uni\GraduationPaper\Project\SER_GraduationPaper\src\$RVNS6MQ\Actor_14\03-01-08-01-02-02-14.wav,surprised,surprised,1,0.8705559372901917,0.010021146386861801,0.00812489539384842,0.0385829322040081,0.0046564931981265545,0.02197965234518051,0.010331685654819012,0.03574725240468979,0.8705559372901917
176,836,03-01-08-02-01-01-14.wav,C:\Users\hik88\Desktop\BIT_Uni\GraduationPaper\Project\SER_GraduationPaper\src\$RVNS6MQ\Actor_14\03-01-08-02-01-01-14.wav,surprised,surprised,1,0.6806116104125977,0.007034394424408674,0.008784405887126923,0.014918813481926918,0.011435755528509617,0.07653478533029556,0.009370045736432076,0.19131019711494446,0.6806116104125977
177,837,03-01-08-02-01-02-14.wav,C:\Users\hik88\Desktop\BIT_Uni\GraduationPaper\Project\SER_GraduationPaper\src\$RVNS6MQ\Actor_14\03-01-08-02-01-02-14.wav,surprised,surprised,1,0.896678626537323,0.001912558451294899,0.001282974611967802,0.01764456182718277,0.001864144578576088,0.025583801791071892,0.011979339644312859,0.043053943663835526,0.896678626537323
178,838,03-01-08-02-02-01-14.wav,C:\Users\hik88\Desktop\BIT_Uni\GraduationPaper\Project\SER_GraduationPaper\src\$RVNS6MQ\Actor_14\03-01-08-02-02-01-14.wav,surprised,surprised,1,0.8457669019699097,0.0032742891926318407,0.003888570936396718,0.010152542032301426,0.004386044107377529,0.02056509628891945,0.02138763852417469,0.09057893604040146,0.8457669019699097
179,839,03-01-08-02-02-02-14.wav,C:\Users\hik88\Desktop\BIT_Uni\GraduationPaper\Project\SER_GraduationPaper\src\$RVNS6MQ\Actor_14\03-01-08-02-02-02-14.wav,surprised,surprised,1,0.9221343994140625,0.005367844831198454,0.0034675609786063433,0.004628975410014391,0.0027743475511670113,0.010915739461779594,0.007512788288295269,0.043198276311159134,0.9221343994140625
180,1080,03-01-01-01-01-01-19.wav,C:\Users\hik88\Desktop\BIT_Uni\GraduationPaper\Project\SER_GraduationPaper\src\$RVNS6MQ\Actor_19\03-01-01-01-01-01-19.wav,neutral,neutral,1,0.35731157660484314,0.35731157660484314,0.33753058314323425,0.021383093670010567,0.25795677304267883,0.00208486570045352,0.006193749140948057,0.002568185329437256,0.014971142634749413
181,1081,03-01-01-01-01-02-19.wav,C:\Users\hik88\Desktop\BIT_Uni\GraduationPaper\Project\SER_GraduationPaper\src\$RVNS6MQ\Actor_19\03-01-01-01-01-02-19.wav,neutral,sad,0,0.6638951897621155,0.1397472620010376,0.05469502881169319,0.019241567701101303,0.6638951897621155,0.0027187801897525787,0.06489460170269012,0.008002184331417084,0.046805329620838165
182,1082,03-01-01-01-02-01-19.wav,C:\Users\hik88\Desktop\BIT_Uni\GraduationPaper\Project\SER_GraduationPaper\src\$RVNS6MQ\Actor_19\03-01-01-01-02-01-19.wav,neutral,sad,0,0.496635764837265,0.2835790514945984,0.1283847540616989,0.016130361706018448,0.496635764837265,0.0036067913752049208,0.03260087966918945,0.006035983562469482,0.03302640840411186
183,1083,03-01-01-01-02-02-19.wav,C:\Users\hik88\Desktop\BIT_Uni\GraduationPaper\Project\SER_GraduationPaper\src\$RVNS6MQ\Actor_19\03-01-01-01-02-02-19.wav,neutral,sad,0,0.35336217284202576,0.2994500696659088,0.22924014925956726,0.026601092889904976,0.35336217284202576,0.008507829159498215,0.03080000728368759,0.008370832540094852,0.04366791248321533
184,1084,03-01-02-01-01-01-19.wav,C:\Users\hik88\Desktop\BIT_Uni\GraduationPaper\Project\SER_GraduationPaper\src\$RVNS6MQ\Actor_19\03-01-02-01-01-01-19.wav,calm,calm,1,0.5941745042800903,0.12825362384319305,0.5941745042800903,0.006274595856666565,0.24369245767593384,0.001616892870515585,0.006799172144383192,0.006329980678856373,0.012858863919973373
185,1085,03-01-02-01-01-02-19.wav,C:\Users\hik88\Desktop\BIT_Uni\GraduationPaper\Project\SER_GraduationPaper\src\$RVNS6MQ\Actor_19\03-01-02-01-01-02-19.wav,calm,calm,1,0.6826360821723938,0.12308994680643082,0.6826360821723938,0.0072361743077635765,0.17703652381896973,0.0009207381517626345,0.003794672666117549,0.001970946788787842,0.0033149404916912317
186,1086,03-01-02-01-02-01-19.wav,C:\Users\hik88\Desktop\BIT_Uni\GraduationPaper\Project\SER_GraduationPaper\src\$RVNS6MQ\Actor_19\03-01-02-01-02-01-19.wav,calm,sad,0,0.4969911277294159,0.21016642451286316,0.20997756719589233,0.015103247947990894,0.4969911277294159,0.003761319210752845,0.02293565310537815,0.011260786093771458,0.029803864657878876
187,1087,03-01-02-01-02-02-19.wav,C:\Users\hik88\Desktop\BIT_Uni\GraduationPaper\Project\SER_GraduationPaper\src\$RVNS6MQ\Actor_19\03-01-02-01-02-02-19.wav,calm,calm,1,0.6075178980827332,0.15071727335453033,0.6075178980827332,0.0025279324036091566,0.19489151239395142,0.001799772959202528,0.006077433004975319,0.016509108245372772,0.019959082826972008
188,1088,03-01-02-02-01-01-19.wav,C:\Users\hik88\Desktop\BIT_Uni\GraduationPaper\Project\SER_GraduationPaper\src\$RVNS6MQ\Actor_19\03-01-02-02-01-01-19.wav,calm,sad,0,0.5800178050994873,0.0710827186703682,0.2705511748790741,0.04540427774190903,0.5800178050994873,0.0017722714692354202,0.016951020807027817,0.004129007924348116,0.01009167730808258
189,1089,03-01-02-02-01-02-19.wav,C:\Users\hik88\Desktop\BIT_Uni\GraduationPaper\Project\SER_GraduationPaper\src\$RVNS6MQ\Actor_19\03-01-02-02-01-02-19.wav,calm,calm,1,0.8050944805145264,0.06207369267940521,0.8050944805145264,0.004343160893768072,0.12139014899730682,0.0006914337864145637,0.003272033529356122,0.00132388761267066,0.0018111610552296042
190,1090,03-01-02-02-02-01-19.wav,C:\Users\hik88\Desktop\BIT_Uni\GraduationPaper\Project\SER_GraduationPaper\src\$RVNS6MQ\Actor_19\03-01-02-02-02-01-19.wav,calm,calm,1,0.7529762387275696,0.05619444325566292,0.7529762387275696,0.002354118973016739,0.17489656805992126,0.001373829203657806,0.004097367636859417,0.00440347520634532,0.0037040349561721087
191,1091,03-01-02-02-02-02-19.wav,C:\Users\hik88\Desktop\BIT_Uni\GraduationPaper\Project\SER_GraduationPaper\src\$RVNS6MQ\Actor_19\03-01-02-02-02-02-19.wav,calm,calm,1,0.6101915240287781,0.04607225954532623,0.6101915240287781,0.0059758806601166725,0.3219776451587677,0.0012097153812646866,0.010523233562707901,0.001489491667598486,0.002560283988714218
192,1092,03-01-03-01-01-01-19.wav,C:\Users\hik88\Desktop\BIT_Uni\GraduationPaper\Project\SER_GraduationPaper\src\$RVNS6MQ\Actor_19\03-01-03-01-01-01-19.wav,happy,happy,1,0.3897121250629425,0.05811811238527298,0.03684665262699127,0.3897121250629425,0.09614145755767822,0.012646176852285862,0.03412879258394241,0.03223045542836189,0.34017622470855713
193,1093,03-01-03-01-01-02-19.wav,C:\Users\hik88\Desktop\BIT_Uni\GraduationPaper\Project\SER_GraduationPaper\src\$RVNS6MQ\Actor_19\03-01-03-01-01-02-19.wav,happy,happy,1,0.7899847030639648,0.005486794747412205,0.010524578392505646,0.7899847030639648,0.018559874966740608,0.027671683579683304,0.01722782291471958,0.016165319830179214,0.11437919735908508
194,1094,03-01-03-01-02-01-19.wav,C:\Users\hik88\Desktop\BIT_Uni\GraduationPaper\Project\SER_GraduationPaper\src\$RVNS6MQ\Actor_19\03-01-03-01-02-01-19.wav,happy,surprised,0,0.7488183975219727,0.018228590488433838,0.005153967067599297,0.03515930846333504,0.07764329761266708,0.004573180340230465,0.06875665485858917,0.04166661202907562,0.7488183975219727
195,1095,03-01-03-01-02-02-19.wav,C:\Users\hik88\Desktop\BIT_Uni\GraduationPaper\Project\SER_GraduationPaper\src\$RVNS6MQ\Actor_19\03-01-03-01-02-02-19.wav,happy,happy,1,0.3663368821144104,0.00464314129203558,0.003813684219494462,0.3663368821144104,0.04161820188164711,0.027174275368452072,0.16592425107955933,0.06965499371290207,0.32083460688591003
196,1096,03-01-03-02-01-01-19.wav,C:\Users\hik88\Desktop\BIT_Uni\GraduationPaper\Project\SER_GraduationPaper\src\$RVNS6MQ\Actor_19\03-01-03-02-01-01-19.wav,happy,surprised,0,0.3390246033668518,0.004555548541247845,0.010208220221102238,0.3389383852481842,0.02310963161289692,0.1591351181268692,0.06704357266426086,0.057984884828329086,0.3390246033668518
197,1097,03-01-03-02-01-02-19.wav,C:\Users\hik88\Desktop\BIT_Uni\GraduationPaper\Project\SER_GraduationPaper\src\$RVNS6MQ\Actor_19\03-01-03-02-01-02-19.wav,happy,happy,1,0.7615419626235962,0.0013178263325244188,0.003968833014369011,0.7615419626235962,0.0152949970215559,0.010068933479487896,0.16779795289039612,0.004412332084029913,0.035597190260887146
198,1098,03-01-03-02-02-01-19.wav,C:\Users\hik88\Desktop\BIT_Uni\GraduationPaper\Project\SER_GraduationPaper\src\$RVNS6MQ\Actor_19\03-01-03-02-02-01-19.wav,happy,happy,1,0.7309529185295105,0.0013861202169209719,0.0027054764796048403,0.7309529185295105,0.005704106297343969,0.1059606671333313,0.06889763474464417,0.012902650982141495,0.07149051129817963
199,1099,03-01-03-02-02-02-19.wav,C:\Users\hik88\Desktop\BIT_Uni\GraduationPaper\Project\SER_GraduationPaper\src\$RVNS6MQ\Actor_19\03-01-03-02-02-02-19.wav,happy,surprised,0,0.26948055624961853,0.008003808557987213,0.01066071167588234,0.20637822151184082,0.01873902417719364,0.20805704593658447,0.0160708986222744,0.26260972023010254,0.26948055624961853
200,1100,03-01-04-01-01-01-19.wav,C:\Users\hik88\Desktop\BIT_Uni\GraduationPaper\Project\SER_GraduationPaper\src\$RVNS6MQ\Actor_19\03-01-04-01-01-01-19.wav,sad,sad,1,0.2810506820678711,0.21798963844776154,0.08346142619848251,0.03431854769587517,0.2810506820678711,0.009642429649829865,0.05109885334968567,0.08816523104906082,0.23427319526672363
201,1101,03-01-04-01-01-02-19.wav,C:\Users\hik88\Desktop\BIT_Uni\GraduationPaper\Project\SER_GraduationPaper\src\$RVNS6MQ\Actor_19\03-01-04-01-01-02-19.wav,sad,sad,1,0.6346212029457092,0.03831865265965462,0.0438133180141449,0.01626450940966606,0.6346212029457092,0.003896506270393729,0.06821901351213455,0.04242644086480141,0.15244044363498688
202,1102,03-01-04-01-02-01-19.wav,C:\Users\hik88\Desktop\BIT_Uni\GraduationPaper\Project\SER_GraduationPaper\src\$RVNS6MQ\Actor_19\03-01-04-01-02-01-19.wav,sad,sad,1,0.6188358068466187,0.03600959852337837,0.04127992317080498,0.006387160159647465,0.6188358068466187,0.001658113906159997,0.16079936921596527,0.06514950096607208,0.06988044828176498
203,1103,03-01-04-01-02-02-19.wav,C:\Users\hik88\Desktop\BIT_Uni\GraduationPaper\Project\SER_GraduationPaper\src\$RVNS6MQ\Actor_19\03-01-04-01-02-02-19.wav,sad,calm,0,0.5389581322669983,0.15817230939865112,0.5389581322669983,0.006099564954638481,0.26868125796318054,0.0018347682198509574,0.006532120984047651,0.011248728260397911,0.008473169058561325
204,1104,03-01-04-02-01-01-19.wav,C:\Users\hik88\Desktop\BIT_Uni\GraduationPaper\Project\SER_GraduationPaper\src\$RVNS6MQ\Actor_19\03-01-04-02-01-01-19.wav,sad,surprised,0,0.789998471736908,0.0007325327023863792,0.0014873337931931019,0.045436207205057144,0.03882757946848869,0.02481079287827015,0.08190129697322845,0.016805807128548622,0.789998471736908
205,1105,03-01-04-02-01-02-19.wav,C:\Users\hik88\Desktop\BIT_Uni\GraduationPaper\Project\SER_GraduationPaper\src\$RVNS6MQ\Actor_19\03-01-04-02-01-02-19.wav,sad,sad,1,0.4506956934928894,0.00885756779462099,0.003800312289968133,0.06010235846042633,0.4506956934928894,0.03135016933083534,0.12387077510356903,0.08152653276920319,0.23979651927947998
206,1106,03-01-04-02-02-01-19.wav,C:\Users\hik88\Desktop\BIT_Uni\GraduationPaper\Project\SER_GraduationPaper\src\$RVNS6MQ\Actor_19\03-01-04-02-02-01-19.wav,sad,sad,1,0.8904327154159546,0.00811609998345375,0.005442931782454252,0.027926845476031303,0.8904327154159546,0.002360864542424679,0.03823329880833626,0.012576546519994736,0.014910752885043621
207,1107,03-01-04-02-02-02-19.wav,C:\Users\hik88\Desktop\BIT_Uni\GraduationPaper\Project\SER_GraduationPaper\src\$RVNS6MQ\Actor_19\03-01-04-02-02-02-19.wav,sad,sad,1,0.8872175216674805,0.004149949178099632,0.0029631394427269697,0.04779605194926262,0.8872175216674805,0.001738760620355606,0.0377180352807045,0.00698056910187006,0.011435911059379578
208,1108,03-01-05-01-01-01-19.wav,C:\Users\hik88\Desktop\BIT_Uni\GraduationPaper\Project\SER_GraduationPaper\src\$RVNS6MQ\Actor_19\03-01-05-01-01-01-19.wav,angry,angry,1,0.9267507791519165,0.0006583103677257895,0.001305469311773777,0.006717718206346035,0.0018567406805232167,0.9267507791519165,0.005944279488176107,0.035642776638269424,0.02112407609820366
209,1109,03-01-05-01-01-02-19.wav,C:\Users\hik88\Desktop\BIT_Uni\GraduationPaper\Project\SER_GraduationPaper\src\$RVNS6MQ\Actor_19\03-01-05-01-01-02-19.wav,angry,angry,1,0.43637815117836,0.003483176464214921,0.006909784860908985,0.05354165658354759,0.0356094092130661,0.43637815117836,0.056576114147901535,0.3618384301662445,0.045663341879844666
210,1110,03-01-05-01-02-01-19.wav,C:\Users\hik88\Desktop\BIT_Uni\GraduationPaper\Project\SER_GraduationPaper\src\$RVNS6MQ\Actor_19\03-01-05-01-02-01-19.wav,angry,happy,0,0.20664043724536896,0.05063707381486893,0.020189914852380753,0.20664043724536896,0.12751996517181396,0.11857251822948456,0.17795279622077942,0.11407160013914108,0.1844157725572586
211,1111,03-01-05-01-02-02-19.wav,C:\Users\hik88\Desktop\BIT_Uni\GraduationPaper\Project\SER_GraduationPaper\src\$RVNS6MQ\Actor_19\03-01-05-01-02-02-19.wav,angry,angry,1,0.665368378162384,0.0017096450319513679,0.002490418264642358,0.040581248700618744,0.006102773826569319,0.665368378162384,0.018325719982385635,0.18499867618083954,0.08042313158512115
212,1112,03-01-05-02-01-01-19.wav,C:\Users\hik88\Desktop\BIT_Uni\GraduationPaper\Project\SER_GraduationPaper\src\$RVNS6MQ\Actor_19\03-01-05-02-01-01-19.wav,angry,angry,1,0.9792871475219727,0.00019729463383555412,0.0007100144866853952,0.007594484835863113,0.0006394858355633914,0.9792871475219727,0.008540810085833073,0.0013489651028066874,0.0016817048890516162
213,1113,03-01-05-02-01-02-19.wav,C:\Users\hik88\Desktop\BIT_Uni\GraduationPaper\Project\SER_GraduationPaper\src\$RVNS6MQ\Actor_19\03-01-05-02-01-02-19.wav,angry,angry,1,0.9747718572616577,0.00028019517776556313,0.0014535377267748117,0.007468992844223976,0.0011469358578324318,0.9747718572616577,0.012621024623513222,0.0016340094152837992,0.0006233759922906756
214,1114,03-01-05-02-02-01-19.wav,C:\Users\hik88\Desktop\BIT_Uni\GraduationPaper\Project\SER_GraduationPaper\src\$RVNS6MQ\Actor_19\03-01-05-02-02-01-19.wav,angry,angry,1,0.9704745411872864,0.00026776728918775916,0.0012350677279755473,0.01214058417826891,0.0009670999133959413,0.9704745411872864,0.012702696025371552,0.0016771358205005527,0.0005350595456548035
215,1115,03-01-05-02-02-02-19.wav,C:\Users\hik88\Desktop\BIT_Uni\GraduationPaper\Project\SER_GraduationPaper\src\$RVNS6MQ\Actor_19\03-01-05-02-02-02-19.wav,angry,angry,1,0.9840001463890076,0.000207530363695696,0.0006382267456501722,0.003977314569056034,0.0006784010911360383,0.9840001463890076,0.00724474061280489,0.0020613176748156548,0.001192357623949647
216,1116,03-01-06-01-01-01-19.wav,C:\Users\hik88\Desktop\BIT_Uni\GraduationPaper\Project\SER_GraduationPaper\src\$RVNS6MQ\Actor_19\03-01-06-01-01-01-19.wav,fearful,fearful,1,0.5999348163604736,0.015321288257837296,0.022622577846050262,0.058670755475759506,0.10385026037693024,0.048720311373472214,0.5999348163604736,0.0995243564248085,0.05135567858815193
217,1117,03-01-06-01-01-02-19.wav,C:\Users\hik88\Desktop\BIT_Uni\GraduationPaper\Project\SER_GraduationPaper\src\$RVNS6MQ\Actor_19\03-01-06-01-01-02-19.wav,fearful,fearful,1,0.4363669455051422,0.003580140182748437,0.010620111599564552,0.08450334519147873,0.12539169192314148,0.01631324179470539,0.4363669455051422,0.05419953912496567,0.2690250277519226
218,1118,03-01-06-01-02-01-19.wav,C:\Users\hik88\Desktop\BIT_Uni\GraduationPaper\Project\SER_GraduationPaper\src\$RVNS6MQ\Actor_19\03-01-06-01-02-01-19.wav,fearful,fearful,1,0.8202346563339233,0.0012624451192095876,0.0032777907326817513,0.04996289685368538,0.020956838503479958,0.011976928450167179,0.8202346563339233,0.01866213232278824,0.07366632670164108
219,1119,03-01-06-01-02-02-19.wav,C:\Users\hik88\Desktop\BIT_Uni\GraduationPaper\Project\SER_GraduationPaper\src\$RVNS6MQ\Actor_19\03-01-06-01-02-02-19.wav,fearful,sad,0,0.42837071418762207,0.023351499810814857,0.010803706012666225,0.023859871551394463,0.42837071418762207,0.004226465709507465,0.41083937883377075,0.024610072374343872,0.07393828779459
220,1120,03-01-06-02-01-01-19.wav,C:\Users\hik88\Desktop\BIT_Uni\GraduationPaper\Project\SER_GraduationPaper\src\$RVNS6MQ\Actor_19\03-01-06-02-01-01-19.wav,fearful,fearful,1,0.5867509841918945,0.0036312418524175882,0.013846141286194324,0.2555082440376282,0.10379178076982498,0.028332477435469627,0.5867509841918945,0.0016305509489029646,0.006508573889732361
221,1121,03-01-06-02-01-02-19.wav,C:\Users\hik88\Desktop\BIT_Uni\GraduationPaper\Project\SER_GraduationPaper\src\$RVNS6MQ\Actor_19\03-01-06-02-01-02-19.wav,fearful,fearful,1,0.5741612911224365,0.0015335852513089776,0.0026493859477341175,0.09570582956075668,0.009458165615797043,0.29073819518089294,0.5741612911224365,0.006545531563460827,0.019208118319511414
222,1122,03-01-06-02-02-01-19.wav,C:\Users\hik88\Desktop\BIT_Uni\GraduationPaper\Project\SER_GraduationPaper\src\$RVNS6MQ\Actor_19\03-01-06-02-02-01-19.wav,fearful,fearful,1,0.8222745060920715,0.0010602179681882262,0.002276105573400855,0.042228180915117264,0.003236867021769285,0.11081179976463318,0.8222745060920715,0.0020246717613190413,0.016087627038359642
223,1123,03-01-06-02-02-02-19.wav,C:\Users\hik88\Desktop\BIT_Uni\GraduationPaper\Project\SER_GraduationPaper\src\$RVNS6MQ\Actor_19\03-01-06-02-02-02-19.wav,fearful,fearful,1,0.6332299709320068,0.0008509463514201343,0.004936022683978081,0.04204569384455681,0.012832763604819775,0.2989620864391327,0.6332299709320068,0.0038998883683234453,0.003242503385990858
224,1124,03-01-07-01-01-01-19.wav,C:\Users\hik88\Desktop\BIT_Uni\GraduationPaper\Project\SER_GraduationPaper\src\$RVNS6MQ\Actor_19\03-01-07-01-01-01-19.wav,disgust,disgust,1,0.8924108147621155,0.0020899258088320494,0.0035427878610789776,0.005811972543597221,0.022662393748760223,0.02876022644340992,0.0035774114076048136,0.8924108147621155,0.041144538670778275
225,1125,03-01-07-01-01-02-19.wav,C:\Users\hik88\Desktop\BIT_Uni\GraduationPaper\Project\SER_GraduationPaper\src\$RVNS6MQ\Actor_19\03-01-07-01-01-02-19.wav,disgust,disgust,1,0.8695209622383118,0.00128820666577667,0.0037123567890375853,0.014180528931319714,0.03801136091351509,0.026391152292490005,0.007608179468661547,0.8695209622383118,0.03928716853260994
226,1126,03-01-07-01-02-01-19.wav,C:\Users\hik88\Desktop\BIT_Uni\GraduationPaper\Project\SER_GraduationPaper\src\$RVNS6MQ\Actor_19\03-01-07-01-02-01-19.wav,disgust,disgust,1,0.772830069065094,0.002670037094503641,0.007513122167438269,0.009662420488893986,0.041512299329042435,0.03234551101922989,0.021885279566049576,0.772830069065094,0.11158130317926407
227,1127,03-01-07-01-02-02-19.wav,C:\Users\hik88\Desktop\BIT_Uni\GraduationPaper\Project\SER_GraduationPaper\src\$RVNS6MQ\Actor_19\03-01-07-01-02-02-19.wav,disgust,disgust,1,0.854252815246582,0.0004735876864288002,0.0011799260973930359,0.008460567332804203,0.005959497764706612,0.020649859681725502,0.008564258925616741,0.854252815246582,0.10045953094959259
228,1128,03-01-07-02-01-01-19.wav,C:\Users\hik88\Desktop\BIT_Uni\GraduationPaper\Project\SER_GraduationPaper\src\$RVNS6MQ\Actor_19\03-01-07-02-01-01-19.wav,disgust,angry,0,0.3927619457244873,0.005032578948885202,0.018227312713861465,0.11343462765216827,0.05494096502661705,0.3927619457244873,0.015771914273500443,0.23755037784576416,0.1622803509235382
229,1129,03-01-07-02-01-02-19.wav,C:\Users\hik88\Desktop\BIT_Uni\GraduationPaper\Project\SER_GraduationPaper\src\$RVNS6MQ\Actor_19\03-01-07-02-01-02-19.wav,disgust,angry,0,0.7965348958969116,0.0008054635254666209,0.004315847996622324,0.05471055209636688,0.003436064114794135,0.7965348958969116,0.029121456667780876,0.08949844539165497,0.02157723531126976
230,1130,03-01-07-02-02-01-19.wav,C:\Users\hik88\Desktop\BIT_Uni\GraduationPaper\Project\SER_GraduationPaper\src\$RVNS6MQ\Actor_19\03-01-07-02-02-01-19.wav,disgust,angry,0,0.6492897272109985,0.001126431510783732,0.0035020136274397373,0.1466490477323532,0.004974802490323782,0.6492897272109985,0.08719189465045929,0.04475283995270729,0.0625133216381073
231,1131,03-01-07-02-02-02-19.wav,C:\Users\hik88\Desktop\BIT_Uni\GraduationPaper\Project\SER_GraduationPaper\src\$RVNS6MQ\Actor_19\03-01-07-02-02-02-19.wav,disgust,angry,0,0.7041476368904114,0.001943847513757646,0.005460852757096291,0.07006850093603134,0.025265932083129883,0.7041476368904114,0.062222689390182495,0.066415935754776,0.06447454541921616
232,1132,03-01-08-01-01-01-19.wav,C:\Users\hik88\Desktop\BIT_Uni\GraduationPaper\Project\SER_GraduationPaper\src\$RVNS6MQ\Actor_19\03-01-08-01-01-01-19.wav,surprised,surprised,1,0.633452832698822,0.010226799175143242,0.010260364972054958,0.03243039920926094,0.18359112739562988,0.01738481968641281,0.042029187083244324,0.0706244558095932,0.633452832698822
233,1133,03-01-08-01-01-02-19.wav,C:\Users\hik88\Desktop\BIT_Uni\GraduationPaper\Project\SER_GraduationPaper\src\$RVNS6MQ\Actor_19\03-01-08-01-01-02-19.wav,surprised,surprised,1,0.7523874044418335,0.008987837471067905,0.004593099467456341,0.052468232810497284,0.061642710119485855,0.0388692282140255,0.030722590163350105,0.05032883211970329,0.7523874044418335
234,1134,03-01-08-01-02-01-19.wav,C:\Users\hik88\Desktop\BIT_Uni\GraduationPaper\Project\SER_GraduationPaper\src\$RVNS6MQ\Actor_19\03-01-08-01-02-01-19.wav,surprised,surprised,1,0.42489326000213623,0.0259445421397686,0.017646582797169685,0.024661730974912643,0.145000621676445,0.03412676975131035,0.02330278791487217,0.3044237792491913,0.42489326000213623
235,1135,03-01-08-01-02-02-19.wav,C:\Users\hik88\Desktop\BIT_Uni\GraduationPaper\Project\SER_GraduationPaper\src\$RVNS6MQ\Actor_19\03-01-08-01-02-02-19.wav,surprised,surprised,1,0.9197510480880737,0.008278228342533112,0.003245729487389326,0.00847187452018261,0.028429755941033363,0.0035261190496385098,0.014034883119165897,0.014262373559176922,0.9197510480880737
236,1136,03-01-08-02-01-01-19.wav,C:\Users\hik88\Desktop\BIT_Uni\GraduationPaper\Project\SER_GraduationPaper\src\$RVNS6MQ\Actor_19\03-01-08-02-01-01-19.wav,surprised,surprised,1,0.4423573315143585,0.002795841544866562,0.0028308462351560593,0.01952325366437435,0.038951583206653595,0.04359026625752449,0.02300926297903061,0.4269416332244873,0.4423573315143585
237,1137,03-01-08-02-01-02-19.wav,C:\Users\hik88\Desktop\BIT_Uni\GraduationPaper\Project\SER_GraduationPaper\src\$RVNS6MQ\Actor_19\03-01-08-02-01-02-19.wav,surprised,angry,0,0.34526538848876953,0.002731104614213109,0.004229281097650528,0.1408633142709732,0.024226222187280655,0.34526538848876953,0.08268696069717407,0.20850002765655518,0.19149772822856903
238,1138,03-01-08-02-02-01-19.wav,C:\Users\hik88\Desktop\BIT_Uni\GraduationPaper\Project\SER_GraduationPaper\src\$RVNS6MQ\Actor_19\03-01-08-02-02-01-19.wav,surprised,surprised,1,0.663737416267395,0.00574575737118721,0.0032699955627322197,0.031124770641326904,0.14606539905071259,0.010959701612591743,0.046293336898088455,0.0928037017583847,0.663737416267395
239,1139,03-01-08-02-02-02-19.wav,C:\Users\hik88\Desktop\BIT_Uni\GraduationPaper\Project\SER_GraduationPaper\src\$RVNS6MQ\Actor_19\03-01-08-02-02-02-19.wav,surprised,surprised,1,0.9527410864830017,0.002314359415322542,0.0006809020414948463,0.004368656314909458,0.004126602318137884,0.004925824236124754,0.0049582552164793015,0.025884296745061874,0.9527410864830017
240,1380,03-01-01-01-01-01-24.wav,C:\Users\hik88\Desktop\BIT_Uni\GraduationPaper\Project\SER_GraduationPaper\src\$RVNS6MQ\Actor_24\03-01-01-01-01-01-24.wav,neutral,sad,0,0.5362619161605835,0.11708884686231613,0.10502174496650696,0.014063753187656403,0.5362619161605835,0.011192811653017998,0.05503130331635475,0.12645223736763,0.03488733246922493
241,1381,03-01-01-01-01-02-24.wav,C:\Users\hik88\Desktop\BIT_Uni\GraduationPaper\Project\SER_GraduationPaper\src\$RVNS6MQ\Actor_24\03-01-01-01-01-02-24.wav,neutral,disgust,0,0.23655733466148376,0.1543891429901123,0.19425462186336517,0.08517221361398697,0.18573638796806335,0.07146185636520386,0.03250276669859886,0.23655733466148376,0.03992561623454094
242,1382,03-01-01-01-02-01-24.wav,C:\Users\hik88\Desktop\BIT_Uni\GraduationPaper\Project\SER_GraduationPaper\src\$RVNS6MQ\Actor_24\03-01-01-01-02-01-24.wav,neutral,neutral,1,0.3522025942802429,0.3522025942802429,0.1036556139588356,0.034141071140766144,0.34884440898895264,0.010319385677576065,0.07203308492898941,0.047900378704071045,0.03090355545282364
243,1383,03-01-01-01-02-02-24.wav,C:\Users\hik88\Desktop\BIT_Uni\GraduationPaper\Project\SER_GraduationPaper\src\$RVNS6MQ\Actor_24\03-01-01-01-02-02-24.wav,neutral,sad,0,0.48675641417503357,0.16312731802463531,0.09061554819345474,0.06623829156160355,0.48675641417503357,0.022221500054001808,0.10195120424032211,0.047793976962566376,0.021295852959156036
244,1384,03-01-02-01-01-01-24.wav,C:\Users\hik88\Desktop\BIT_Uni\GraduationPaper\Project\SER_GraduationPaper\src\$RVNS6MQ\Actor_24\03-01-02-01-01-01-24.wav,calm,sad,0,0.40398359298706055,0.061512697488069534,0.1436125636100769,0.0804527997970581,0.40398359298706055,0.020578183233737946,0.12929004430770874,0.07744050025939941,0.08312967419624329
245,1385,03-01-02-01-01-02-24.wav,C:\Users\hik88\Desktop\BIT_Uni\GraduationPaper\Project\SER_GraduationPaper\src\$RVNS6MQ\Actor_24\03-01-02-01-01-02-24.wav,calm,sad,0,0.5357151627540588,0.05318298563361168,0.07212313264608383,0.04437250643968582,0.5357151627540588,0.0091762226074934,0.1782924383878708,0.03471384570002556,0.07242365926504135
246,1386,03-01-02-01-02-01-24.wav,C:\Users\hik88\Desktop\BIT_Uni\GraduationPaper\Project\SER_GraduationPaper\src\$RVNS6MQ\Actor_24\03-01-02-01-02-01-24.wav,calm,calm,1,0.7210733294487,0.05941970273852348,0.7210733294487,0.0063658589497208595,0.17083775997161865,0.006718777120113373,0.01745360717177391,0.016179600730538368,0.0019514401210471988
247,1387,03-01-02-01-02-02-24.wav,C:\Users\hik88\Desktop\BIT_Uni\GraduationPaper\Project\SER_GraduationPaper\src\$RVNS6MQ\Actor_24\03-01-02-01-02-02-24.wav,calm,calm,1,0.5168571472167969,0.061680324375629425,0.5168571472167969,0.007285097148269415,0.3666840195655823,0.006792637053877115,0.022485405206680298,0.014836356043815613,0.003378923051059246
248,1388,03-01-02-02-01-01-24.wav,C:\Users\hik88\Desktop\BIT_Uni\GraduationPaper\Project\SER_GraduationPaper\src\$RVNS6MQ\Actor_24\03-01-02-02-01-01-24.wav,calm,disgust,0,0.41813188791275024,0.02945553883910179,0.1017022430896759,0.038568250834941864,0.2874014675617218,0.03481965884566307,0.06085515022277832,0.41813188791275024,0.029065819457173347
249,1389,03-01-02-02-01-02-24.wav,C:\Users\hik88\Desktop\BIT_Uni\GraduationPaper\Project\SER_GraduationPaper\src\$RVNS6MQ\Actor_24\03-01-02-02-01-02-24.wav,calm,calm,1,0.6970224380493164,0.08533775061368942,0.6970224380493164,0.016046980395913124,0.1709136813879013,0.002848821459338069,0.011761782690882683,0.009926474653184414,0.006142167374491692
250,1390,03-01-02-02-02-01-24.wav,C:\Users\hik88\Desktop\BIT_Uni\GraduationPaper\Project\SER_GraduationPaper\src\$RVNS6MQ\Actor_24\03-01-02-02-02-01-24.wav,calm,calm,1,0.6477565765380859,0.08842512220144272,0.6477565765380859,0.00827806070446968,0.22716975212097168,0.00531790591776371,0.010167662985622883,0.010364479385316372,0.002520422451198101
251,1391,03-01-02-02-02-02-24.wav,C:\Users\hik88\Desktop\BIT_Uni\GraduationPaper\Project\SER_GraduationPaper\src\$RVNS6MQ\Actor_24\03-01-02-02-02-02-24.wav,calm,calm,1,0.7955990433692932,0.05784589797258377,0.7955990433692932,0.07805313169956207,0.04685605689883232,0.00600381288677454,0.0068749357014894485,0.005393960513174534,0.0033731067087501287
252,1392,03-01-03-01-01-01-24.wav,C:\Users\hik88\Desktop\BIT_Uni\GraduationPaper\Project\SER_GraduationPaper\src\$RVNS6MQ\Actor_24\03-01-03-01-01-01-24.wav,happy,sad,0,0.4309574365615845,0.040356606245040894,0.03987976536154747,0.2153959423303604,0.4309574365615845,0.028109027072787285,0.08435004204511642,0.09656766802072525,0.06438346952199936
253,1393,03-01-03-01-01-02-24.wav,C:\Users\hik88\Desktop\BIT_Uni\GraduationPaper\Project\SER_GraduationPaper\src\$RVNS6MQ\Actor_24\03-01-03-01-01-02-24.wav,happy,happy,1,0.7345690131187439,0.03301128000020981,0.025475725531578064,0.7345690131187439,0.055473458021879196,0.04409263655543327,0.025517644360661507,0.04992654174566269,0.031933579593896866
254,1394,03-01-03-01-02-01-24.wav,C:\Users\hik88\Desktop\BIT_Uni\GraduationPaper\Project\SER_GraduationPaper\src\$RVNS6MQ\Actor_24\03-01-03-01-02-01-24.wav,happy,neutral,0,0.411731481552124,0.411731481552124,0.10042069107294083,0.08515968918800354,0.1831933856010437,0.028226280584931374,0.04462696984410286,0.06633138656616211,0.08031009882688522
255,1395,03-01-03-01-02-02-24.wav,C:\Users\hik88\Desktop\BIT_Uni\GraduationPaper\Project\SER_GraduationPaper\src\$RVNS6MQ\Actor_24\03-01-03-01-02-02-24.wav,happy,happy,1,0.439346045255661,0.12200965732336044,0.10291589796543121,0.439346045255661,0.15215446054935455,0.0427219495177269,0.028386438265442848,0.07348953187465668,0.038976121693849564
256,1396,03-01-03-02-01-01-24.wav,C:\Users\hik88\Desktop\BIT_Uni\GraduationPaper\Project\SER_GraduationPaper\src\$RVNS6MQ\Actor_24\03-01-03-02-01-01-24.wav,happy,happy,1,0.9068325161933899,0.0036883261054754257,0.002443785546347499,0.9068325161933899,0.01155488844960928,0.034145623445510864,0.011559500358998775,0.015659494325518608,0.014115847647190094
257,1397,03-01-03-02-01-02-24.wav,C:\Users\hik88\Desktop\BIT_Uni\GraduationPaper\Project\SER_GraduationPaper\src\$RVNS6MQ\Actor_24\03-01-03-02-01-02-24.wav,happy,happy,1,0.8829663991928101,0.00767604261636734,0.004340400453656912,0.8829663991928101,0.04099888727068901,0.026132553815841675,0.012795040383934975,0.019546905532479286,0.005543785635381937
258,1398,03-01-03-02-02-01-24.wav,C:\Users\hik88\Desktop\BIT_Uni\GraduationPaper\Project\SER_GraduationPaper\src\$RVNS6MQ\Actor_24\03-01-03-02-02-01-24.wav,happy,happy,1,0.8875716924667358,0.004869831260293722,0.003620017785578966,0.8875716924667358,0.014452865347266197,0.03937128558754921,0.029414847493171692,0.014228027313947678,0.006471492350101471
259,1399,03-01-03-02-02-02-24.wav,C:\Users\hik88\Desktop\BIT_Uni\GraduationPaper\Project\SER_GraduationPaper\src\$RVNS6MQ\Actor_24\03-01-03-02-02-02-24.wav,happy,fearful,0,0.7604265809059143,0.001645639888010919,0.0019749607890844345,0.12610194087028503,0.007052818313241005,0.05461880564689636,0.7604265809059143,0.0222877599298954,0.025891544297337532
260,1400,03-01-04-01-01-01-24.wav,C:\Users\hik88\Desktop\BIT_Uni\GraduationPaper\Project\SER_GraduationPaper\src\$RVNS6MQ\Actor_24\03-01-04-01-01-01-24.wav,sad,sad,1,0.5149958729743958,0.07665010541677475,0.30718284845352173,0.013152466155588627,0.5149958729743958,0.009378453716635704,0.03169536590576172,0.039971157908439636,0.006973703391849995
261,1401,03-01-04-01-01-02-24.wav,C:\Users\hik88\Desktop\BIT_Uni\GraduationPaper\Project\SER_GraduationPaper\src\$RVNS6MQ\Actor_24\03-01-04-01-01-02-24.wav,sad,sad,1,0.766551673412323,0.0844750851392746,0.06858202815055847,0.002234987448900938,0.766551673412323,0.002008134266361594,0.047183211892843246,0.019948048517107964,0.00901678018271923
262,1402,03-01-04-01-02-01-24.wav,C:\Users\hik88\Desktop\BIT_Uni\GraduationPaper\Project\SER_GraduationPaper\src\$RVNS6MQ\Actor_24\03-01-04-01-02-01-24.wav,sad,sad,1,0.5231369733810425,0.06491895020008087,0.135417640209198,0.032239340245723724,0.5231369733810425,0.021553795784711838,0.07524045556783676,0.10057670623064041,0.046916063874959946
263,1403,03-01-04-01-02-02-24.wav,C:\Users\hik88\Desktop\BIT_Uni\GraduationPaper\Project\SER_GraduationPaper\src\$RVNS6MQ\Actor_24\03-01-04-01-02-02-24.wav,sad,disgust,0,0.5504401922225952,0.04615537077188492,0.1573343724012375,0.0038625244051218033,0.17963381111621857,0.03798564150929451,0.010189788416028023,0.5504401922225952,0.01439828984439373
264,1404,03-01-04-02-01-01-24.wav,C:\Users\hik88\Desktop\BIT_Uni\GraduationPaper\Project\SER_GraduationPaper\src\$RVNS6MQ\Actor_24\03-01-04-02-01-01-24.wav,sad,sad,1,0.7081018090248108,0.002218453446403146,0.0031771999783813953,0.044039659202098846,0.7081018090248108,0.0011908173328265548,0.23063558340072632,0.008497840724885464,0.002138697076588869
265,1405,03-01-04-02-01-02-24.wav,C:\Users\hik88\Desktop\BIT_Uni\GraduationPaper\Project\SER_GraduationPaper\src\$RVNS6MQ\Actor_24\03-01-04-02-01-02-24.wav,sad,disgust,0,0.2959635555744171,0.005899278447031975,0.0058633009903132915,0.07074157893657684,0.23884813487529755,0.09833601862192154,0.2225598245859146,0.2959635555744171,0.06178833916783333
266,1406,03-01-04-02-02-01-24.wav,C:\Users\hik88\Desktop\BIT_Uni\GraduationPaper\Project\SER_GraduationPaper\src\$RVNS6MQ\Actor_24\03-01-04-02-02-01-24.wav,sad,sad,1,0.7378886342048645,0.007096154615283012,0.008683078922331333,0.07886481285095215,0.7378886342048645,0.04837382957339287,0.06199732422828674,0.05354224145412445,0.003553924150764942
267,1407,03-01-04-02-02-02-24.wav,C:\Users\hik88\Desktop\BIT_Uni\GraduationPaper\Project\SER_GraduationPaper\src\$RVNS6MQ\Actor_24\03-01-04-02-02-02-24.wav,sad,sad,1,0.7538569569587708,0.021026479080319405,0.01258826907724142,0.044149868190288544,0.7538569569587708,0.006360182538628578,0.08959316462278366,0.053875185549259186,0.018549947068095207
268,1408,03-01-05-01-01-01-24.wav,C:\Users\hik88\Desktop\BIT_Uni\GraduationPaper\Project\SER_GraduationPaper\src\$RVNS6MQ\Actor_24\03-01-05-01-01-01-24.wav,angry,angry,1,0.9424170851707458,0.0017104706494137645,0.0013946880353614688,0.011247309856116772,0.0016973045421764255,0.9424170851707458,0.0019445036305114627,0.034894347190856934,0.004694361239671707
269,1409,03-01-05-01-01-02-24.wav,C:\Users\hik88\Desktop\BIT_Uni\GraduationPaper\Project\SER_GraduationPaper\src\$RVNS6MQ\Actor_24\03-01-05-01-01-02-24.wav,angry,angry,1,0.5549193620681763,0.012155021540820599,0.008282143622636795,0.1702215075492859,0.014516102150082588,0.5549193620681763,0.03802923485636711,0.13020581007003784,0.07167082279920578
270,1410,03-01-05-01-02-01-24.wav,C:\Users\hik88\Desktop\BIT_Uni\GraduationPaper\Project\SER_GraduationPaper\src\$RVNS6MQ\Actor_24\03-01-05-01-02-01-24.wav,angry,angry,1,0.8997881412506104,0.0036626060027629137,0.001360583701170981,0.028927532956004143,0.006774607114493847,0.8997881412506104,0.006036526057869196,0.039201464504003525,0.014248492196202278
271,1411,03-01-05-01-02-02-24.wav,C:\Users\hik88\Desktop\BIT_Uni\GraduationPaper\Project\SER_GraduationPaper\src\$RVNS6MQ\Actor_24\03-01-05-01-02-02-24.wav,angry,angry,1,0.7562088966369629,0.008237852714955807,0.0073753055185079575,0.07163973897695541,0.02187429368495941,0.7562088966369629,0.010413025505840778,0.1140236034989357,0.010227354243397713
272,1412,03-01-05-02-01-01-24.wav,C:\Users\hik88\Desktop\BIT_Uni\GraduationPaper\Project\SER_GraduationPaper\src\$RVNS6MQ\Actor_24\03-01-05-02-01-01-24.wav,angry,angry,1,0.9746299982070923,0.0005614365800283849,0.0006093389238230884,0.008325825445353985,0.0005261119222268462,0.9746299982070923,0.0013705132296308875,0.012643900699913502,0.0013328612549230456
273,1413,03-01-05-02-01-02-24.wav,C:\Users\hik88\Desktop\BIT_Uni\GraduationPaper\Project\SER_GraduationPaper\src\$RVNS6MQ\Actor_24\03-01-05-02-01-02-24.wav,angry,angry,1,0.9577698707580566,0.0008554397500120103,0.0008219625451602042,0.018504461273550987,0.0005898563540540636,0.9577698707580566,0.0016323091695085168,0.017328910529613495,0.002497086301445961
274,1414,03-01-05-02-02-01-24.wav,C:\Users\hik88\Desktop\BIT_Uni\GraduationPaper\Project\SER_GraduationPaper\src\$RVNS6MQ\Actor_24\03-01-05-02-02-01-24.wav,angry,angry,1,0.8755108118057251,0.0015359011013060808,0.0009047271450981498,0.006695396266877651,0.0021038914564996958,0.8755108118057251,0.0017106147715821862,0.09711819142103195,0.014420470222830772
275,1415,03-01-05-02-02-02-24.wav,C:\Users\hik88\Desktop\BIT_Uni\GraduationPaper\Project\SER_GraduationPaper\src\$RVNS6MQ\Actor_24\03-01-05-02-02-02-24.wav,angry,angry,1,0.6952564716339111,0.001681789173744619,0.002387617016211152,0.023699482902884483,0.008382587693631649,0.6952564716339111,0.005662305746227503,0.2431046962738037,0.019825028255581856
276,1416,03-01-06-01-01-01-24.wav,C:\Users\hik88\Desktop\BIT_Uni\GraduationPaper\Project\SER_GraduationPaper\src\$RVNS6MQ\Actor_24\03-01-06-01-01-01-24.wav,fearful,fearful,1,0.6603577136993408,0.002893229015171528,0.004219253081828356,0.04040360823273659,0.02151719108223915,0.04178106039762497,0.6603577136993408,0.1453813910484314,0.08344651013612747
277,1417,03-01-06-01-01-02-24.wav,C:\Users\hik88\Desktop\BIT_Uni\GraduationPaper\Project\SER_GraduationPaper\src\$RVNS6MQ\Actor_24\03-01-06-01-01-02-24.wav,fearful,fearful,1,0.6887027025222778,0.0023758586030453444,0.003441108390688896,0.04447469115257263,0.008687637746334076,0.053592536598443985,0.6887027025222778,0.08478621393442154,0.11393928527832031
278,1418,03-01-06-01-02-01-24.wav,C:\Users\hik88\Desktop\BIT_Uni\GraduationPaper\Project\SER_GraduationPaper\src\$RVNS6MQ\Actor_24\03-01-06-01-02-01-24.wav,fearful,fearful,1,0.809115469455719,0.0015551624819636345,0.002374609699472785,0.04956955090165138,0.018889985978603363,0.017720002681016922,0.809115469455719,0.04290269687771797,0.057872552424669266
279,1419,03-01-06-01-02-02-24.wav,C:\Users\hik88\Desktop\BIT_Uni\GraduationPaper\Project\SER_GraduationPaper\src\$RVNS6MQ\Actor_24\03-01-06-01-02-02-24.wav,fearful,fearful,1,0.5328087210655212,0.0023423535749316216,0.0026964580174535513,0.03345494344830513,0.010396451689302921,0.07309217751026154,0.5328087210655212,0.1040278896689415,0.24118101596832275
280,1420,03-01-06-02-01-01-24.wav,C:\Users\hik88\Desktop\BIT_Uni\GraduationPaper\Project\SER_GraduationPaper\src\$RVNS6MQ\Actor_24\03-01-06-02-01-01-24.wav,fearful,fearful,1,0.6145603656768799,0.002280083717778325,0.0034316133242100477,0.13549217581748962,0.04555940628051758,0.007384161464869976,0.6145603656768799,0.040803514420986176,0.15048862993717194
281,1421,03-01-06-02-01-02-24.wav,C:\Users\hik88\Desktop\BIT_Uni\GraduationPaper\Project\SER_GraduationPaper\src\$RVNS6MQ\Actor_24\03-01-06-02-01-02-24.wav,fearful,fearful,1,0.8408385515213013,0.0010219038231298327,0.001283283345401287,0.06224694848060608,0.03159402683377266,0.0064928969368338585,0.8408385515213013,0.00877387449145317,0.04774865880608559
282,1422,03-01-06-02-02-01-24.wav,C:\Users\hik88\Desktop\BIT_Uni\GraduationPaper\Project\SER_GraduationPaper\src\$RVNS6MQ\Actor_24\03-01-06-02-02-01-24.wav,fearful,fearful,1,0.5476284027099609,0.0023614605888724327,0.002708513755351305,0.23229669034481049,0.028768276795744896,0.004032682161778212,0.5476284027099609,0.015258539468050003,0.1669454127550125
283,1423,03-01-06-02-02-02-24.wav,C:\Users\hik88\Desktop\BIT_Uni\GraduationPaper\Project\SER_GraduationPaper\src\$RVNS6MQ\Actor_24\03-01-06-02-02-02-24.wav,fearful,surprised,0,0.5190469622612,0.0022923285141587257,0.0032221719156950712,0.18894977867603302,0.008218704722821712,0.007563804741948843,0.24008437991142273,0.030621863901615143,0.5190469622612
284,1424,03-01-07-01-01-01-24.wav,C:\Users\hik88\Desktop\BIT_Uni\GraduationPaper\Project\SER_GraduationPaper\src\$RVNS6MQ\Actor_24\03-01-07-01-01-01-24.wav,disgust,disgust,1,0.9109985828399658,0.0016861294861882925,0.004395931959152222,0.005905283149331808,0.024039309471845627,0.04123004525899887,0.0055197449401021,0.9109985828399658,0.006224883254617453
285,1425,03-01-07-01-01-02-24.wav,C:\Users\hik88\Desktop\BIT_Uni\GraduationPaper\Project\SER_GraduationPaper\src\$RVNS6MQ\Actor_24\03-01-07-01-01-02-24.wav,disgust,disgust,1,0.5658145546913147,0.004616709426045418,0.006419448181986809,0.021598374471068382,0.046532295644283295,0.31533083319664,0.020667724311351776,0.5658145546913147,0.019020026549696922
286,1426,03-01-07-01-02-01-24.wav,C:\Users\hik88\Desktop\BIT_Uni\GraduationPaper\Project\SER_GraduationPaper\src\$RVNS6MQ\Actor_24\03-01-07-01-02-01-24.wav,disgust,disgust,1,0.5590327382087708,0.005901384633034468,0.007825467735528946,0.04132203757762909,0.25862962007522583,0.08355347812175751,0.029243092983961105,0.5590327382087708,0.014492145739495754
287,1427,03-01-07-01-02-02-24.wav,C:\Users\hik88\Desktop\BIT_Uni\GraduationPaper\Project\SER_GraduationPaper\src\$RVNS6MQ\Actor_24\03-01-07-01-02-02-24.wav,disgust,disgust,1,0.4507795572280884,0.0020226286724209785,0.004156783223152161,0.0267974641174078,0.1735147088766098,0.3186567425727844,0.013982382602989674,0.4507795572280884,0.010089810937643051
288,1428,03-01-07-02-01-01-24.wav,C:\Users\hik88\Desktop\BIT_Uni\GraduationPaper\Project\SER_GraduationPaper\src\$RVNS6MQ\Actor_24\03-01-07-02-01-01-24.wav,disgust,disgust,1,0.858644425868988,0.00104386149905622,0.002423346508294344,0.0036984130274504423,0.047172147780656815,0.060533005744218826,0.0171029195189476,0.858644425868988,0.009381852112710476
289,1429,03-01-07-02-01-02-24.wav,C:\Users\hik88\Desktop\BIT_Uni\GraduationPaper\Project\SER_GraduationPaper\src\$RVNS6MQ\Actor_24\03-01-07-02-01-02-24.wav,disgust,disgust,1,0.5372487306594849,0.0024698441848158836,0.00619374867528677,0.026212649419903755,0.01912638731300831,0.2721046507358551,0.12277863174676895,0.5372487306594849,0.013865342363715172
290,1430,03-01-07-02-02-01-24.wav,C:\Users\hik88\Desktop\BIT_Uni\GraduationPaper\Project\SER_GraduationPaper\src\$RVNS6MQ\Actor_24\03-01-07-02-02-01-24.wav,disgust,disgust,1,0.4730896055698395,0.0036254446022212505,0.011147386394441128,0.07651299983263016,0.04930834099650383,0.277570515871048,0.06427812576293945,0.4730896055698395,0.04446755349636078
291,1431,03-01-07-02-02-02-24.wav,C:\Users\hik88\Desktop\BIT_Uni\GraduationPaper\Project\SER_GraduationPaper\src\$RVNS6MQ\Actor_24\03-01-07-02-02-02-24.wav,disgust,disgust,1,0.2265014499425888,0.026930643245577812,0.035594549030065536,0.21894846856594086,0.10898855328559875,0.15595757961273193,0.1943037211894989,0.2265014499425888,0.0327751487493515
292,1432,03-01-08-01-01-01-24.wav,C:\Users\hik88\Desktop\BIT_Uni\GraduationPaper\Project\SER_GraduationPaper\src\$RVNS6MQ\Actor_24\03-01-08-01-01-01-24.wav,surprised,surprised,1,0.9345584511756897,0.004616291727870703,0.0035104311536997557,0.009880552999675274,0.0026476248167455196,0.006667952053248882,0.02137908525764942,0.016739608719944954,0.9345584511756897
293,1433,03-01-08-01-01-02-24.wav,C:\Users\hik88\Desktop\BIT_Uni\GraduationPaper\Project\SER_GraduationPaper\src\$RVNS6MQ\Actor_24\03-01-08-01-01-02-24.wav,surprised,surprised,1,0.8868170380592346,0.001807205262593925,0.0007014349685050547,0.03983752429485321,0.002426678081974387,0.00449458509683609,0.055779166519641876,0.008136349730193615,0.8868170380592346
294,1434,03-01-08-01-02-01-24.wav,C:\Users\hik88\Desktop\BIT_Uni\GraduationPaper\Project\SER_GraduationPaper\src\$RVNS6MQ\Actor_24\03-01-08-01-02-01-24.wav,surprised,surprised,1,0.9364110231399536,0.001941637834534049,0.0006657302146777511,0.01430781465023756,0.0007550395093858242,0.02595463953912258,0.005289074964821339,0.014675070531666279,0.9364110231399536
295,1435,03-01-08-01-02-02-24.wav,C:\Users\hik88\Desktop\BIT_Uni\GraduationPaper\Project\SER_GraduationPaper\src\$RVNS6MQ\Actor_24\03-01-08-01-02-02-24.wav,surprised,surprised,1,0.7965277433395386,0.0046930802054703236,0.0028272622730582952,0.0712440088391304,0.0035808009561151266,0.01899854652583599,0.07822917401790619,0.02389933541417122,0.7965277433395386
296,1436,03-01-08-02-01-01-24.wav,C:\Users\hik88\Desktop\BIT_Uni\GraduationPaper\Project\SER_GraduationPaper\src\$RVNS6MQ\Actor_24\03-01-08-02-01-01-24.wav,surprised,surprised,1,0.4272063970565796,0.00607619434595108,0.0031300962436944246,0.04601108282804489,0.006083584390580654,0.34609371423721313,0.07136708498001099,0.09403178095817566,0.4272063970565796
297,1437,03-01-08-02-01-02-24.wav,C:\Users\hik88\Desktop\BIT_Uni\GraduationPaper\Project\SER_GraduationPaper\src\$RVNS6MQ\Actor_24\03-01-08-02-01-02-24.wav,surprised,surprised,1,0.40301546454429626,0.006395391188561916,0.006443386897444725,0.0594334751367569,0.021231286227703094,0.10767878592014313,0.07602015882730484,0.3197820484638214,0.40301546454429626
298,1438,03-01-08-02-02-01-24.wav,C:\Users\hik88\Desktop\BIT_Uni\GraduationPaper\Project\SER_GraduationPaper\src\$RVNS6MQ\Actor_24\03-01-08-02-02-01-24.wav,surprised,surprised,1,0.6197494268417358,0.0015680495416745543,0.001860051415860653,0.016885241493582726,0.0046653738245368,0.022692937403917313,0.23276636004447937,0.09981255978345871,0.6197494268417358
299,1439,03-01-08-02-02-02-24.wav,C:\Users\hik88\Desktop\BIT_Uni\GraduationPaper\Project\SER_GraduationPaper\src\$RVNS6MQ\Actor_24\03-01-08-02-02-02-24.wav,surprised,surprised,1,0.810691237449646,0.00071544642560184,0.000625491258688271,0.015566961839795113,0.0021312099415808916,0.0094490647315979,0.1382506638765335,0.02256990782916546,0.810691237449646
