{
  "accuracy": 0.52,
  "f1_macro": 0.5199048293789947,
  "f1_weighted": 0.5272924240648672,
  "uar": 0.515625,
  "war": 0.52,
  "mcc": 0.45581620565554615,
  "kappa": 0.4495412844036698,
  "ece": 0.21693687210480372,
  "fold_accuracy_mean": 0.52,
  "fold_f1_macro_mean": 0.5199048293789947
}