row,dataset_index,file,filepath,true_label,pred_label,correct,confidence,prob_neutral,prob_calm,prob_happy,prob_sad,prob_angry,prob_fearful,prob_disgust,prob_surprised
0,180,03-01-01-01-01-01-04.wav,C:\Users\hik88\Desktop\BIT_Uni\GraduationPaper\Project\SER_GraduationPaper\src\$RVNS6MQ\Actor_04\03-01-01-01-01-01-04.wav,neutral,fearful,0,0.9869317412376404,0.00048218731535598636,0.0007084798999130726,0.00014981208369135857,3.16247133014258e-05,0.01156760286539793,0.9869317412376404,2.3346594389295205e-05,0.00010531814041314647
1,181,03-01-01-01-01-02-04.wav,C:\Users\hik88\Desktop\BIT_Uni\GraduationPaper\Project\SER_GraduationPaper\src\$RVNS6MQ\Actor_04\03-01-01-01-01-02-04.wav,neutral,fearful,0,0.8358154892921448,0.0010659212712198496,0.001949638593941927,0.0005063978023827076,6.866115290904418e-05,0.16032566130161285,0.8358154892921448,4.986157364328392e-05,0.00021836519590578973
2,182,03-01-01-01-02-01-04.wav,C:\Users\hik88\Desktop\BIT_Uni\GraduationPaper\Project\SER_GraduationPaper\src\$RVNS6MQ\Actor_04\03-01-01-01-02-01-04.wav,neutral,fearful,0,0.870238184928894,0.0009687971323728561,0.0012246322585269809,0.0002851958852261305,5.650453385896981e-05,0.12696993350982666,0.870238184928894,4.567108771880157e-05,0.0002111354551743716
3,183,03-01-01-01-02-02-04.wav,C:\Users\hik88\Desktop\BIT_Uni\GraduationPaper\Project\SER_GraduationPaper\src\$RVNS6MQ\Actor_04\03-01-01-01-02-02-04.wav,neutral,fearful,0,0.8565749526023865,0.0011857139179483056,0.0013491997960954905,0.0002217387518612668,6.345049769151956e-05,0.14034931361675262,0.8565749526023865,5.99573140789289e-05,0.00019578082719817758
4,184,03-01-02-01-01-01-04.wav,C:\Users\hik88\Desktop\BIT_Uni\GraduationPaper\Project\SER_GraduationPaper\src\$RVNS6MQ\Actor_04\03-01-02-01-01-01-04.wav,calm,fearful,0,0.8712255954742432,0.0008112165378406644,0.0014085662551224232,0.0004649938200600445,3.0886163585819304e-05,0.12572777271270752,0.8712255954742432,7.469966658391058e-05,0.0002563024463597685
5,185,03-01-02-01-01-02-04.wav,C:\Users\hik88\Desktop\BIT_Uni\GraduationPaper\Project\SER_GraduationPaper\src\$RVNS6MQ\Actor_04\03-01-02-01-01-02-04.wav,calm,fearful,0,0.9511339664459229,0.0009597673779353499,0.0008206753409467638,0.00040680888923816383,3.4057269658660516e-05,0.046435967087745667,0.9511339664459229,2.309391311428044e-05,0.00018560365424491465
6,186,03-01-02-01-02-01-04.wav,C:\Users\hik88\Desktop\BIT_Uni\GraduationPaper\Project\SER_GraduationPaper\src\$RVNS6MQ\Actor_04\03-01-02-01-02-01-04.wav,calm,angry,0,0.5249893665313721,0.0012413981603458524,0.0026397365145385265,0.0005639141309075058,7.234999065985903e-05,0.5249893665313721,0.4701475203037262,0.00011519552208483219,0.0002305709640495479
7,187,03-01-02-01-02-02-04.wav,C:\Users\hik88\Desktop\BIT_Uni\GraduationPaper\Project\SER_GraduationPaper\src\$RVNS6MQ\Actor_04\03-01-02-01-02-02-04.wav,calm,fearful,0,0.8380172252655029,0.0006110118119977415,0.0009330231114290655,0.000255045248195529,0.00017034763004630804,0.159899041056633,0.8380172252655029,4.2824183765333146e-05,7.144721894292161e-05
8,188,03-01-02-02-01-01-04.wav,C:\Users\hik88\Desktop\BIT_Uni\GraduationPaper\Project\SER_GraduationPaper\src\$RVNS6MQ\Actor_04\03-01-02-02-01-01-04.wav,calm,fearful,0,0.7525027990341187,0.001232363167218864,0.0014102176064625382,0.0005881722900085151,5.015335773350671e-05,0.24385206401348114,0.7525027990341187,5.655087443301454e-05,0.0003076836874242872
9,189,03-01-02-02-01-02-04.wav,C:\Users\hik88\Desktop\BIT_Uni\GraduationPaper\Project\SER_GraduationPaper\src\$RVNS6MQ\Actor_04\03-01-02-02-01-02-04.wav,calm,fearful,0,0.6030679941177368,0.0010384197812527418,0.0007644740981049836,0.0016591036692261696,6.537256558658555e-05,0.3932752013206482,0.6030679941177368,3.0049892302486114e-05,9.933506953530014e-05
10,190,03-01-02-02-02-01-04.wav,C:\Users\hik88\Desktop\BIT_Uni\GraduationPaper\Project\SER_GraduationPaper\src\$RVNS6MQ\Actor_04\03-01-02-02-02-01-04.wav,calm,fearful,0,0.66778963804245,0.001532826921902597,0.0012756447540596128,0.0011350564891472459,7.933593587949872e-05,0.3279154598712921,0.66778963804245,7.279948476934806e-05,0.00019924595835618675
11,191,03-01-02-02-02-02-04.wav,C:\Users\hik88\Desktop\BIT_Uni\GraduationPaper\Project\SER_GraduationPaper\src\$RVNS6MQ\Actor_04\03-01-02-02-02-02-04.wav,calm,fearful,0,0.7172196507453918,0.0009259474463760853,0.0023401284124702215,0.00024758721701800823,9.466585470363498e-05,0.2787618041038513,0.7172196507453918,8.981367136584595e-05,0.0003204505774192512
12,192,03-01-03-01-01-01-04.wav,C:\Users\hik88\Desktop\BIT_Uni\GraduationPaper\Project\SER_GraduationPaper\src\$RVNS6MQ\Actor_04\03-01-03-01-01-01-04.wav,happy,fearful,0,0.6906293034553528,0.0013517853803932667,0.0011878751683980227,0.0004712292575277388,6.381284765666351e-05,0.3059881329536438,0.6906293034553528,6.0547787143150344e-05,0.0002472827909514308
13,193,03-01-03-01-01-02-04.wav,C:\Users\hik88\Desktop\BIT_Uni\GraduationPaper\Project\SER_GraduationPaper\src\$RVNS6MQ\Actor_04\03-01-03-01-01-02-04.wav,happy,fearful,0,0.880289614200592,0.0011956293601542711,0.0011367728002369404,0.001199243706651032,3.6251840356271714e-05,0.11594313383102417,0.880289614200592,4.6068897063378245e-05,0.00015329332381952554
14,194,03-01-03-01-02-01-04.wav,C:\Users\hik88\Desktop\BIT_Uni\GraduationPaper\Project\SER_GraduationPaper\src\$RVNS6MQ\Actor_04\03-01-03-01-02-01-04.wav,happy,angry,0,0.5219904780387878,0.0012517481809481978,0.001316757290624082,0.0005257243756204844,6.074860357330181e-05,0.5219904780387878,0.47448810935020447,5.555817187996581e-05,0.0003109096141997725
15,195,03-01-03-01-02-02-04.wav,C:\Users\hik88\Desktop\BIT_Uni\GraduationPaper\Project\SER_GraduationPaper\src\$RVNS6MQ\Actor_04\03-01-03-01-02-02-04.wav,happy,fearful,0,0.7594873309135437,0.001343402429483831,0.0013932514702901244,0.0009782995330169797,4.061805157107301e-05,0.2363271415233612,0.7594873309135437,4.569816155708395e-05,0.00038426226819865406
16,196,03-01-03-02-01-01-04.wav,C:\Users\hik88\Desktop\BIT_Uni\GraduationPaper\Project\SER_GraduationPaper\src\$RVNS6MQ\Actor_04\03-01-03-02-01-01-04.wav,happy,fearful,0,0.575777530670166,0.0010527886915951967,0.0011607820633798838,0.0009173063444904983,5.347666592570022e-05,0.42071667313575745,0.575777530670166,4.505029573920183e-05,0.0002764098171610385
17,197,03-01-03-02-01-02-04.wav,C:\Users\hik88\Desktop\BIT_Uni\GraduationPaper\Project\SER_GraduationPaper\src\$RVNS6MQ\Actor_04\03-01-03-02-01-02-04.wav,happy,fearful,0,0.926947295665741,0.0006280786474235356,0.0003623208904173225,0.00041193526703864336,4.422738493303768e-05,0.07142572104930878,0.926947295665741,1.8668653865461238e-05,0.00016174018674064428
18,198,03-01-03-02-02-01-04.wav,C:\Users\hik88\Desktop\BIT_Uni\GraduationPaper\Project\SER_GraduationPaper\src\$RVNS6MQ\Actor_04\03-01-03-02-02-01-04.wav,happy,fearful,0,0.7729046940803528,0.0011298439931124449,0.0013970463769510388,0.0008400196675211191,4.197483212919906e-05,0.22331203520298004,0.7729046940803528,5.4094900406198576e-05,0.0003203362284693867
19,199,03-01-03-02-02-02-04.wav,C:\Users\hik88\Desktop\BIT_Uni\GraduationPaper\Project\SER_GraduationPaper\src\$RVNS6MQ\Actor_04\03-01-03-02-02-02-04.wav,happy,fearful,0,0.7639932036399841,0.0014830329455435276,0.002366661326959729,0.0006692041060887277,5.94200573686976e-05,0.23106157779693604,0.7639932036399841,4.749770960188471e-05,0.00031943668727762997
20,200,03-01-04-01-01-01-04.wav,C:\Users\hik88\Desktop\BIT_Uni\GraduationPaper\Project\SER_GraduationPaper\src\$RVNS6MQ\Actor_04\03-01-04-01-01-01-04.wav,sad,fearful,0,0.5270498991012573,0.0013340276200324297,0.0033574444241821766,0.0003687288844957948,7.325307524297386e-05,0.46750956773757935,0.5270498991012573,8.871403406374156e-05,0.00021837776876054704
21,201,03-01-04-01-01-02-04.wav,C:\Users\hik88\Desktop\BIT_Uni\GraduationPaper\Project\SER_GraduationPaper\src\$RVNS6MQ\Actor_04\03-01-04-01-01-02-04.wav,sad,fearful,0,0.8743568062782288,0.0006029590149410069,0.0005987104959785938,0.0003905309713445604,4.0856881241779774e-05,0.12366119027137756,0.8743568062782288,3.34995384037029e-05,0.00031555196619592607
22,202,03-01-04-01-02-01-04.wav,C:\Users\hik88\Desktop\BIT_Uni\GraduationPaper\Project\SER_GraduationPaper\src\$RVNS6MQ\Actor_04\03-01-04-01-02-01-04.wav,sad,angry,0,0.6012867093086243,0.000861064821947366,0.0013083990197628736,0.0006607876857742667,5.3714666137238964e-05,0.6012867093086243,0.3952997922897339,3.7103451177245006e-05,0.0004924354143440723
23,203,03-01-04-01-02-02-04.wav,C:\Users\hik88\Desktop\BIT_Uni\GraduationPaper\Project\SER_GraduationPaper\src\$RVNS6MQ\Actor_04\03-01-04-01-02-02-04.wav,sad,fearful,0,0.8704941868782043,0.0005949405604042113,0.00087259232532233,0.0007437767926603556,9.548898378852755e-05,0.1269395351409912,0.8704941868782043,2.3778269678587094e-05,0.0002357151242904365
24,204,03-01-04-02-01-01-04.wav,C:\Users\hik88\Desktop\BIT_Uni\GraduationPaper\Project\SER_GraduationPaper\src\$RVNS6MQ\Actor_04\03-01-04-02-01-01-04.wav,sad,fearful,0,0.9750426411628723,0.0004637325764633715,0.0003621513315010816,0.00030530220828950405,4.604224523063749e-05,0.023694191128015518,0.9750426411628723,1.7162137737614103e-05,6.867107731522992e-05
25,205,03-01-04-02-01-02-04.wav,C:\Users\hik88\Desktop\BIT_Uni\GraduationPaper\Project\SER_GraduationPaper\src\$RVNS6MQ\Actor_04\03-01-04-02-01-02-04.wav,sad,angry,0,0.5381999611854553,0.0005661312025040388,0.0006980643956921995,0.00048824670375324786,4.915343743050471e-05,0.5381999611854553,0.4598042964935303,9.815374505706131e-05,9.607589163351804e-05
26,206,03-01-04-02-02-01-04.wav,C:\Users\hik88\Desktop\BIT_Uni\GraduationPaper\Project\SER_GraduationPaper\src\$RVNS6MQ\Actor_04\03-01-04-02-02-01-04.wav,sad,fearful,0,0.5203732848167419,0.0008337266044691205,0.0010560002410784364,0.0007977173081599176,7.647860184079036e-05,0.47664007544517517,0.5203732848167419,0.00012374967627692968,9.896406118059531e-05
27,207,03-01-04-02-02-02-04.wav,C:\Users\hik88\Desktop\BIT_Uni\GraduationPaper\Project\SER_GraduationPaper\src\$RVNS6MQ\Actor_04\03-01-04-02-02-02-04.wav,sad,fearful,0,0.7764163017272949,0.0013284055748954415,0.0010335490806028247,0.0003562666242942214,0.00010214289795840159,0.22051359713077545,0.7764163017272949,4.048721893923357e-05,0.00020927561854477972
28,208,03-01-05-01-01-01-04.wav,C:\Users\hik88\Desktop\BIT_Uni\GraduationPaper\Project\SER_GraduationPaper\src\$RVNS6MQ\Actor_04\03-01-05-01-01-01-04.wav,angry,fearful,0,0.7663004994392395,0.0009985433425754309,0.0013590417802333832,0.00029011128935962915,0.00010901154746534303,0.23068967461585999,0.7663004994392395,5.7326567912241444e-05,0.00019579795480240136
29,209,03-01-05-01-01-02-04.wav,C:\Users\hik88\Desktop\BIT_Uni\GraduationPaper\Project\SER_GraduationPaper\src\$RVNS6MQ\Actor_04\03-01-05-01-01-02-04.wav,angry,fearful,0,0.8337799906730652,0.000809580844361335,0.001038889167830348,0.0003777009551413357,3.657858906080946e-05,0.1636488288640976,0.8337799906730652,6.11002542427741e-05,0.00024724469403736293
30,210,03-01-05-01-02-01-04.wav,C:\Users\hik88\Desktop\BIT_Uni\GraduationPaper\Project\SER_GraduationPaper\src\$RVNS6MQ\Actor_04\03-01-05-01-02-01-04.wav,angry,fearful,0,0.9020335674285889,0.0007399753667414188,0.0011600889265537262,0.00023805952514521778,4.679241465055384e-05,0.09550206363201141,0.9020335674285889,4.972929309587926e-05,0.00022978984634391963
31,211,03-01-05-01-02-02-04.wav,C:\Users\hik88\Desktop\BIT_Uni\GraduationPaper\Project\SER_GraduationPaper\src\$RVNS6MQ\Actor_04\03-01-05-01-02-02-04.wav,angry,angry,1,0.7541911005973816,0.0008901851833797991,0.0008717133314348757,0.000614598102401942,3.6809866287512705e-05,0.7541911005973816,0.24308349192142487,4.531976082944311e-05,0.00026684958720579743
32,212,03-01-05-02-01-01-04.wav,C:\Users\hik88\Desktop\BIT_Uni\GraduationPaper\Project\SER_GraduationPaper\src\$RVNS6MQ\Actor_04\03-01-05-02-01-01-04.wav,angry,fearful,0,0.6151556968688965,0.0009909577202051878,0.0016007103258743882,0.00047719795838929713,3.78548247681465e-05,0.38137301802635193,0.6151556968688965,9.150525147560984e-05,0.0002730399137362838
33,213,03-01-05-02-01-02-04.wav,C:\Users\hik88\Desktop\BIT_Uni\GraduationPaper\Project\SER_GraduationPaper\src\$RVNS6MQ\Actor_04\03-01-05-02-01-02-04.wav,angry,fearful,0,0.5058286190032959,0.000772469153162092,0.0008741497294977307,0.0003366814344190061,4.284882015781477e-05,0.49183189868927,0.5058286190032959,9.277535718865693e-05,0.0002204567426815629
34,214,03-01-05-02-02-01-04.wav,C:\Users\hik88\Desktop\BIT_Uni\GraduationPaper\Project\SER_GraduationPaper\src\$RVNS6MQ\Actor_04\03-01-05-02-02-01-04.wav,angry,angry,1,0.7627938985824585,0.001384804374538362,0.0016732498770579696,0.0015723368851467967,7.566145359305665e-05,0.7627938985824585,0.23231784999370575,4.414690920384601e-05,0.00013814782141707838
35,215,03-01-05-02-02-02-04.wav,C:\Users\hik88\Desktop\BIT_Uni\GraduationPaper\Project\SER_GraduationPaper\src\$RVNS6MQ\Actor_04\03-01-05-02-02-02-04.wav,angry,fearful,0,0.6089758276939392,0.0010305634932592511,0.001356335706077516,0.0006106172222644091,4.793275729753077e-05,0.3876248002052307,0.6089758276939392,4.1973285988206044e-05,0.00031195810879580677
36,216,03-01-06-01-01-01-04.wav,C:\Users\hik88\Desktop\BIT_Uni\GraduationPaper\Project\SER_GraduationPaper\src\$RVNS6MQ\Actor_04\03-01-06-01-01-01-04.wav,fearful,fearful,1,0.9377619624137878,0.0005811123410239816,0.0007994812331162393,0.00027946647605858743,3.883578028762713e-05,0.06030828133225441,0.9377619624137878,5.374918328016065e-05,0.0001770810195012018
37,217,03-01-06-01-01-02-04.wav,C:\Users\hik88\Desktop\BIT_Uni\GraduationPaper\Project\SER_GraduationPaper\src\$RVNS6MQ\Actor_04\03-01-06-01-01-02-04.wav,fearful,fearful,1,0.9512165784835815,0.00044633945799432695,0.0006760449032299221,0.0001673873484833166,3.4501113987062126e-05,0.04716573283076286,0.9512165784835815,3.590734922909178e-05,0.00025735952658578753
38,218,03-01-06-01-02-01-04.wav,C:\Users\hik88\Desktop\BIT_Uni\GraduationPaper\Project\SER_GraduationPaper\src\$RVNS6MQ\Actor_04\03-01-06-01-02-01-04.wav,fearful,fearful,1,0.8871655464172363,0.0007226629531942308,0.0015204703668132424,0.0003078406152781099,4.276502295397222e-05,0.10981988906860352,0.8871655464172363,6.258499342948198e-05,0.0003582466160878539
39,219,03-01-06-01-02-02-04.wav,C:\Users\hik88\Desktop\BIT_Uni\GraduationPaper\Project\SER_GraduationPaper\src\$RVNS6MQ\Actor_04\03-01-06-01-02-02-04.wav,fearful,fearful,1,0.8074864745140076,0.0008188026840798557,0.0019330850336700678,0.0005580911529250443,5.264661376713775e-05,0.18877559900283813,0.8074864745140076,6.475903501268476e-05,0.0003105254436377436
40,220,03-01-06-02-01-01-04.wav,C:\Users\hik88\Desktop\BIT_Uni\GraduationPaper\Project\SER_GraduationPaper\src\$RVNS6MQ\Actor_04\03-01-06-02-01-01-04.wav,fearful,angry,0,0.5819205641746521,0.0008609197102487087,0.0013187348376959562,0.0006222155643627048,4.6797435061307624e-05,0.5819205641746521,0.41479477286338806,0.00019958156917709857,0.00023643806343898177
41,221,03-01-06-02-01-02-04.wav,C:\Users\hik88\Desktop\BIT_Uni\GraduationPaper\Project\SER_GraduationPaper\src\$RVNS6MQ\Actor_04\03-01-06-02-01-02-04.wav,fearful,fearful,1,0.978278398513794,0.0003168077382724732,0.0004641143896151334,0.00015699956566095352,7.582017133245245e-05,0.020619841292500496,0.978278398513794,2.4011127607082017e-05,6.399286212399602e-05
42,222,03-01-06-02-02-01-04.wav,C:\Users\hik88\Desktop\BIT_Uni\GraduationPaper\Project\SER_GraduationPaper\src\$RVNS6MQ\Actor_04\03-01-06-02-02-01-04.wav,fearful,fearful,1,0.5041027665138245,0.0013434267602860928,0.0019114832393825054,0.0004861768102273345,9.223775123246014e-05,0.49177783727645874,0.5041027665138245,8.908185554901138e-05,0.0001969576842384413
43,223,03-01-06-02-02-02-04.wav,C:\Users\hik88\Desktop\BIT_Uni\GraduationPaper\Project\SER_GraduationPaper\src\$RVNS6MQ\Actor_04\03-01-06-02-02-02-04.wav,fearful,fearful,1,0.9517644047737122,0.0005780984065495431,0.0005964665906503797,0.00023459027579519898,5.8028297644341365e-05,0.04663074389100075,0.9517644047737122,2.7484285965329036e-05,0.00011016457574442029
44,224,03-01-07-01-01-01-04.wav,C:\Users\hik88\Desktop\BIT_Uni\GraduationPaper\Project\SER_GraduationPaper\src\$RVNS6MQ\Actor_04\03-01-07-01-01-01-04.wav,disgust,angry,0,0.6238334774971008,0.0012883552117273211,0.00207989988848567,0.00032129697501659393,7.168797310441732e-05,0.6238334774971008,0.37207216024398804,8.206973143387586e-05,0.00025104451924562454
45,225,03-01-07-01-01-02-04.wav,C:\Users\hik88\Desktop\BIT_Uni\GraduationPaper\Project\SER_GraduationPaper\src\$RVNS6MQ\Actor_04\03-01-07-01-01-02-04.wav,disgust,angry,0,0.7389442324638367,0.0008105546003207564,0.0007449035183526576,0.00037684012204408646,6.607983959838748e-05,0.7389442324638367,0.25882336497306824,9.376437083119527e-05,0.0001403445639880374
46,226,03-01-07-01-02-01-04.wav,C:\Users\hik88\Desktop\BIT_Uni\GraduationPaper\Project\SER_GraduationPaper\src\$RVNS6MQ\Actor_04\03-01-07-01-02-01-04.wav,disgust,fearful,0,0.5608777403831482,0.001106285722926259,0.0011795375030487776,0.0006668716669082642,4.653450014302507e-05,0.43572381138801575,0.5608777403831482,9.204231901094317e-05,0.0003071672690566629
47,227,03-01-07-01-02-02-04.wav,C:\Users\hik88\Desktop\BIT_Uni\GraduationPaper\Project\SER_GraduationPaper\src\$RVNS6MQ\Actor_04\03-01-07-01-02-02-04.wav,disgust,angry,0,0.7170096039772034,0.0017555799568071961,0.0028412214014679193,0.0013951059663668275,4.7418830945389345e-05,0.7170096039772034,0.27663925290107727,0.0001110284574679099,0.00020075343491043895
48,228,03-01-07-02-01-01-04.wav,C:\Users\hik88\Desktop\BIT_Uni\GraduationPaper\Project\SER_GraduationPaper\src\$RVNS6MQ\Actor_04\03-01-07-02-01-01-04.wav,disgust,fearful,0,0.9099577069282532,0.0007312199450097978,0.0006882440648041666,0.00033944263122975826,5.6853939895518124e-05,0.08802126348018646,0.9099577069282532,2.7470045097288676e-05,0.00017780103371478617
49,229,03-01-07-02-01-02-04.wav,C:\Users\hik88\Desktop\BIT_Uni\GraduationPaper\Project\SER_GraduationPaper\src\$RVNS6MQ\Actor_04\03-01-07-02-01-02-04.wav,disgust,angry,0,0.8396724462509155,0.0005738441832363605,0.0007608445594087243,0.0012877025874331594,3.9176706195576116e-05,0.8396724462509155,0.157435804605484,5.1344395615160465e-05,0.00017886533169075847
50,230,03-01-07-02-02-01-04.wav,C:\Users\hik88\Desktop\BIT_Uni\GraduationPaper\Project\SER_GraduationPaper\src\$RVNS6MQ\Actor_04\03-01-07-02-02-01-04.wav,disgust,fearful,0,0.5850960612297058,0.0007992091705091298,0.0014595420798286796,0.0008840080117806792,4.475138848647475e-05,0.4110940992832184,0.5850960612297058,7.236356032080948e-05,0.0005500419647432864
51,231,03-01-07-02-02-02-04.wav,C:\Users\hik88\Desktop\BIT_Uni\GraduationPaper\Project\SER_GraduationPaper\src\$RVNS6MQ\Actor_04\03-01-07-02-02-02-04.wav,disgust,fearful,0,0.5046619772911072,0.0015724467812106013,0.0016507870750501752,0.0012900058645755053,5.35793587914668e-05,0.4903974235057831,0.5046619772911072,5.716006126021966e-05,0.00031664036214351654
52,232,03-01-08-01-01-01-04.wav,C:\Users\hik88\Desktop\BIT_Uni\GraduationPaper\Project\SER_GraduationPaper\src\$RVNS6MQ\Actor_04\03-01-08-01-01-01-04.wav,surprised,fearful,0,0.9106373190879822,0.0011047431034967303,0.0011585456086322665,0.0004321652522776276,4.265795723767951e-05,0.08636578172445297,0.9106373190879822,3.573003414203413e-05,0.00022310198983177543
53,233,03-01-08-01-01-02-04.wav,C:\Users\hik88\Desktop\BIT_Uni\GraduationPaper\Project\SER_GraduationPaper\src\$RVNS6MQ\Actor_04\03-01-08-01-01-02-04.wav,surprised,fearful,0,0.9641928672790527,0.0008388252463191748,0.0008617819403298199,0.0004185080179013312,4.296730548958294e-05,0.03347901254892349,0.9641928672790527,2.188204052799847e-05,0.00014426840061787516
54,234,03-01-08-01-02-01-04.wav,C:\Users\hik88\Desktop\BIT_Uni\GraduationPaper\Project\SER_GraduationPaper\src\$RVNS6MQ\Actor_04\03-01-08-01-02-01-04.wav,surprised,fearful,0,0.6834748387336731,0.001402490888722241,0.0008599080611020327,0.0016840413445606828,5.326344398781657e-05,0.31218045949935913,0.6834748387336731,2.6936051654047333e-05,0.00031797427800484
55,235,03-01-08-01-02-02-04.wav,C:\Users\hik88\Desktop\BIT_Uni\GraduationPaper\Project\SER_GraduationPaper\src\$RVNS6MQ\Actor_04\03-01-08-01-02-02-04.wav,surprised,fearful,0,0.9601134061813354,0.0009368729079142213,0.0010199949610978365,0.00040418925345875323,4.941169754602015e-05,0.03732874244451523,0.9601134061813354,2.8744372684741393e-05,0.00011862647806992754
56,236,03-01-08-02-01-01-04.wav,C:\Users\hik88\Desktop\BIT_Uni\GraduationPaper\Project\SER_GraduationPaper\src\$RVNS6MQ\Actor_04\03-01-08-02-01-01-04.wav,surprised,fearful,0,0.9023199677467346,0.0008221457246690989,0.001297373091802001,0.0005469465395435691,2.362872146477457e-05,0.09456168860197067,0.9023199677467346,4.745980186271481e-05,0.0003807633474934846
57,237,03-01-08-02-01-02-04.wav,C:\Users\hik88\Desktop\BIT_Uni\GraduationPaper\Project\SER_GraduationPaper\src\$RVNS6MQ\Actor_04\03-01-08-02-01-02-04.wav,surprised,fearful,0,0.868760883808136,0.0006173148285597563,0.0005711543490178883,0.00035576109075918794,5.565978426602669e-05,0.1294647455215454,0.868760883808136,4.167071892879903e-05,0.0001329019432887435
58,238,03-01-08-02-02-01-04.wav,C:\Users\hik88\Desktop\BIT_Uni\GraduationPaper\Project\SER_GraduationPaper\src\$RVNS6MQ\Actor_04\03-01-08-02-02-01-04.wav,surprised,fearful,0,0.9552064538002014,0.0006781357806175947,0.0007289968780241907,0.0003603288496378809,3.5919474612455815e-05,0.0428592786192894,0.9552064538002014,2.5930567062459886e-05,0.00010491799912415445
59,239,03-01-08-02-02-02-04.wav,C:\Users\hik88\Desktop\BIT_Uni\GraduationPaper\Project\SER_GraduationPaper\src\$RVNS6MQ\Actor_04\03-01-08-02-02-02-04.wav,surprised,angry,0,0.8165926337242126,0.0014800125500187278,0.0014211025554686785,0.0014633641112595797,3.0455512387561612e-05,0.8165926337242126,0.17869171500205994,6.991523696342483e-05,0.00025072184507735074
60,480,03-01-01-01-01-01-09.wav,C:\Users\hik88\Desktop\BIT_Uni\GraduationPaper\Project\SER_GraduationPaper\src\$RVNS6MQ\Actor_09\03-01-01-01-01-01-09.wav,neutral,fearful,0,0.9423752427101135,0.0012267070123925805,0.0028399706352502108,9.098255395656452e-05,4.698546399595216e-05,0.053014419972896576,0.9423752427101135,0.0002328471455257386,0.0001727527123875916
61,481,03-01-01-01-01-02-09.wav,C:\Users\hik88\Desktop\BIT_Uni\GraduationPaper\Project\SER_GraduationPaper\src\$RVNS6MQ\Actor_09\03-01-01-01-01-02-09.wav,neutral,fearful,0,0.7965179681777954,0.0027197767049074173,0.009906970895826817,0.00024106746423058212,9.886352927424014e-05,0.1900169402360916,0.7965179681777954,0.0002859816013369709,0.0002123622252838686
62,482,03-01-01-01-02-01-09.wav,C:\Users\hik88\Desktop\BIT_Uni\GraduationPaper\Project\SER_GraduationPaper\src\$RVNS6MQ\Actor_09\03-01-01-01-02-01-09.wav,neutral,fearful,0,0.7653982043266296,0.0014782081125304103,0.002033331198617816,0.00019651379261631519,4.0083286876324564e-05,0.23013804852962494,0.7653982043266296,0.0004022848734166473,0.000313309021294117
63,483,03-01-01-01-02-02-09.wav,C:\Users\hik88\Desktop\BIT_Uni\GraduationPaper\Project\SER_GraduationPaper\src\$RVNS6MQ\Actor_09\03-01-01-01-02-02-09.wav,neutral,fearful,0,0.9509769082069397,0.001021019066683948,0.0012342691188678145,0.00010381912579759955,3.4835229598684236e-05,0.04640604183077812,0.9509769082069397,9.479714935878292e-05,0.0001282991870539263
64,484,03-01-02-01-01-01-09.wav,C:\Users\hik88\Desktop\BIT_Uni\GraduationPaper\Project\SER_GraduationPaper\src\$RVNS6MQ\Actor_09\03-01-02-01-01-01-09.wav,calm,angry,0,0.9711507558822632,0.0012393298093229532,0.0027400010731071234,8.129913476295769e-05,1.4126729183772113e-05,0.9711507558822632,0.02422066405415535,0.0003311048785690218,0.00022279842232819647
65,485,03-01-02-01-01-02-09.wav,C:\Users\hik88\Desktop\BIT_Uni\GraduationPaper\Project\SER_GraduationPaper\src\$RVNS6MQ\Actor_09\03-01-02-01-01-02-09.wav,calm,fearful,0,0.532529890537262,0.007125211413949728,0.019330719485878944,0.00021960216690786183,0.0001391554542351514,0.4399627447128296,0.532529890537262,0.00044637059909291565,0.00024633712018840015
66,486,03-01-02-01-02-01-09.wav,C:\Users\hik88\Desktop\BIT_Uni\GraduationPaper\Project\SER_GraduationPaper\src\$RVNS6MQ\Actor_09\03-01-02-01-02-01-09.wav,calm,angry,0,0.9485362768173218,0.0011817890917882323,0.004034650046378374,6.730986206093803e-05,1.360304122499656e-05,0.9485362768173218,0.04449564218521118,0.0014784280210733414,0.00019233676721341908
67,487,03-01-02-01-02-02-09.wav,C:\Users\hik88\Desktop\BIT_Uni\GraduationPaper\Project\SER_GraduationPaper\src\$RVNS6MQ\Actor_09\03-01-02-01-02-02-09.wav,calm,angry,0,0.9546242952346802,0.000773685285821557,0.0012929067015647888,0.00014722866762895137,1.3218708772910759e-05,0.9546242952346802,0.04273800551891327,0.00028306219610385597,0.00012773186608683318
68,488,03-01-02-02-01-01-09.wav,C:\Users\hik88\Desktop\BIT_Uni\GraduationPaper\Project\SER_GraduationPaper\src\$RVNS6MQ\Actor_09\03-01-02-02-01-01-09.wav,calm,angry,0,0.9800412058830261,0.0005358607158996165,0.0011998614063486457,0.00012641653302125633,1.3324141036719084e-05,0.9800412058830261,0.01777113974094391,0.00022864305356051773,8.358436025446281e-05
69,489,03-01-02-02-01-02-09.wav,C:\Users\hik88\Desktop\BIT_Uni\GraduationPaper\Project\SER_GraduationPaper\src\$RVNS6MQ\Actor_09\03-01-02-02-01-02-09.wav,calm,angry,0,0.9977632761001587,0.00012387923197820783,0.0011732615530490875,7.7396871347446e-05,4.271989382687025e-06,0.9977632761001587,0.00044525638804771006,0.00037933894782327116,3.346454104757868e-05
70,490,03-01-02-02-02-01-09.wav,C:\Users\hik88\Desktop\BIT_Uni\GraduationPaper\Project\SER_GraduationPaper\src\$RVNS6MQ\Actor_09\03-01-02-02-02-01-09.wav,calm,angry,0,0.8695144057273865,0.0003354403015691787,0.0008218676084652543,6.984092033235356e-05,3.2515334169147536e-05,0.8695144057273865,0.12790422141551971,0.0011706012301146984,0.00015117380826268345
71,491,03-01-02-02-02-02-09.wav,C:\Users\hik88\Desktop\BIT_Uni\GraduationPaper\Project\SER_GraduationPaper\src\$RVNS6MQ\Actor_09\03-01-02-02-02-02-09.wav,calm,fearful,0,0.7090702652931213,0.0009284586412832141,0.002272309735417366,0.00014870695304125547,5.19270688528195e-05,0.2869794964790344,0.7090702652931213,0.0002719945914577693,0.00027679241611622274
72,492,03-01-03-01-01-01-09.wav,C:\Users\hik88\Desktop\BIT_Uni\GraduationPaper\Project\SER_GraduationPaper\src\$RVNS6MQ\Actor_09\03-01-03-01-01-01-09.wav,happy,fearful,0,0.6046559810638428,0.002963813254609704,0.004132959991693497,0.00014564018056262285,0.00011324493971187621,0.3872738778591156,0.6046559810638428,0.0001408916577929631,0.0005736339371651411
73,493,03-01-03-01-01-02-09.wav,C:\Users\hik88\Desktop\BIT_Uni\GraduationPaper\Project\SER_GraduationPaper\src\$RVNS6MQ\Actor_09\03-01-03-01-01-02-09.wav,happy,fearful,0,0.8904522657394409,0.0009909437503665686,0.00301117030903697,0.00011265950161032379,0.00013981683878228068,0.10505112260580063,0.8904522657394409,0.000105165338027291,0.00013685127487406135
74,494,03-01-03-01-02-01-09.wav,C:\Users\hik88\Desktop\BIT_Uni\GraduationPaper\Project\SER_GraduationPaper\src\$RVNS6MQ\Actor_09\03-01-03-01-02-01-09.wav,happy,fearful,0,0.721019983291626,0.0014098573010414839,0.002297567203640938,0.00016390184464398772,4.196789086563513e-05,0.27426794171333313,0.721019983291626,0.00029939558589830995,0.0004993639304302633
75,495,03-01-03-01-02-02-09.wav,C:\Users\hik88\Desktop\BIT_Uni\GraduationPaper\Project\SER_GraduationPaper\src\$RVNS6MQ\Actor_09\03-01-03-01-02-02-09.wav,happy,angry,0,0.9171860218048096,0.0006212617154233158,0.000747799058444798,0.00020890079031232744,4.2852603655774146e-05,0.9171860218048096,0.08095118403434753,0.00012274614709895104,0.00011919450480490923
76,496,03-01-03-02-01-01-09.wav,C:\Users\hik88\Desktop\BIT_Uni\GraduationPaper\Project\SER_GraduationPaper\src\$RVNS6MQ\Actor_09\03-01-03-02-01-01-09.wav,happy,angry,0,0.6268783807754517,0.0013405396603047848,0.0011815022444352508,0.0004730100918095559,0.00011994348460575566,0.6268783807754517,0.3698064088821411,8.182718738680705e-05,0.00011841796367662027
77,497,03-01-03-02-01-02-09.wav,C:\Users\hik88\Desktop\BIT_Uni\GraduationPaper\Project\SER_GraduationPaper\src\$RVNS6MQ\Actor_09\03-01-03-02-01-02-09.wav,happy,fearful,0,0.7736626267433167,0.002690115012228489,0.007018417585641146,0.000973374699242413,0.00013663596473634243,0.2151109278202057,0.7736626267433167,4.081084989593364e-05,0.00036705713137052953
78,498,03-01-03-02-02-01-09.wav,C:\Users\hik88\Desktop\BIT_Uni\GraduationPaper\Project\SER_GraduationPaper\src\$RVNS6MQ\Actor_09\03-01-03-02-02-01-09.wav,happy,fearful,0,0.6964602470397949,0.001245071180164814,0.0012475416297093034,0.0002194710250478238,0.00012086336937500164,0.3004494607448578,0.6964602470397949,7.099595677573234e-05,0.00018636605818755925
79,499,03-01-03-02-02-02-09.wav,C:\Users\hik88\Desktop\BIT_Uni\GraduationPaper\Project\SER_GraduationPaper\src\$RVNS6MQ\Actor_09\03-01-03-02-02-02-09.wav,happy,fearful,0,0.5326005220413208,0.002119567943736911,0.005560202524065971,0.0005554009694606066,0.0006230504950508475,0.45834988355636597,0.5326005220413208,4.938462734571658e-05,0.00014198507415130734
80,500,03-01-04-01-01-01-09.wav,C:\Users\hik88\Desktop\BIT_Uni\GraduationPaper\Project\SER_GraduationPaper\src\$RVNS6MQ\Actor_09\03-01-04-01-01-01-09.wav,sad,fearful,0,0.9744969606399536,0.0010337887797504663,0.002388758584856987,6.39518621028401e-05,0.0001059424685081467,0.021732518449425697,0.9744969606399536,6.707020656904206e-05,0.00011111191270174459
81,501,03-01-04-01-01-02-09.wav,C:\Users\hik88\Desktop\BIT_Uni\GraduationPaper\Project\SER_GraduationPaper\src\$RVNS6MQ\Actor_09\03-01-04-01-01-02-09.wav,sad,fearful,0,0.9733697772026062,0.0008891635807231069,0.001087460550479591,4.241102215019055e-05,3.230592483305372e-05,0.02430187352001667,0.9733697772026062,0.00010100528015755117,0.0001760080485837534
82,502,03-01-04-01-02-01-09.wav,C:\Users\hik88\Desktop\BIT_Uni\GraduationPaper\Project\SER_GraduationPaper\src\$RVNS6MQ\Actor_09\03-01-04-01-02-01-09.wav,sad,fearful,0,0.9847709536552429,0.0005970240454189479,0.0008323613437823951,9.39021774684079e-05,2.7050971766584553e-05,0.01352379098534584,0.9847709536552429,6.417775148293003e-05,9.073717228602618e-05
83,503,03-01-04-01-02-02-09.wav,C:\Users\hik88\Desktop\BIT_Uni\GraduationPaper\Project\SER_GraduationPaper\src\$RVNS6MQ\Actor_09\03-01-04-01-02-02-09.wav,sad,fearful,0,0.9868682622909546,0.0007095760083757341,0.0007870745612308383,9.285190753871575e-05,3.972164267906919e-05,0.011367090046405792,0.9868682622909546,5.5246055126190186e-05,8.009419980226085e-05
84,504,03-01-04-02-01-01-09.wav,C:\Users\hik88\Desktop\BIT_Uni\GraduationPaper\Project\SER_GraduationPaper\src\$RVNS6MQ\Actor_09\03-01-04-02-01-01-09.wav,sad,angry,0,0.7571172118186951,0.0007062110234983265,0.0027613493148237467,4.3746673327405006e-05,6.400157872121781e-05,0.7571172118186951,0.23873375356197357,0.00021621845371555537,0.00035753758857026696
85,505,03-01-04-02-01-02-09.wav,C:\Users\hik88\Desktop\BIT_Uni\GraduationPaper\Project\SER_GraduationPaper\src\$RVNS6MQ\Actor_09\03-01-04-02-01-02-09.wav,sad,fearful,0,0.6616854667663574,0.0008934226934798062,0.00890119094401598,9.21572427614592e-05,0.0001482896041125059,0.3279002904891968,0.6616854667663574,0.00015290653391275555,0.0002263407368445769
86,506,03-01-04-02-02-01-09.wav,C:\Users\hik88\Desktop\BIT_Uni\GraduationPaper\Project\SER_GraduationPaper\src\$RVNS6MQ\Actor_09\03-01-04-02-02-01-09.wav,sad,fearful,0,0.8171529173851013,0.0009610497509129345,0.0028424158226698637,0.00010375986312283203,0.00013534928439185023,0.17849452793598175,0.8171529173851013,0.00022165474365465343,8.840366353979334e-05
87,507,03-01-04-02-02-02-09.wav,C:\Users\hik88\Desktop\BIT_Uni\GraduationPaper\Project\SER_GraduationPaper\src\$RVNS6MQ\Actor_09\03-01-04-02-02-02-09.wav,sad,angry,0,0.7880576848983765,0.0015970270615071058,0.0019595101475715637,8.957095997175202e-05,0.00011575215467019007,0.7880576848983765,0.20783564448356628,0.0001678057888057083,0.0001769941591192037
88,508,03-01-05-01-01-01-09.wav,C:\Users\hik88\Desktop\BIT_Uni\GraduationPaper\Project\SER_GraduationPaper\src\$RVNS6MQ\Actor_09\03-01-05-01-01-01-09.wav,angry,fearful,0,0.564361035823822,0.0018296538619324565,0.0017403115052729845,0.00026436502230353653,7.835817086743191e-05,0.43138161301612854,0.564361035823822,0.00010279252455802634,0.00024183825007639825
89,509,03-01-05-01-01-02-09.wav,C:\Users\hik88\Desktop\BIT_Uni\GraduationPaper\Project\SER_GraduationPaper\src\$RVNS6MQ\Actor_09\03-01-05-01-01-02-09.wav,angry,fearful,0,0.8057374358177185,0.0011708979727700353,0.0015234040329232812,0.00020282638433855027,6.110594404162839e-05,0.19097484648227692,0.8057374358177185,6.940923776710406e-05,0.000260049564531073
90,510,03-01-05-01-02-01-09.wav,C:\Users\hik88\Desktop\BIT_Uni\GraduationPaper\Project\SER_GraduationPaper\src\$RVNS6MQ\Actor_09\03-01-05-01-02-01-09.wav,angry,angry,1,0.8418290615081787,0.000869948766194284,0.0013595380587503314,6.518090958707035e-05,9.360967669636011e-05,0.8418290615081787,0.15547318756580353,0.00020585501624736935,0.00010357250721426681
91,511,03-01-05-01-02-02-09.wav,C:\Users\hik88\Desktop\BIT_Uni\GraduationPaper\Project\SER_GraduationPaper\src\$RVNS6MQ\Actor_09\03-01-05-01-02-02-09.wav,angry,fearful,0,0.5722875595092773,0.0017928453162312508,0.0026451065205037594,0.00025162167730741203,8.189075742848217e-05,0.4225766062736511,0.5722875595092773,9.327438601758331e-05,0.000271040276857093
92,512,03-01-05-02-01-01-09.wav,C:\Users\hik88\Desktop\BIT_Uni\GraduationPaper\Project\SER_GraduationPaper\src\$RVNS6MQ\Actor_09\03-01-05-02-01-01-09.wav,angry,angry,1,0.6441117525100708,0.001406878000125289,0.003855601418763399,0.00015371452900581062,0.00014805226237513125,0.6441117525100708,0.3500809669494629,6.460963049903512e-05,0.0001784220221452415
93,513,03-01-05-02-01-02-09.wav,C:\Users\hik88\Desktop\BIT_Uni\GraduationPaper\Project\SER_GraduationPaper\src\$RVNS6MQ\Actor_09\03-01-05-02-01-02-09.wav,angry,angry,1,0.6534199118614197,0.0009345598518848419,0.001709079253487289,0.00019204453565180302,0.00010710357310017571,0.6534199118614197,0.34336891770362854,8.765196980675682e-05,0.00018073790124617517
94,514,03-01-05-02-02-01-09.wav,C:\Users\hik88\Desktop\BIT_Uni\GraduationPaper\Project\SER_GraduationPaper\src\$RVNS6MQ\Actor_09\03-01-05-02-02-01-09.wav,angry,angry,1,0.728504478931427,0.0007547365385107696,0.001004861667752266,0.0001952783204615116,6.228715210454538e-05,0.728504478931427,0.2692500650882721,6.20557984802872e-05,0.00016619365487713367
95,515,03-01-05-02-02-02-09.wav,C:\Users\hik88\Desktop\BIT_Uni\GraduationPaper\Project\SER_GraduationPaper\src\$RVNS6MQ\Actor_09\03-01-05-02-02-02-09.wav,angry,angry,1,0.5702645778656006,0.0016499191988259554,0.0015191369457170367,0.0004034664889331907,0.00011013615585397929,0.5702645778656006,0.425787091255188,3.210526119801216e-05,0.00023361218336503953
96,516,03-01-06-01-01-01-09.wav,C:\Users\hik88\Desktop\BIT_Uni\GraduationPaper\Project\SER_GraduationPaper\src\$RVNS6MQ\Actor_09\03-01-06-01-01-01-09.wav,fearful,angry,0,0.8883098363876343,0.000961092475336045,0.0017182144802063704,9.544397471472621e-05,2.7065627364208922e-05,0.8883098363876343,0.10841331630945206,0.0002257813757751137,0.0002493981446605176
97,517,03-01-06-01-01-02-09.wav,C:\Users\hik88\Desktop\BIT_Uni\GraduationPaper\Project\SER_GraduationPaper\src\$RVNS6MQ\Actor_09\03-01-06-01-01-02-09.wav,fearful,angry,0,0.9443674087524414,0.0010615772334858775,0.002508408622816205,8.513490320183337e-05,5.010022869100794e-05,0.9443674087524414,0.05170345678925514,0.00014878292859066278,7.504656969103962e-05
98,518,03-01-06-01-02-01-09.wav,C:\Users\hik88\Desktop\BIT_Uni\GraduationPaper\Project\SER_GraduationPaper\src\$RVNS6MQ\Actor_09\03-01-06-01-02-01-09.wav,fearful,angry,0,0.9681068658828735,0.0006781041738577187,0.0011705688666552305,9.143265197053552e-05,1.6902520656003617e-05,0.9681068658828735,0.029594536870718002,0.0002764177625067532,6.534172280225903e-05
99,519,03-01-06-01-02-02-09.wav,C:\Users\hik88\Desktop\BIT_Uni\GraduationPaper\Project\SER_GraduationPaper\src\$RVNS6MQ\Actor_09\03-01-06-01-02-02-09.wav,fearful,angry,0,0.956379234790802,0.0009045688784681261,0.0015620071208104491,0.00010171945905312896,1.343029180134181e-05,0.956379234790802,0.04059403017163277,0.0002569221833255142,0.00018797045049723238
100,520,03-01-06-02-01-01-09.wav,C:\Users\hik88\Desktop\BIT_Uni\GraduationPaper\Project\SER_GraduationPaper\src\$RVNS6MQ\Actor_09\03-01-06-02-01-01-09.wav,fearful,fearful,1,0.5053635239601135,0.0009354192879982293,0.004547726828604937,0.0002172234671888873,8.786536636762321e-05,0.48856133222579956,0.5053635239601135,0.00010434350406285375,0.00018253608141094446
101,521,03-01-06-02-01-02-09.wav,C:\Users\hik88\Desktop\BIT_Uni\GraduationPaper\Project\SER_GraduationPaper\src\$RVNS6MQ\Actor_09\03-01-06-02-01-02-09.wav,fearful,angry,0,0.6796087622642517,0.0006752788322046399,0.002371015725657344,8.018981316126883e-05,6.510848470497876e-05,0.6796087622642517,0.3168151378631592,0.0001431723649147898,0.00024133450642693788
102,522,03-01-06-02-02-01-09.wav,C:\Users\hik88\Desktop\BIT_Uni\GraduationPaper\Project\SER_GraduationPaper\src\$RVNS6MQ\Actor_09\03-01-06-02-02-01-09.wav,fearful,angry,0,0.6820555329322815,0.0016925049712881446,0.0038721624296158552,0.00012550280371215194,4.5716118620475754e-05,0.6820555329322815,0.31165581941604614,0.00017592428775969893,0.00037677763612009585
103,523,03-01-06-02-02-02-09.wav,C:\Users\hik88\Desktop\BIT_Uni\GraduationPaper\Project\SER_GraduationPaper\src\$RVNS6MQ\Actor_09\03-01-06-02-02-02-09.wav,fearful,angry,0,0.5601150393486023,0.0012047673808410764,0.005374965723603964,0.00015752227045595646,0.00014053532504476607,0.5601150393486023,0.43269726634025574,8.928692841436714e-05,0.00022062065545469522
104,524,03-01-07-01-01-01-09.wav,C:\Users\hik88\Desktop\BIT_Uni\GraduationPaper\Project\SER_GraduationPaper\src\$RVNS6MQ\Actor_09\03-01-07-01-01-01-09.wav,disgust,angry,0,0.9568904638290405,0.0005380050279200077,0.0008259391761384904,3.509372618282214e-05,3.503263360471465e-05,0.9568904638290405,0.04123344272375107,0.00012199357297504321,0.00032002897933125496
105,525,03-01-07-01-01-02-09.wav,C:\Users\hik88\Desktop\BIT_Uni\GraduationPaper\Project\SER_GraduationPaper\src\$RVNS6MQ\Actor_09\03-01-07-01-01-02-09.wav,disgust,angry,0,0.7754329442977905,0.0010102099040523171,0.0038924170657992363,0.00025501984055154026,6.217754707904533e-05,0.7754329442977905,0.2189415991306305,0.0002738768234848976,0.00013175005733501166
106,526,03-01-07-01-02-01-09.wav,C:\Users\hik88\Desktop\BIT_Uni\GraduationPaper\Project\SER_GraduationPaper\src\$RVNS6MQ\Actor_09\03-01-07-01-02-01-09.wav,disgust,angry,0,0.5496950745582581,0.0014448694419115782,0.0015191844431683421,9.295980999013409e-05,0.00011796954640885815,0.5496950745582581,0.44682860374450684,7.790145900798962e-05,0.00022340704163070768
107,527,03-01-07-01-02-02-09.wav,C:\Users\hik88\Desktop\BIT_Uni\GraduationPaper\Project\SER_GraduationPaper\src\$RVNS6MQ\Actor_09\03-01-07-01-02-02-09.wav,disgust,fearful,0,0.6325183510780334,0.002748224651440978,0.004829654935747385,0.0001639210677240044,9.155857696896419e-05,0.3590529263019562,0.6325183510780334,0.00027125439373776317,0.0003240822989027947
108,528,03-01-07-02-01-01-09.wav,C:\Users\hik88\Desktop\BIT_Uni\GraduationPaper\Project\SER_GraduationPaper\src\$RVNS6MQ\Actor_09\03-01-07-02-01-01-09.wav,disgust,angry,0,0.9527449011802673,0.0005162380402907729,0.001268956926651299,7.2088347224053e-05,3.019547693838831e-05,0.9527449011802673,0.045206163078546524,3.909064980689436e-05,0.0001224172447109595
109,529,03-01-07-02-01-02-09.wav,C:\Users\hik88\Desktop\BIT_Uni\GraduationPaper\Project\SER_GraduationPaper\src\$RVNS6MQ\Actor_09\03-01-07-02-01-02-09.wav,disgust,angry,0,0.9919975399971008,0.00030853113275952637,0.00033855315996333957,5.45953844266478e-05,2.5624336558394134e-05,0.9919975399971008,0.007203962653875351,1.2604473340616096e-05,5.8555928262649104e-05
110,530,03-01-07-02-02-01-09.wav,C:\Users\hik88\Desktop\BIT_Uni\GraduationPaper\Project\SER_GraduationPaper\src\$RVNS6MQ\Actor_09\03-01-07-02-02-01-09.wav,disgust,angry,0,0.9462547302246094,0.0009443308808840811,0.0015919975703582168,8.814706234261394e-05,3.1032781407702714e-05,0.9462547302246094,0.050768446177244186,5.5059008445823565e-05,0.0002663286286406219
111,531,03-01-07-02-02-02-09.wav,C:\Users\hik88\Desktop\BIT_Uni\GraduationPaper\Project\SER_GraduationPaper\src\$RVNS6MQ\Actor_09\03-01-07-02-02-02-09.wav,disgust,fearful,0,0.7981917858123779,0.0013746246695518494,0.004035198595374823,0.00013557900092564523,9.530763782095164e-05,0.19575048983097076,0.7981917858123779,9.625017992220819e-05,0.0003206476685591042
112,532,03-01-08-01-01-01-09.wav,C:\Users\hik88\Desktop\BIT_Uni\GraduationPaper\Project\SER_GraduationPaper\src\$RVNS6MQ\Actor_09\03-01-08-01-01-01-09.wav,surprised,angry,0,0.7444787621498108,0.0029986200388520956,0.011184479109942913,0.0002125446917489171,6.514522829093039e-05,0.7444787621498108,0.24047772586345673,0.00026912198518402874,0.00031359540298581123
113,533,03-01-08-01-01-02-09.wav,C:\Users\hik88\Desktop\BIT_Uni\GraduationPaper\Project\SER_GraduationPaper\src\$RVNS6MQ\Actor_09\03-01-08-01-01-02-09.wav,surprised,angry,0,0.7608538866043091,0.0014754600124433637,0.004406651947647333,0.00016425557259935886,5.0724600441753864e-05,0.7608538866043091,0.2325897067785263,0.00022676284424960613,0.00023254564439412206
114,534,03-01-08-01-02-01-09.wav,C:\Users\hik88\Desktop\BIT_Uni\GraduationPaper\Project\SER_GraduationPaper\src\$RVNS6MQ\Actor_09\03-01-08-01-02-01-09.wav,surprised,fearful,0,0.7107564806938171,0.0015552042750641704,0.002268546726554632,0.00012895814143121243,4.212393832858652e-05,0.2842375338077545,0.7107564806938171,0.0005863181431777775,0.00042483239667490125
115,535,03-01-08-01-02-02-09.wav,C:\Users\hik88\Desktop\BIT_Uni\GraduationPaper\Project\SER_GraduationPaper\src\$RVNS6MQ\Actor_09\03-01-08-01-02-02-09.wav,surprised,fearful,0,0.7331606149673462,0.0016941619105637074,0.0028254457283765078,0.0001683880400378257,5.810162838315591e-05,0.26141709089279175,0.7331606149673462,0.0001308820937993005,0.0005452916957437992
116,536,03-01-08-02-01-01-09.wav,C:\Users\hik88\Desktop\BIT_Uni\GraduationPaper\Project\SER_GraduationPaper\src\$RVNS6MQ\Actor_09\03-01-08-02-01-01-09.wav,surprised,angry,0,0.7583821415901184,0.0014830880099907517,0.005372890271246433,0.00013734214007854462,7.137397187761962e-05,0.7583821415901184,0.23403216898441315,0.00027873480576090515,0.00024227432732004672
117,537,03-01-08-02-01-02-09.wav,C:\Users\hik88\Desktop\BIT_Uni\GraduationPaper\Project\SER_GraduationPaper\src\$RVNS6MQ\Actor_09\03-01-08-02-01-02-09.wav,surprised,angry,0,0.9015881419181824,0.0010175559436902404,0.0018625844968482852,5.0041384383803234e-05,2.320781823073048e-05,0.9015881419181824,0.0948527604341507,0.0002466943406034261,0.00035897339694201946
118,538,03-01-08-02-02-01-09.wav,C:\Users\hik88\Desktop\BIT_Uni\GraduationPaper\Project\SER_GraduationPaper\src\$RVNS6MQ\Actor_09\03-01-08-02-02-01-09.wav,surprised,angry,0,0.8841694593429565,0.000692531350068748,0.001438490697182715,6.241314258659258e-05,3.523777922964655e-05,0.8841694593429565,0.11286643892526627,0.00025361936422996223,0.0004818358283955604
119,539,03-01-08-02-02-02-09.wav,C:\Users\hik88\Desktop\BIT_Uni\GraduationPaper\Project\SER_GraduationPaper\src\$RVNS6MQ\Actor_09\03-01-08-02-02-02-09.wav,surprised,angry,0,0.6242798566818237,0.0016040883492678404,0.005252628121525049,0.0003974632709287107,2.7432561182649806e-05,0.6242798566818237,0.3672924339771271,0.0006279502413235605,0.0005180268781259656
120,780,03-01-01-01-01-01-14.wav,C:\Users\hik88\Desktop\BIT_Uni\GraduationPaper\Project\SER_GraduationPaper\src\$RVNS6MQ\Actor_14\03-01-01-01-01-01-14.wav,neutral,angry,0,0.5098130106925964,0.0016771756345406175,0.0014804559759795666,0.00032743284828029573,5.1969756896141917e-05,0.5098130106925964,0.4862823486328125,8.783947123447433e-05,0.00027973169926553965
121,781,03-01-01-01-01-02-14.wav,C:\Users\hik88\Desktop\BIT_Uni\GraduationPaper\Project\SER_GraduationPaper\src\$RVNS6MQ\Actor_14\03-01-01-01-01-02-14.wav,neutral,fearful,0,0.6927808523178101,0.002003073925152421,0.00412203511223197,0.0003248412103857845,7.623256533406675e-05,0.3003230392932892,0.6927808523178101,0.00013277950347401202,0.00023713083646725863
122,782,03-01-01-01-02-01-14.wav,C:\Users\hik88\Desktop\BIT_Uni\GraduationPaper\Project\SER_GraduationPaper\src\$RVNS6MQ\Actor_14\03-01-01-01-02-01-14.wav,neutral,angry,0,0.5023513436317444,0.001885021454654634,0.0051729255355894566,0.0002832062018569559,5.727120878873393e-05,0.5023513436317444,0.4895983636379242,0.00017715190188027918,0.0004747947969008237
123,783,03-01-01-01-02-02-14.wav,C:\Users\hik88\Desktop\BIT_Uni\GraduationPaper\Project\SER_GraduationPaper\src\$RVNS6MQ\Actor_14\03-01-01-01-02-02-14.wav,neutral,fearful,0,0.7444742918014526,0.0010316930711269379,0.0020791024435311556,0.00019193421758245677,4.345110210124403e-05,0.251610666513443,0.7444742918014526,0.00014299513713922352,0.00042587812640704215
124,784,03-01-02-01-01-01-14.wav,C:\Users\hik88\Desktop\BIT_Uni\GraduationPaper\Project\SER_GraduationPaper\src\$RVNS6MQ\Actor_14\03-01-02-01-01-01-14.wav,calm,fearful,0,0.5527520179748535,0.001426140544936061,0.002385382540524006,0.00024897558614611626,6.717717042192817e-05,0.44274449348449707,0.5527520179748535,0.00011060991528211161,0.0002651725662872195
125,785,03-01-02-01-01-02-14.wav,C:\Users\hik88\Desktop\BIT_Uni\GraduationPaper\Project\SER_GraduationPaper\src\$RVNS6MQ\Actor_14\03-01-02-01-01-02-14.wav,calm,angry,0,0.8189691305160522,0.0019357267301529646,0.004327923525124788,0.0009861242724582553,3.8787464291090146e-05,0.8189691305160522,0.17346391081809998,0.0001015270099742338,0.00017693746485747397
126,786,03-01-02-01-02-01-14.wav,C:\Users\hik88\Desktop\BIT_Uni\GraduationPaper\Project\SER_GraduationPaper\src\$RVNS6MQ\Actor_14\03-01-02-01-02-01-14.wav,calm,angry,0,0.7214701175689697,0.0013678019167855382,0.0031458197627216578,0.00047917067422531545,3.692352038342506e-05,0.7214701175689697,0.2730826139450073,0.00017388664127793163,0.00024365747231058776
127,787,03-01-02-01-02-02-14.wav,C:\Users\hik88\Desktop\BIT_Uni\GraduationPaper\Project\SER_GraduationPaper\src\$RVNS6MQ\Actor_14\03-01-02-01-02-02-14.wav,calm,angry,0,0.5606569647789001,0.002049035392701626,0.004190926905721426,0.0006356353987939656,9.06554632820189e-05,0.5606569647789001,0.43206411600112915,9.023987513501197e-05,0.00022252877533901483
128,788,03-01-02-02-01-01-14.wav,C:\Users\hik88\Desktop\BIT_Uni\GraduationPaper\Project\SER_GraduationPaper\src\$RVNS6MQ\Actor_14\03-01-02-02-01-01-14.wav,calm,fearful,0,0.503171980381012,0.0012962627224624157,0.0036183628253638744,0.0006741919787600636,5.434031118056737e-05,0.4908377230167389,0.503171980381012,0.00013334986579138786,0.00021372603077907115
129,789,03-01-02-02-01-02-14.wav,C:\Users\hik88\Desktop\BIT_Uni\GraduationPaper\Project\SER_GraduationPaper\src\$RVNS6MQ\Actor_14\03-01-02-02-01-02-14.wav,calm,angry,0,0.7205665707588196,0.0021169802639633417,0.0017915813950821757,0.0006471682572737336,2.935344491561409e-05,0.7205665707588196,0.2742885947227478,7.542497041868046e-05,0.000484420801512897
130,790,03-01-02-02-02-01-14.wav,C:\Users\hik88\Desktop\BIT_Uni\GraduationPaper\Project\SER_GraduationPaper\src\$RVNS6MQ\Actor_14\03-01-02-02-02-01-14.wav,calm,angry,0,0.6296126246452332,0.001106301904655993,0.0012170702684670687,0.00035768051748164,5.853430775459856e-05,0.6296126246452332,0.3673480749130249,8.995453390525654e-05,0.0002097093965858221
131,791,03-01-02-02-02-02-14.wav,C:\Users\hik88\Desktop\BIT_Uni\GraduationPaper\Project\SER_GraduationPaper\src\$RVNS6MQ\Actor_14\03-01-02-02-02-02-14.wav,calm,fearful,0,0.5387308597564697,0.0017494750209152699,0.0032589270267635584,0.0002664009225554764,5.441177563625388e-05,0.4553245007991791,0.5387308597564697,0.00013678257528226823,0.0004787391808349639
132,792,03-01-03-01-01-01-14.wav,C:\Users\hik88\Desktop\BIT_Uni\GraduationPaper\Project\SER_GraduationPaper\src\$RVNS6MQ\Actor_14\03-01-03-01-01-01-14.wav,happy,fearful,0,0.9184442758560181,0.002326344372704625,0.0029145744629204273,0.0021542487666010857,4.2613119148882106e-05,0.07391718775033951,0.9184442758560181,3.2512194593437016e-05,0.0001682535803411156
133,793,03-01-03-01-01-02-14.wav,C:\Users\hik88\Desktop\BIT_Uni\GraduationPaper\Project\SER_GraduationPaper\src\$RVNS6MQ\Actor_14\03-01-03-01-01-02-14.wav,happy,angry,0,0.6656650900840759,0.0036281950306147337,0.005672375205904245,0.0008056291262619197,4.6319764805957675e-05,0.6656650900840759,0.323705792427063,6.289234443102032e-05,0.0004137173236813396
134,794,03-01-03-01-02-01-14.wav,C:\Users\hik88\Desktop\BIT_Uni\GraduationPaper\Project\SER_GraduationPaper\src\$RVNS6MQ\Actor_14\03-01-03-01-02-01-14.wav,happy,fearful,0,0.8423895835876465,0.00121230015065521,0.0031705324072390795,0.0002968044427689165,3.61389247700572e-05,0.15226881206035614,0.8423895835876465,0.00013222172856330872,0.0004935878678224981
135,795,03-01-03-01-02-02-14.wav,C:\Users\hik88\Desktop\BIT_Uni\GraduationPaper\Project\SER_GraduationPaper\src\$RVNS6MQ\Actor_14\03-01-03-01-02-02-14.wav,happy,fearful,0,0.8082407116889954,0.0015740003436803818,0.0022983651142567396,0.00046888634096831083,3.380425914656371e-05,0.1868920475244522,0.8082407116889954,5.6685981689952314e-05,0.00043563509825617075
136,796,03-01-03-02-01-01-14.wav,C:\Users\hik88\Desktop\BIT_Uni\GraduationPaper\Project\SER_GraduationPaper\src\$RVNS6MQ\Actor_14\03-01-03-02-01-01-14.wav,happy,fearful,0,0.9026288390159607,0.0009700523223727942,0.0008771899156272411,0.0001917924964800477,3.100473259110004e-05,0.09500355273485184,0.9026288390159607,5.5541717301821336e-05,0.00024215220764745027
137,797,03-01-03-02-01-02-14.wav,C:\Users\hik88\Desktop\BIT_Uni\GraduationPaper\Project\SER_GraduationPaper\src\$RVNS6MQ\Actor_14\03-01-03-02-01-02-14.wav,happy,fearful,0,0.6356487274169922,0.0016320333816111088,0.002898227423429489,0.0008469663443975151,3.613439912442118e-05,0.3583833575248718,0.6356487274169922,7.135362102417275e-05,0.0004831468395423144
138,798,03-01-03-02-02-01-14.wav,C:\Users\hik88\Desktop\BIT_Uni\GraduationPaper\Project\SER_GraduationPaper\src\$RVNS6MQ\Actor_14\03-01-03-02-02-01-14.wav,happy,angry,0,0.539988100528717,0.0012900106376037002,0.001839778502471745,0.0014341996284201741,3.915229899575934e-05,0.539988100528717,0.45511189103126526,0.00015727059508208185,0.00013964276877231896
139,799,03-01-03-02-02-02-14.wav,C:\Users\hik88\Desktop\BIT_Uni\GraduationPaper\Project\SER_GraduationPaper\src\$RVNS6MQ\Actor_14\03-01-03-02-02-02-14.wav,happy,fearful,0,0.5949949026107788,0.0018861584831029177,0.0030747714918106794,0.0017664742190390825,8.971892384579405e-05,0.39796215295791626,0.5949949026107788,8.038725354708731e-05,0.0001455085293855518
140,800,03-01-04-01-01-01-14.wav,C:\Users\hik88\Desktop\BIT_Uni\GraduationPaper\Project\SER_GraduationPaper\src\$RVNS6MQ\Actor_14\03-01-04-01-01-01-14.wav,sad,fearful,0,0.5015048384666443,0.0010873957071453333,0.0019424461061134934,0.00022041518241167068,5.2525683713611215e-05,0.49476930499076843,0.5015048384666443,9.841317660175264e-05,0.0003246600681450218
141,801,03-01-04-01-01-02-14.wav,C:\Users\hik88\Desktop\BIT_Uni\GraduationPaper\Project\SER_GraduationPaper\src\$RVNS6MQ\Actor_14\03-01-04-01-01-02-14.wav,sad,angry,0,0.6179730296134949,0.0012835115194320679,0.0023146532475948334,0.0004753003013320267,5.782195148640312e-05,0.6179730296134949,0.3776215612888336,0.00013832944387104362,0.00013577245408669114
142,802,03-01-04-01-02-01-14.wav,C:\Users\hik88\Desktop\BIT_Uni\GraduationPaper\Project\SER_GraduationPaper\src\$RVNS6MQ\Actor_14\03-01-04-01-02-01-14.wav,sad,angry,0,0.7778266668319702,0.00133643695153296,0.0019262329442426562,0.00032086021383292973,3.055334309465252e-05,0.7778266668319702,0.2181960940361023,0.00017750781262293458,0.00018560094758868217
143,803,03-01-04-01-02-02-14.wav,C:\Users\hik88\Desktop\BIT_Uni\GraduationPaper\Project\SER_GraduationPaper\src\$RVNS6MQ\Actor_14\03-01-04-01-02-02-14.wav,sad,fearful,0,0.7852582335472107,0.0014826897531747818,0.004842155613005161,0.00032284914050251245,6.522348121507093e-05,0.20755347609519958,0.7852582335472107,0.00016077040345408022,0.00031473280978389084
144,804,03-01-04-02-01-01-14.wav,C:\Users\hik88\Desktop\BIT_Uni\GraduationPaper\Project\SER_GraduationPaper\src\$RVNS6MQ\Actor_14\03-01-04-02-01-01-14.wav,sad,angry,0,0.6197493672370911,0.0013752670492976904,0.0019520908826962113,0.0009205195237882435,3.40657243214082e-05,0.6197493672370911,0.3756645619869232,0.00011181741865584627,0.0001923145609907806
145,805,03-01-04-02-01-02-14.wav,C:\Users\hik88\Desktop\BIT_Uni\GraduationPaper\Project\SER_GraduationPaper\src\$RVNS6MQ\Actor_14\03-01-04-02-01-02-14.wav,sad,angry,0,0.5774941444396973,0.002105268184095621,0.003645069431513548,0.0010072069708257914,3.7910060200374573e-05,0.5774941444396973,0.4152732789516449,0.00010091760486830026,0.0003362130664754659
146,806,03-01-04-02-02-01-14.wav,C:\Users\hik88\Desktop\BIT_Uni\GraduationPaper\Project\SER_GraduationPaper\src\$RVNS6MQ\Actor_14\03-01-04-02-02-01-14.wav,sad,fearful,0,0.8220149278640747,0.0013340843142941594,0.0024632299318909645,0.0008820323855616152,7.294220267795026e-05,0.17297856509685516,0.8220149278640747,4.6049593947827816e-05,0.00020816609321627766
147,807,03-01-04-02-02-02-14.wav,C:\Users\hik88\Desktop\BIT_Uni\GraduationPaper\Project\SER_GraduationPaper\src\$RVNS6MQ\Actor_14\03-01-04-02-02-02-14.wav,sad,angry,0,0.9210599660873413,0.0007163961417973042,0.0006123787607066333,0.0003807475441135466,2.6529887691140175e-05,0.9210599660873413,0.0770476907491684,0.0001003281504381448,5.6032160500762984e-05
148,808,03-01-05-01-01-01-14.wav,C:\Users\hik88\Desktop\BIT_Uni\GraduationPaper\Project\SER_GraduationPaper\src\$RVNS6MQ\Actor_14\03-01-05-01-01-01-14.wav,angry,angry,1,0.9438989162445068,0.0005557991098612547,0.0013323426246643066,0.0003241575032006949,2.460237010382116e-05,0.9438989162445068,0.053714945912361145,5.416721978690475e-05,9.508710354566574e-05
149,809,03-01-05-01-01-02-14.wav,C:\Users\hik88\Desktop\BIT_Uni\GraduationPaper\Project\SER_GraduationPaper\src\$RVNS6MQ\Actor_14\03-01-05-01-01-02-14.wav,angry,angry,1,0.8717189431190491,0.0009862030856311321,0.0031647728756070137,0.000417469214880839,3.300030584796332e-05,0.8717189431190491,0.12344728410243988,8.670773968333378e-05,0.00014564946468453854
150,810,03-01-05-01-02-01-14.wav,C:\Users\hik88\Desktop\BIT_Uni\GraduationPaper\Project\SER_GraduationPaper\src\$RVNS6MQ\Actor_14\03-01-05-01-02-01-14.wav,angry,angry,1,0.8846176266670227,0.001521204481832683,0.0023586133029311895,0.0006937572034075856,4.6525463403668255e-05,0.8846176266670227,0.11054261773824692,3.455916157690808e-05,0.00018511856615077704
151,811,03-01-05-01-02-02-14.wav,C:\Users\hik88\Desktop\BIT_Uni\GraduationPaper\Project\SER_GraduationPaper\src\$RVNS6MQ\Actor_14\03-01-05-01-02-02-14.wav,angry,fearful,0,0.7024336457252502,0.001095566083677113,0.002531184582039714,0.0001969383010873571,9.084185876417905e-05,0.29327231645584106,0.7024336457252502,8.971273200586438e-05,0.00028979862690903246
152,812,03-01-05-02-01-01-14.wav,C:\Users\hik88\Desktop\BIT_Uni\GraduationPaper\Project\SER_GraduationPaper\src\$RVNS6MQ\Actor_14\03-01-05-02-01-01-14.wav,angry,angry,1,0.7763628959655762,0.0011291461996734142,0.0012447122717276216,0.000343996420269832,3.719502274179831e-05,0.7763628959655762,0.22059234976768494,7.075055327732116e-05,0.00021904615277890116
153,813,03-01-05-02-01-02-14.wav,C:\Users\hik88\Desktop\BIT_Uni\GraduationPaper\Project\SER_GraduationPaper\src\$RVNS6MQ\Actor_14\03-01-05-02-01-02-14.wav,angry,angry,1,0.9364258050918579,0.0006154450820758939,0.0005316446186043322,0.00017410781583748758,3.216950426576659e-05,0.9364258050918579,0.06206507980823517,4.171201726421714e-05,0.00011399979121051729
154,814,03-01-05-02-02-01-14.wav,C:\Users\hik88\Desktop\BIT_Uni\GraduationPaper\Project\SER_GraduationPaper\src\$RVNS6MQ\Actor_14\03-01-05-02-02-01-14.wav,angry,angry,1,0.5815515518188477,0.0014926365111023188,0.0016473316354677081,0.0008514565997757018,3.2330666726920754e-05,0.5815515518188477,0.4138331711292267,0.00011727111268555745,0.0004742333840113133
155,815,03-01-05-02-02-02-14.wav,C:\Users\hik88\Desktop\BIT_Uni\GraduationPaper\Project\SER_GraduationPaper\src\$RVNS6MQ\Actor_14\03-01-05-02-02-02-14.wav,angry,angry,1,0.8159300684928894,0.000963142781984061,0.001212553703226149,0.00022805784828960896,3.376336462679319e-05,0.8159300684928894,0.1811501383781433,6.412118091247976e-05,0.00041821555350907147
156,816,03-01-06-01-01-01-14.wav,C:\Users\hik88\Desktop\BIT_Uni\GraduationPaper\Project\SER_GraduationPaper\src\$RVNS6MQ\Actor_14\03-01-06-01-01-01-14.wav,fearful,angry,0,0.5776197910308838,0.002506878459826112,0.00563134765252471,0.000441433658124879,7.874461880419403e-05,0.5776197910308838,0.41330239176750183,0.00021072025992907584,0.0002087037282763049
157,817,03-01-06-01-01-02-14.wav,C:\Users\hik88\Desktop\BIT_Uni\GraduationPaper\Project\SER_GraduationPaper\src\$RVNS6MQ\Actor_14\03-01-06-01-01-02-14.wav,fearful,fearful,1,0.7284355759620667,0.00161189422942698,0.0020160709973424673,0.0003985607181675732,2.2111946236691438e-05,0.2670002281665802,0.7284355759620667,0.00019675656221807003,0.00031876249704509974
158,818,03-01-06-01-02-01-14.wav,C:\Users\hik88\Desktop\BIT_Uni\GraduationPaper\Project\SER_GraduationPaper\src\$RVNS6MQ\Actor_14\03-01-06-01-02-01-14.wav,fearful,angry,0,0.8229628801345825,0.0009667429840192199,0.0024874776136130095,0.0005652554682455957,2.4789460439933464e-05,0.8229628801345825,0.17272816598415375,0.0001403490750817582,0.0001242535945493728
159,819,03-01-06-01-02-02-14.wav,C:\Users\hik88\Desktop\BIT_Uni\GraduationPaper\Project\SER_GraduationPaper\src\$RVNS6MQ\Actor_14\03-01-06-01-02-02-14.wav,fearful,angry,0,0.7394620776176453,0.0009868458146229386,0.002299176063388586,0.00029726928914897144,2.3408892957377248e-05,0.7394620776176453,0.2564593553543091,0.00022817167337052524,0.0002437000221107155
160,820,03-01-06-02-01-01-14.wav,C:\Users\hik88\Desktop\BIT_Uni\GraduationPaper\Project\SER_GraduationPaper\src\$RVNS6MQ\Actor_14\03-01-06-02-01-01-14.wav,fearful,fearful,1,0.9121967554092407,0.0004625704896170646,0.0007924262317828834,0.0002162213932024315,2.5850500605884008e-05,0.0860021784901619,0.9121967554092407,0.00013482780195772648,0.00016913034778553993
161,821,03-01-06-02-01-02-14.wav,C:\Users\hik88\Desktop\BIT_Uni\GraduationPaper\Project\SER_GraduationPaper\src\$RVNS6MQ\Actor_14\03-01-06-02-01-02-14.wav,fearful,fearful,1,0.8788257241249084,0.0004932212759740651,0.0006351424963213503,0.00034320453414693475,2.702677193155978e-05,0.11940988153219223,0.8788257241249084,0.00011520743282744661,0.00015056118718348444
162,822,03-01-06-02-02-01-14.wav,C:\Users\hik88\Desktop\BIT_Uni\GraduationPaper\Project\SER_GraduationPaper\src\$RVNS6MQ\Actor_14\03-01-06-02-02-01-14.wav,fearful,fearful,1,0.5469586253166199,0.0015341053949669003,0.0012558428570628166,0.0007857128512114286,3.208890848327428e-05,0.44899219274520874,0.5469586253166199,0.00011778383486671373,0.0003236448101233691
163,823,03-01-06-02-02-02-14.wav,C:\Users\hik88\Desktop\BIT_Uni\GraduationPaper\Project\SER_GraduationPaper\src\$RVNS6MQ\Actor_14\03-01-06-02-02-02-14.wav,fearful,angry,0,0.7866063117980957,0.0006921491585671902,0.00100396026391536,0.00047766510397195816,2.048414717137348e-05,0.7866063117980957,0.21082650125026703,0.00017678110452834517,0.00019616652571130544
164,824,03-01-07-01-01-01-14.wav,C:\Users\hik88\Desktop\BIT_Uni\GraduationPaper\Project\SER_GraduationPaper\src\$RVNS6MQ\Actor_14\03-01-07-01-01-01-14.wav,disgust,fearful,0,0.7127653360366821,0.0008314923034049571,0.0023592605721205473,0.0006177514442242682,2.6695910491980612e-05,0.2828024625778198,0.7127653360366821,0.00014997765538282692,0.0004470069252420217
165,825,03-01-07-01-01-02-14.wav,C:\Users\hik88\Desktop\BIT_Uni\GraduationPaper\Project\SER_GraduationPaper\src\$RVNS6MQ\Actor_14\03-01-07-01-01-02-14.wav,disgust,fearful,0,0.8896351456642151,0.0008065862348303199,0.0013345404295250773,0.00032192986691370606,3.0680701456731185e-05,0.10752294212579727,0.8896351456642151,9.222130029229447e-05,0.0002559209824539721
166,826,03-01-07-01-02-01-14.wav,C:\Users\hik88\Desktop\BIT_Uni\GraduationPaper\Project\SER_GraduationPaper\src\$RVNS6MQ\Actor_14\03-01-07-01-02-01-14.wav,disgust,angry,0,0.5372020602226257,0.0013727572513744235,0.0028219325467944145,0.00019160675583407283,6.089909220463596e-05,0.5372020602226257,0.4578830599784851,8.671328396303579e-05,0.0003809089248534292
167,827,03-01-07-01-02-02-14.wav,C:\Users\hik88\Desktop\BIT_Uni\GraduationPaper\Project\SER_GraduationPaper\src\$RVNS6MQ\Actor_14\03-01-07-01-02-02-14.wav,disgust,fearful,0,0.9064172506332397,0.0007769169169478118,0.0011785633396357298,0.00024963999749161303,5.7201425079256296e-05,0.09107201546430588,0.9064172506332397,4.6885397750884295e-05,0.00020147905161138624
168,828,03-01-07-02-01-01-14.wav,C:\Users\hik88\Desktop\BIT_Uni\GraduationPaper\Project\SER_GraduationPaper\src\$RVNS6MQ\Actor_14\03-01-07-02-01-01-14.wav,disgust,angry,0,0.7925044298171997,0.00043124775402247906,0.0006875265971757472,0.00030476762913167477,4.303042805986479e-05,0.7925044298171997,0.20579302310943604,9.433137893211097e-05,0.0001416177547071129
169,829,03-01-07-02-01-02-14.wav,C:\Users\hik88\Desktop\BIT_Uni\GraduationPaper\Project\SER_GraduationPaper\src\$RVNS6MQ\Actor_14\03-01-07-02-01-02-14.wav,disgust,angry,0,0.5223045945167542,0.0009899719152599573,0.001375842490233481,0.000602267449721694,4.334208642831072e-05,0.5223045945167542,0.47430574893951416,0.0001257384428754449,0.00025255902437493205
170,830,03-01-07-02-02-01-14.wav,C:\Users\hik88\Desktop\BIT_Uni\GraduationPaper\Project\SER_GraduationPaper\src\$RVNS6MQ\Actor_14\03-01-07-02-02-01-14.wav,disgust,angry,0,0.7218690514564514,0.0012136287987232208,0.003181339241564274,0.00022825416817795485,5.270699330139905e-05,0.7218690514564514,0.272989422082901,0.00010414937423774973,0.00036153875407762825
171,831,03-01-07-02-02-02-14.wav,C:\Users\hik88\Desktop\BIT_Uni\GraduationPaper\Project\SER_GraduationPaper\src\$RVNS6MQ\Actor_14\03-01-07-02-02-02-14.wav,disgust,angry,0,0.5097202062606812,0.0008897000807337463,0.0015861194115132093,0.0003011545049957931,4.281260407879017e-05,0.5097202062606812,0.48698899149894714,0.00020495914213825017,0.0002660652680788189
172,832,03-01-08-01-01-01-14.wav,C:\Users\hik88\Desktop\BIT_Uni\GraduationPaper\Project\SER_GraduationPaper\src\$RVNS6MQ\Actor_14\03-01-08-01-01-01-14.wav,surprised,angry,0,0.5311866998672485,0.0012726874556392431,0.0014072246849536896,0.0002203764015575871,2.64159134530928e-05,0.5311866998672485,0.46544718742370605,0.0001063785093720071,0.00033296304172836244
173,833,03-01-08-01-01-02-14.wav,C:\Users\hik88\Desktop\BIT_Uni\GraduationPaper\Project\SER_GraduationPaper\src\$RVNS6MQ\Actor_14\03-01-08-01-01-02-14.wav,surprised,angry,0,0.5559368133544922,0.0019502155482769012,0.002135040471330285,0.0004312488599680364,3.3259908377658576e-05,0.5559368133544922,0.4390473961830139,9.755281644174829e-05,0.00036844692658632994
174,834,03-01-08-01-02-01-14.wav,C:\Users\hik88\Desktop\BIT_Uni\GraduationPaper\Project\SER_GraduationPaper\src\$RVNS6MQ\Actor_14\03-01-08-01-02-01-14.wav,surprised,fearful,0,0.7594404220581055,0.0009287592256441712,0.0015297485515475273,0.00018359528621658683,2.8530364943435416e-05,0.23737379908561707,0.7594404220581055,0.00014187752094585449,0.000373287737602368
175,835,03-01-08-01-02-02-14.wav,C:\Users\hik88\Desktop\BIT_Uni\GraduationPaper\Project\SER_GraduationPaper\src\$RVNS6MQ\Actor_14\03-01-08-01-02-02-14.wav,surprised,fearful,0,0.5998335480690002,0.001474943128414452,0.00238443398848176,0.00043583044316619635,4.4970973249292e-05,0.39542996883392334,0.5998335480690002,8.572312799515203e-05,0.000310564850224182
176,836,03-01-08-02-01-01-14.wav,C:\Users\hik88\Desktop\BIT_Uni\GraduationPaper\Project\SER_GraduationPaper\src\$RVNS6MQ\Actor_14\03-01-08-02-01-01-14.wav,surprised,angry,0,0.5705360174179077,0.0017219347646459937,0.005893067456781864,0.0006259144865907729,4.012204590253532e-05,0.5705360174179077,0.4205803871154785,0.0001331605890300125,0.0004693613445851952
177,837,03-01-08-02-01-02-14.wav,C:\Users\hik88\Desktop\BIT_Uni\GraduationPaper\Project\SER_GraduationPaper\src\$RVNS6MQ\Actor_14\03-01-08-02-01-02-14.wav,surprised,fearful,0,0.566938579082489,0.001870380830951035,0.0034579450730234385,0.000538308871909976,3.3663174690445885e-05,0.42643946409225464,0.566938579082489,0.0001050198552547954,0.0006166440434753895
178,838,03-01-08-02-02-01-14.wav,C:\Users\hik88\Desktop\BIT_Uni\GraduationPaper\Project\SER_GraduationPaper\src\$RVNS6MQ\Actor_14\03-01-08-02-02-01-14.wav,surprised,fearful,0,0.6889790296554565,0.0014192904345691204,0.002060632687062025,0.00020361217320896685,4.350933522800915e-05,0.3063364624977112,0.6889790296554565,0.00012059112486895174,0.0008368256967514753
179,839,03-01-08-02-02-02-14.wav,C:\Users\hik88\Desktop\BIT_Uni\GraduationPaper\Project\SER_GraduationPaper\src\$RVNS6MQ\Actor_14\03-01-08-02-02-02-14.wav,surprised,angry,0,0.6895514130592346,0.001768559799529612,0.004002847243100405,0.00024264499370474368,4.1122759284917265e-05,0.6895514130592346,0.3037814497947693,0.0001455677702324465,0.0004664156003855169
180,1080,03-01-01-01-01-01-19.wav,C:\Users\hik88\Desktop\BIT_Uni\GraduationPaper\Project\SER_GraduationPaper\src\$RVNS6MQ\Actor_19\03-01-01-01-01-01-19.wav,neutral,fearful,0,0.8627287149429321,0.0013342726742848754,0.0029656977858394384,0.0002595300611574203,5.934912041993812e-05,0.13225339353084564,0.8627287149429321,8.282629278255627e-05,0.0003162155917380005
181,1081,03-01-01-01-01-02-19.wav,C:\Users\hik88\Desktop\BIT_Uni\GraduationPaper\Project\SER_GraduationPaper\src\$RVNS6MQ\Actor_19\03-01-01-01-01-02-19.wav,neutral,fearful,0,0.9575930237770081,0.0013561119558289647,0.003915179520845413,0.00021241643116809428,0.00014784462109673768,0.036617450416088104,0.9575930237770081,3.840981298708357e-05,0.00011965208977926522
182,1082,03-01-01-01-02-01-19.wav,C:\Users\hik88\Desktop\BIT_Uni\GraduationPaper\Project\SER_GraduationPaper\src\$RVNS6MQ\Actor_19\03-01-01-01-02-01-19.wav,neutral,fearful,0,0.9870937466621399,0.0004075238248333335,0.00031814855174161494,7.03266923665069e-05,2.7929934731218964e-05,0.011896861717104912,0.9870937466621399,2.365234468015842e-05,0.00016184822015929967
183,1083,03-01-01-01-02-02-19.wav,C:\Users\hik88\Desktop\BIT_Uni\GraduationPaper\Project\SER_GraduationPaper\src\$RVNS6MQ\Actor_19\03-01-01-01-02-02-19.wav,neutral,fearful,0,0.9848991632461548,0.0004858474130742252,0.000616500445175916,8.568391058361158e-05,5.078526373836212e-05,0.013758589513599873,0.9848991632461548,3.324657154735178e-05,7.019884651526809e-05
184,1084,03-01-02-01-01-01-19.wav,C:\Users\hik88\Desktop\BIT_Uni\GraduationPaper\Project\SER_GraduationPaper\src\$RVNS6MQ\Actor_19\03-01-02-01-01-01-19.wav,calm,fearful,0,0.9184485673904419,0.0035370124969631433,0.007942019030451775,0.00041891270666383207,0.00024485838366672397,0.06924372166395187,0.9184485673904419,6.154756556497887e-05,0.00010339164873585105
185,1085,03-01-02-01-01-02-19.wav,C:\Users\hik88\Desktop\BIT_Uni\GraduationPaper\Project\SER_GraduationPaper\src\$RVNS6MQ\Actor_19\03-01-02-01-01-02-19.wav,calm,fearful,0,0.8390882015228271,0.0010657262755557895,0.0008639211300760508,0.00017069518798962235,7.676947279833257e-05,0.15853290259838104,0.8390882015228271,3.540718535077758e-05,0.00016633524501230568
186,1086,03-01-02-01-02-01-19.wav,C:\Users\hik88\Desktop\BIT_Uni\GraduationPaper\Project\SER_GraduationPaper\src\$RVNS6MQ\Actor_19\03-01-02-01-02-01-19.wav,calm,fearful,0,0.964770495891571,0.0004705499450210482,0.0003502190229482949,0.00013371268869377673,4.7109908337006345e-05,0.0341181717813015,0.964770495891571,3.0640883778687567e-05,7.90995400166139e-05
187,1087,03-01-02-01-02-02-19.wav,C:\Users\hik88\Desktop\BIT_Uni\GraduationPaper\Project\SER_GraduationPaper\src\$RVNS6MQ\Actor_19\03-01-02-01-02-02-19.wav,calm,angry,0,0.9497677683830261,0.0007770545198582113,0.0018723136745393276,0.0005077167879790068,1.4273039596446324e-05,0.9497677683830261,0.046772126108407974,0.00022065243683755398,6.81565361446701e-05
188,1088,03-01-02-02-01-01-19.wav,C:\Users\hik88\Desktop\BIT_Uni\GraduationPaper\Project\SER_GraduationPaper\src\$RVNS6MQ\Actor_19\03-01-02-02-01-01-19.wav,calm,fearful,0,0.9453321695327759,0.0015115103451535106,0.003936864901334047,0.0002140633441740647,9.682845120551065e-05,0.04870031774044037,0.9453321695327759,4.5157088607084006e-05,0.0001631140912650153
189,1089,03-01-02-02-01-02-19.wav,C:\Users\hik88\Desktop\BIT_Uni\GraduationPaper\Project\SER_GraduationPaper\src\$RVNS6MQ\Actor_19\03-01-02-02-01-02-19.wav,calm,fearful,0,0.9037477970123291,0.0010994785698130727,0.0052091502584517,0.0001353652769466862,0.0001155294812633656,0.08941593021154404,0.9037477970123291,0.00010573269537417218,0.00017113274952862412
190,1090,03-01-02-02-02-01-19.wav,C:\Users\hik88\Desktop\BIT_Uni\GraduationPaper\Project\SER_GraduationPaper\src\$RVNS6MQ\Actor_19\03-01-02-02-02-01-19.wav,calm,fearful,0,0.8171898126602173,0.0007190601318143308,0.0011808862909674644,0.0004626960726454854,3.529333844198845e-05,0.18006788194179535,0.8171898126602173,0.0002190170926041901,0.00012534036068245769
191,1091,03-01-02-02-02-02-19.wav,C:\Users\hik88\Desktop\BIT_Uni\GraduationPaper\Project\SER_GraduationPaper\src\$RVNS6MQ\Actor_19\03-01-02-02-02-02-19.wav,calm,fearful,0,0.9702575206756592,0.0006333417259156704,0.001267349231056869,0.0002576796687208116,0.00012037622946081683,0.027394166216254234,0.9702575206756592,3.177508187945932e-05,3.765037763514556e-05
192,1092,03-01-03-01-01-01-19.wav,C:\Users\hik88\Desktop\BIT_Uni\GraduationPaper\Project\SER_GraduationPaper\src\$RVNS6MQ\Actor_19\03-01-03-01-01-01-19.wav,happy,angry,0,0.716220498085022,0.0010899660410359502,0.0030270826537162066,0.0001492086739744991,6.670925358776003e-05,0.716220498085022,0.2789331078529358,0.00019281085405964404,0.0003206539258826524
193,1093,03-01-03-01-01-02-19.wav,C:\Users\hik88\Desktop\BIT_Uni\GraduationPaper\Project\SER_GraduationPaper\src\$RVNS6MQ\Actor_19\03-01-03-01-01-02-19.wav,happy,fearful,0,0.8987683057785034,0.0012609991244971752,0.004223606549203396,0.00028050653054378927,0.00010001071495935321,0.09507517516613007,0.8987683057785034,4.916255784337409e-05,0.00024228310212492943
194,1094,03-01-03-01-02-01-19.wav,C:\Users\hik88\Desktop\BIT_Uni\GraduationPaper\Project\SER_GraduationPaper\src\$RVNS6MQ\Actor_19\03-01-03-01-02-01-19.wav,happy,fearful,0,0.9781198501586914,0.0004926418187096715,0.0015062388265505433,7.816402649041265e-05,0.00013345057959668338,0.019546736031770706,0.9781198501586914,4.424656799528748e-05,7.872510468587279e-05
195,1095,03-01-03-01-02-02-19.wav,C:\Users\hik88\Desktop\BIT_Uni\GraduationPaper\Project\SER_GraduationPaper\src\$RVNS6MQ\Actor_19\03-01-03-01-02-02-19.wav,happy,fearful,0,0.9782612919807434,0.0007444873335771263,0.0004357854777481407,0.0001822883787099272,6.839988054707646e-05,0.020231496542692184,0.9782612919807434,1.3887508430343587e-05,6.233542808331549e-05
196,1096,03-01-03-02-01-01-19.wav,C:\Users\hik88\Desktop\BIT_Uni\GraduationPaper\Project\SER_GraduationPaper\src\$RVNS6MQ\Actor_19\03-01-03-02-01-01-19.wav,happy,angry,0,0.886216402053833,0.0004017842875327915,0.001500528072938323,0.00041160822729580104,2.867366129066795e-05,0.886216402053833,0.11124413460493088,0.00011858533980557695,7.842924969736487e-05
197,1097,03-01-03-02-01-02-19.wav,C:\Users\hik88\Desktop\BIT_Uni\GraduationPaper\Project\SER_GraduationPaper\src\$RVNS6MQ\Actor_19\03-01-03-02-01-02-19.wav,happy,fearful,0,0.9922590851783752,0.0002254085848107934,8.55268954182975e-05,0.0033422396518290043,1.8744616681942716e-05,0.0038259862922132015,0.9922590851783752,8.861121386871673e-06,0.000234114850172773
198,1098,03-01-03-02-02-01-19.wav,C:\Users\hik88\Desktop\BIT_Uni\GraduationPaper\Project\SER_GraduationPaper\src\$RVNS6MQ\Actor_19\03-01-03-02-02-01-19.wav,happy,angry,0,0.9251080751419067,0.000377512420527637,0.0007063121884129941,0.00022735929815098643,6.232859595911577e-05,0.9251080751419067,0.07303844392299652,0.0004190480103716254,6.086315988795832e-05
199,1099,03-01-03-02-02-02-19.wav,C:\Users\hik88\Desktop\BIT_Uni\GraduationPaper\Project\SER_GraduationPaper\src\$RVNS6MQ\Actor_19\03-01-03-02-02-02-19.wav,happy,angry,0,0.6842459440231323,0.0008294996805489063,0.0020821436773985624,0.00021546949574258178,5.726937888539396e-05,0.6842459440231323,0.31224769353866577,0.00012407545000314713,0.0001979270309675485
200,1100,03-01-04-01-01-01-19.wav,C:\Users\hik88\Desktop\BIT_Uni\GraduationPaper\Project\SER_GraduationPaper\src\$RVNS6MQ\Actor_19\03-01-04-01-01-01-19.wav,sad,fearful,0,0.9755750894546509,0.0005705694202333689,0.0024456793908029795,0.00017215183470398188,6.430826761061326e-05,0.021024296060204506,0.9755750894546509,4.010114207630977e-05,0.00010780325101222843
201,1101,03-01-04-01-01-02-19.wav,C:\Users\hik88\Desktop\BIT_Uni\GraduationPaper\Project\SER_GraduationPaper\src\$RVNS6MQ\Actor_19\03-01-04-01-01-02-19.wav,sad,fearful,0,0.766243577003479,0.0013037777971476316,0.002685361774638295,0.0002461094409227371,5.602937380899675e-05,0.22909405827522278,0.766243577003479,0.00013806253264192492,0.00023300752218347043
202,1102,03-01-04-01-02-01-19.wav,C:\Users\hik88\Desktop\BIT_Uni\GraduationPaper\Project\SER_GraduationPaper\src\$RVNS6MQ\Actor_19\03-01-04-01-02-01-19.wav,sad,fearful,0,0.9819343090057373,0.0008639669395051897,0.0008856032509356737,0.00016107950068544596,3.785668013733812e-05,0.01592622697353363,0.9819343090057373,4.538804932963103e-05,0.00014548809849657118
203,1103,03-01-04-01-02-02-19.wav,C:\Users\hik88\Desktop\BIT_Uni\GraduationPaper\Project\SER_GraduationPaper\src\$RVNS6MQ\Actor_19\03-01-04-01-02-02-19.wav,sad,fearful,0,0.9416924715042114,0.0006912643439136446,0.000552755722310394,8.324104419443756e-05,5.504830915015191e-05,0.056665509939193726,0.9416924715042114,3.666759585030377e-05,0.00022292461653705686
204,1104,03-01-04-02-01-01-19.wav,C:\Users\hik88\Desktop\BIT_Uni\GraduationPaper\Project\SER_GraduationPaper\src\$RVNS6MQ\Actor_19\03-01-04-02-01-01-19.wav,sad,angry,0,0.815730094909668,0.001271502347663045,0.0018871936481446028,0.0008122062426991761,3.6914942029397935e-05,0.815730094909668,0.17999573051929474,3.329219180159271e-05,0.00023303763009607792
205,1105,03-01-04-02-01-02-19.wav,C:\Users\hik88\Desktop\BIT_Uni\GraduationPaper\Project\SER_GraduationPaper\src\$RVNS6MQ\Actor_19\03-01-04-02-01-02-19.wav,sad,angry,0,0.8974074125289917,0.0010472206631675363,0.0037953548599034548,0.0003306904109194875,3.258440119680017e-05,0.8974074125289917,0.0971250906586647,4.045899913762696e-05,0.00022121267102193087
206,1106,03-01-04-02-02-01-19.wav,C:\Users\hik88\Desktop\BIT_Uni\GraduationPaper\Project\SER_GraduationPaper\src\$RVNS6MQ\Actor_19\03-01-04-02-02-01-19.wav,sad,fearful,0,0.8979634046554565,0.001279628137126565,0.0019662792328745127,0.00011808503040811047,6.601803033845499e-05,0.09839989244937897,0.8979634046554565,7.570541492896155e-05,0.00013101298827677965
207,1107,03-01-04-02-02-02-19.wav,C:\Users\hik88\Desktop\BIT_Uni\GraduationPaper\Project\SER_GraduationPaper\src\$RVNS6MQ\Actor_19\03-01-04-02-02-02-19.wav,sad,fearful,0,0.9415713548660278,0.001005662023089826,0.000529728305991739,0.00011877029464812949,7.036094757495448e-05,0.05660472810268402,0.9415713548660278,2.726027560129296e-05,7.221356645459309e-05
208,1108,03-01-05-01-01-01-19.wav,C:\Users\hik88\Desktop\BIT_Uni\GraduationPaper\Project\SER_GraduationPaper\src\$RVNS6MQ\Actor_19\03-01-05-01-01-01-19.wav,angry,angry,1,0.5206543803215027,0.0016642524860799313,0.0018715397454798222,0.000496567168738693,3.598599141696468e-05,0.5206543803215027,0.4747258126735687,9.936980495695025e-05,0.00045213839621283114
209,1109,03-01-05-01-01-02-19.wav,C:\Users\hik88\Desktop\BIT_Uni\GraduationPaper\Project\SER_GraduationPaper\src\$RVNS6MQ\Actor_19\03-01-05-01-01-02-19.wav,angry,angry,1,0.9095619320869446,0.0006342735141515732,0.0012160869082435966,0.000105805549537763,2.311866410309449e-05,0.9095619320869446,0.08819838613271713,6.137698073871434e-05,0.0001991028111660853
210,1110,03-01-05-01-02-01-19.wav,C:\Users\hik88\Desktop\BIT_Uni\GraduationPaper\Project\SER_GraduationPaper\src\$RVNS6MQ\Actor_19\03-01-05-01-02-01-19.wav,angry,fearful,0,0.9823712706565857,0.0003788100730162114,0.0006323573179543018,0.0001408363168593496,3.400330388103612e-05,0.016291113570332527,0.9823712706565857,6.726256106048822e-05,8.434330084128305e-05
211,1111,03-01-05-01-02-02-19.wav,C:\Users\hik88\Desktop\BIT_Uni\GraduationPaper\Project\SER_GraduationPaper\src\$RVNS6MQ\Actor_19\03-01-05-01-02-02-19.wav,angry,angry,1,0.8402512669563293,0.0013265835586935282,0.00245794840157032,0.00030050845816731453,2.7512556698638946e-05,0.8402512669563293,0.15525241196155548,9.983378549804911e-05,0.00028395283152349293
212,1112,03-01-05-02-01-01-19.wav,C:\Users\hik88\Desktop\BIT_Uni\GraduationPaper\Project\SER_GraduationPaper\src\$RVNS6MQ\Actor_19\03-01-05-02-01-01-19.wav,angry,angry,1,0.6232303380966187,0.0010245017474517226,0.003427397459745407,0.0004916013567708433,5.217438956606202e-05,0.6232303380966187,0.3713529706001282,8.499631803715602e-05,0.00033602016628719866
213,1113,03-01-05-02-01-02-19.wav,C:\Users\hik88\Desktop\BIT_Uni\GraduationPaper\Project\SER_GraduationPaper\src\$RVNS6MQ\Actor_19\03-01-05-02-01-02-19.wav,angry,angry,1,0.9538495540618896,0.00036669548717327416,0.0014784010127186775,0.0003549583489075303,2.5028897653101012e-05,0.9538495540618896,0.04378996044397354,4.19311472796835e-05,9.343081910628825e-05
214,1114,03-01-05-02-02-01-19.wav,C:\Users\hik88\Desktop\BIT_Uni\GraduationPaper\Project\SER_GraduationPaper\src\$RVNS6MQ\Actor_19\03-01-05-02-02-01-19.wav,angry,angry,1,0.916289746761322,0.00042761152144521475,0.0018011884531006217,0.0004539275250863284,1.7085329091059975e-05,0.916289746761322,0.0808105617761612,6.883929745526984e-05,0.00013094460882712156
215,1115,03-01-05-02-02-02-19.wav,C:\Users\hik88\Desktop\BIT_Uni\GraduationPaper\Project\SER_GraduationPaper\src\$RVNS6MQ\Actor_19\03-01-05-02-02-02-19.wav,angry,angry,1,0.9439160227775574,0.0005430610035546124,0.0015327625442296267,0.00018790565081872046,3.0626786610810086e-05,0.9439160227775574,0.05359913408756256,5.291031993692741e-05,0.0001376253057969734
216,1116,03-01-06-01-01-01-19.wav,C:\Users\hik88\Desktop\BIT_Uni\GraduationPaper\Project\SER_GraduationPaper\src\$RVNS6MQ\Actor_19\03-01-06-01-01-01-19.wav,fearful,angry,0,0.5033513903617859,0.0014591626822948456,0.0042557865381240845,0.0002412565954728052,5.6829008826753125e-05,0.5033513903617859,0.4902222454547882,0.00016677872918080539,0.0002465934958308935
217,1117,03-01-06-01-01-02-19.wav,C:\Users\hik88\Desktop\BIT_Uni\GraduationPaper\Project\SER_GraduationPaper\src\$RVNS6MQ\Actor_19\03-01-06-01-01-02-19.wav,fearful,fearful,1,0.5712831020355225,0.0013160421513020992,0.0042276037856936455,0.0003236088086850941,4.792862819158472e-05,0.4223273992538452,0.5712831020355225,0.00024434278020635247,0.00022994258324615657
218,1118,03-01-06-01-02-01-19.wav,C:\Users\hik88\Desktop\BIT_Uni\GraduationPaper\Project\SER_GraduationPaper\src\$RVNS6MQ\Actor_19\03-01-06-01-02-01-19.wav,fearful,fearful,1,0.8366342782974243,0.000540291890501976,0.0008403252577409148,0.00018062442541122437,3.0898012482794e-05,0.16135524213314056,0.8366342782974243,0.00017393258167430758,0.00024441001005470753
219,1119,03-01-06-01-02-02-19.wav,C:\Users\hik88\Desktop\BIT_Uni\GraduationPaper\Project\SER_GraduationPaper\src\$RVNS6MQ\Actor_19\03-01-06-01-02-02-19.wav,fearful,fearful,1,0.8518720269203186,0.0012066959170624614,0.002424428937956691,0.00018623919459059834,5.548726403503679e-05,0.14393140375614166,0.8518720269203186,0.00015643775986973196,0.00016740321007091552
220,1120,03-01-06-02-01-01-19.wav,C:\Users\hik88\Desktop\BIT_Uni\GraduationPaper\Project\SER_GraduationPaper\src\$RVNS6MQ\Actor_19\03-01-06-02-01-01-19.wav,fearful,fearful,1,0.9727358222007751,0.00020520338148344308,0.00011483498383313417,0.0007755376864224672,3.7085188523633406e-05,0.025980016216635704,0.9727358222007751,9.699671863927506e-06,0.00014185733743943274
221,1121,03-01-06-02-01-02-19.wav,C:\Users\hik88\Desktop\BIT_Uni\GraduationPaper\Project\SER_GraduationPaper\src\$RVNS6MQ\Actor_19\03-01-06-02-01-02-19.wav,fearful,fearful,1,0.6485856771469116,0.0008163304883055389,0.00039543851744383574,0.001871080487035215,7.508421549573541e-05,0.3479612171649933,0.6485856771469116,4.5123990275897086e-05,0.00025002090842463076
222,1122,03-01-06-02-02-01-19.wav,C:\Users\hik88\Desktop\BIT_Uni\GraduationPaper\Project\SER_GraduationPaper\src\$RVNS6MQ\Actor_19\03-01-06-02-02-01-19.wav,fearful,angry,0,0.5295670032501221,0.00114235479850322,0.001961112255230546,0.0008312666905112565,4.800106034963392e-05,0.5295670032501221,0.46621501445770264,7.11417815182358e-05,0.00016404443886131048
223,1123,03-01-06-02-02-02-19.wav,C:\Users\hik88\Desktop\BIT_Uni\GraduationPaper\Project\SER_GraduationPaper\src\$RVNS6MQ\Actor_19\03-01-06-02-02-02-19.wav,fearful,angry,0,0.6578213572502136,0.0017244931077584624,0.0020733464043587446,0.013349024578928947,4.383986379252747e-05,0.6578213572502136,0.32476794719696045,7.199250103440136e-05,0.00014796816685702652
224,1124,03-01-07-01-01-01-19.wav,C:\Users\hik88\Desktop\BIT_Uni\GraduationPaper\Project\SER_GraduationPaper\src\$RVNS6MQ\Actor_19\03-01-07-01-01-01-19.wav,disgust,fearful,0,0.5561700463294983,0.0007997193024493754,0.002588949166238308,0.0002582469896879047,6.269494770094752e-05,0.4398188292980194,0.5561700463294983,9.410746133653447e-05,0.00020739164028782398
225,1125,03-01-07-01-01-02-19.wav,C:\Users\hik88\Desktop\BIT_Uni\GraduationPaper\Project\SER_GraduationPaper\src\$RVNS6MQ\Actor_19\03-01-07-01-01-02-19.wav,disgust,angry,0,0.6933792233467102,0.0012038894928991795,0.004139448516070843,0.0002781205694191158,3.373634535819292e-05,0.6933792233467102,0.3004347085952759,0.00024610725813545287,0.0002848090080078691
226,1126,03-01-07-01-02-01-19.wav,C:\Users\hik88\Desktop\BIT_Uni\GraduationPaper\Project\SER_GraduationPaper\src\$RVNS6MQ\Actor_19\03-01-07-01-02-01-19.wav,disgust,angry,0,0.9696691632270813,0.00018620103946886957,0.0008167531341314316,8.747598621994257e-05,1.5758514564367943e-05,0.9696691632270813,0.029014982283115387,0.0001600057730684057,4.96460052090697e-05
227,1127,03-01-07-01-02-02-19.wav,C:\Users\hik88\Desktop\BIT_Uni\GraduationPaper\Project\SER_GraduationPaper\src\$RVNS6MQ\Actor_19\03-01-07-01-02-02-19.wav,disgust,fearful,0,0.6318390369415283,0.0011269201058894396,0.0037290770560503006,0.0008508535684086382,8.418676588917151e-05,0.3621218502521515,0.6318390369415283,8.230758976424113e-05,0.00016569271974731237
228,1128,03-01-07-02-01-01-19.wav,C:\Users\hik88\Desktop\BIT_Uni\GraduationPaper\Project\SER_GraduationPaper\src\$RVNS6MQ\Actor_19\03-01-07-02-01-01-19.wav,disgust,fearful,0,0.834769070148468,0.0019014860736206174,0.005303539335727692,0.0003011851804330945,0.00027339012012816966,0.15721671283245087,0.834769070148468,3.857810952467844e-05,0.00019590869487728924
229,1129,03-01-07-02-01-02-19.wav,C:\Users\hik88\Desktop\BIT_Uni\GraduationPaper\Project\SER_GraduationPaper\src\$RVNS6MQ\Actor_19\03-01-07-02-01-02-19.wav,disgust,angry,0,0.9586343765258789,0.00024340537493117154,0.0008709975518286228,0.00011184250615769997,9.272736861021258e-06,0.9586343765258789,0.039862073957920074,0.000131361695821397,0.0001366456417599693
230,1130,03-01-07-02-02-01-19.wav,C:\Users\hik88\Desktop\BIT_Uni\GraduationPaper\Project\SER_GraduationPaper\src\$RVNS6MQ\Actor_19\03-01-07-02-02-01-19.wav,disgust,angry,0,0.8656671643257141,0.00044377389713190496,0.0019542742520570755,0.00040486204670742154,1.3073457012069412e-05,0.8656671643257141,0.13106516003608704,0.0002750313142314553,0.00017665249470155686
231,1131,03-01-07-02-02-02-19.wav,C:\Users\hik88\Desktop\BIT_Uni\GraduationPaper\Project\SER_GraduationPaper\src\$RVNS6MQ\Actor_19\03-01-07-02-02-02-19.wav,disgust,fearful,0,0.500370442867279,0.0006046058260835707,0.0009103926713578403,0.0008572550141252577,5.2648872951976955e-05,0.49685758352279663,0.500370442867279,9.237354242941365e-05,0.00025475083384662867
232,1132,03-01-08-01-01-01-19.wav,C:\Users\hik88\Desktop\BIT_Uni\GraduationPaper\Project\SER_GraduationPaper\src\$RVNS6MQ\Actor_19\03-01-08-01-01-01-19.wav,surprised,angry,0,0.7551831007003784,0.0012848239857703447,0.0019480104092508554,0.00040800109854899347,5.925673758611083e-05,0.7551831007003784,0.24087339639663696,5.7931214541895315e-05,0.00018538697622716427
233,1133,03-01-08-01-01-02-19.wav,C:\Users\hik88\Desktop\BIT_Uni\GraduationPaper\Project\SER_GraduationPaper\src\$RVNS6MQ\Actor_19\03-01-08-01-01-02-19.wav,surprised,fearful,0,0.905499279499054,0.0011551044881343842,0.0018752729520201683,0.0001865477388491854,8.899300155462697e-05,0.09100095182657242,0.905499279499054,5.632472311845049e-05,0.00013747220509685576
234,1134,03-01-08-01-02-01-19.wav,C:\Users\hik88\Desktop\BIT_Uni\GraduationPaper\Project\SER_GraduationPaper\src\$RVNS6MQ\Actor_19\03-01-08-01-02-01-19.wav,surprised,angry,0,0.6470358967781067,0.0010022800415754318,0.0038359523750841618,0.0003214012540411204,0.00015406639431603253,0.6470358967781067,0.3471938371658325,0.00022318499395623803,0.00023336714366450906
235,1135,03-01-08-01-02-02-19.wav,C:\Users\hik88\Desktop\BIT_Uni\GraduationPaper\Project\SER_GraduationPaper\src\$RVNS6MQ\Actor_19\03-01-08-01-02-02-19.wav,surprised,fearful,0,0.9616878628730774,0.0010329921497032046,0.0024387917947024107,0.00014432842726819217,6.488533108495176e-05,0.034451354295015335,0.9616878628730774,5.2425613830564544e-05,0.00012735676136799157
236,1136,03-01-08-02-01-01-19.wav,C:\Users\hik88\Desktop\BIT_Uni\GraduationPaper\Project\SER_GraduationPaper\src\$RVNS6MQ\Actor_19\03-01-08-02-01-01-19.wav,surprised,fearful,0,0.6297886967658997,0.001051914063282311,0.0024397780653089285,0.00031486444640904665,4.760880983667448e-05,0.36570560932159424,0.6297886967658997,0.0002007902949117124,0.000450779712991789
237,1137,03-01-08-02-01-02-19.wav,C:\Users\hik88\Desktop\BIT_Uni\GraduationPaper\Project\SER_GraduationPaper\src\$RVNS6MQ\Actor_19\03-01-08-02-01-02-19.wav,surprised,angry,0,0.8348759412765503,0.0008413937757723033,0.0015562112675979733,0.00046239251969382167,2.4734488761168905e-05,0.8348759412765503,0.16187061369419098,0.00015454250387847424,0.00021413195645436645
238,1138,03-01-08-02-02-01-19.wav,C:\Users\hik88\Desktop\BIT_Uni\GraduationPaper\Project\SER_GraduationPaper\src\$RVNS6MQ\Actor_19\03-01-08-02-02-01-19.wav,surprised,fearful,0,0.742513120174408,0.0009575611911714077,0.0012186983367428184,0.0001525424886494875,0.00010009916877606884,0.2546032965183258,0.742513120174408,7.229523180285469e-05,0.00038237738772295415
239,1139,03-01-08-02-02-02-19.wav,C:\Users\hik88\Desktop\BIT_Uni\GraduationPaper\Project\SER_GraduationPaper\src\$RVNS6MQ\Actor_19\03-01-08-02-02-02-19.wav,surprised,fearful,0,0.8490727543830872,0.0008993791998364031,0.001818704535253346,0.00015663058729842305,7.919376366771758e-05,0.14769446849822998,0.8490727543830872,0.00011333785369060934,0.0001654449588386342
240,1380,03-01-01-01-01-01-24.wav,C:\Users\hik88\Desktop\BIT_Uni\GraduationPaper\Project\SER_GraduationPaper\src\$RVNS6MQ\Actor_24\03-01-01-01-01-01-24.wav,neutral,fearful,0,0.5567895174026489,0.0011968950275331736,0.0014618955319747329,0.00035861198557540774,5.338784831110388e-05,0.43983298540115356,0.5567895174026489,0.0001224473671754822,0.00018428797193337232
241,1381,03-01-01-01-01-02-24.wav,C:\Users\hik88\Desktop\BIT_Uni\GraduationPaper\Project\SER_GraduationPaper\src\$RVNS6MQ\Actor_24\03-01-01-01-01-02-24.wav,neutral,fearful,0,0.5524992942810059,0.0013624131679534912,0.0014463344123214483,0.0006310741300694644,5.614690962829627e-05,0.44376426935195923,0.5524992942810059,7.059318159008399e-05,0.00016980642976704985
242,1382,03-01-01-01-02-01-24.wav,C:\Users\hik88\Desktop\BIT_Uni\GraduationPaper\Project\SER_GraduationPaper\src\$RVNS6MQ\Actor_24\03-01-01-01-02-01-24.wav,neutral,angry,0,0.9641655087471008,0.0004590993339661509,0.0008079235558398068,0.0003414967213757336,1.1670847015921026e-05,0.9641655087471008,0.034016553312540054,4.18737436120864e-05,0.00015591522969771177
243,1383,03-01-01-01-02-02-24.wav,C:\Users\hik88\Desktop\BIT_Uni\GraduationPaper\Project\SER_GraduationPaper\src\$RVNS6MQ\Actor_24\03-01-01-01-02-02-24.wav,neutral,angry,0,0.8333296775817871,0.0009585031075403094,0.003329389961436391,0.0003445374604780227,5.0993981858482584e-05,0.8333296775817871,0.16168758273124695,9.185772796627134e-05,0.0002073883224511519
244,1384,03-01-02-01-01-01-24.wav,C:\Users\hik88\Desktop\BIT_Uni\GraduationPaper\Project\SER_GraduationPaper\src\$RVNS6MQ\Actor_24\03-01-02-01-01-01-24.wav,calm,angry,0,0.6852108240127563,0.0012918083230033517,0.0021881037391722202,0.000592951022554189,8.463289850624278e-05,0.6852108240127563,0.3104366660118103,6.784379365853965e-05,0.00012709312431979924
245,1385,03-01-02-01-01-02-24.wav,C:\Users\hik88\Desktop\BIT_Uni\GraduationPaper\Project\SER_GraduationPaper\src\$RVNS6MQ\Actor_24\03-01-02-01-01-02-24.wav,calm,fearful,0,0.7305325865745544,0.0012455732794478536,0.001570231979712844,0.0008654608973301947,5.549780325964093e-05,0.26548144221305847,0.7305325865745544,6.498197035398334e-05,0.00018425617599859834
246,1386,03-01-02-01-02-01-24.wav,C:\Users\hik88\Desktop\BIT_Uni\GraduationPaper\Project\SER_GraduationPaper\src\$RVNS6MQ\Actor_24\03-01-02-01-02-01-24.wav,calm,angry,0,0.7798953056335449,0.0009524084161967039,0.0019322308944538236,0.00021245633251965046,3.150112024741247e-05,0.7798953056335449,0.21663478016853333,0.0001674316736171022,0.00017385301180183887
247,1387,03-01-02-01-02-02-24.wav,C:\Users\hik88\Desktop\BIT_Uni\GraduationPaper\Project\SER_GraduationPaper\src\$RVNS6MQ\Actor_24\03-01-02-01-02-02-24.wav,calm,angry,0,0.8533954620361328,0.0010002549970522523,0.001188257010653615,0.00022687020828016102,2.4532213501515798e-05,0.8533954620361328,0.14385893940925598,9.56051007960923e-05,0.0002099689736496657
248,1388,03-01-02-02-01-01-24.wav,C:\Users\hik88\Desktop\BIT_Uni\GraduationPaper\Project\SER_GraduationPaper\src\$RVNS6MQ\Actor_24\03-01-02-02-01-01-24.wav,calm,angry,0,0.5725780129432678,0.0014083508867770433,0.0018029108177870512,0.0008334984886460006,5.3649731853511184e-05,0.5725780129432678,0.4230407178401947,8.077176607912406e-05,0.00020211024093441665
249,1389,03-01-02-02-01-02-24.wav,C:\Users\hik88\Desktop\BIT_Uni\GraduationPaper\Project\SER_GraduationPaper\src\$RVNS6MQ\Actor_24\03-01-02-02-01-02-24.wav,calm,angry,0,0.5532231330871582,0.0017204373143613338,0.0018546247156336904,0.0005823890096507967,4.463257937459275e-05,0.5532231330871582,0.4420914649963379,6.230699364095926e-05,0.0004209391481708735
250,1390,03-01-02-02-02-01-24.wav,C:\Users\hik88\Desktop\BIT_Uni\GraduationPaper\Project\SER_GraduationPaper\src\$RVNS6MQ\Actor_24\03-01-02-02-02-01-24.wav,calm,angry,0,0.7493011355400085,0.0017001294763758779,0.0013688858598470688,0.0013038470642641187,2.6273808543919586e-05,0.7493011355400085,0.2458755373954773,5.6176599173340946e-05,0.00036811400786973536
251,1391,03-01-02-02-02-02-24.wav,C:\Users\hik88\Desktop\BIT_Uni\GraduationPaper\Project\SER_GraduationPaper\src\$RVNS6MQ\Actor_24\03-01-02-02-02-02-24.wav,calm,angry,0,0.8333965539932251,0.001734470366500318,0.003188700880855322,0.0013166123535484076,3.171459320583381e-05,0.8333965539932251,0.1600418984889984,4.936891491524875e-05,0.00024073076201602817
252,1392,03-01-03-01-01-01-24.wav,C:\Users\hik88\Desktop\BIT_Uni\GraduationPaper\Project\SER_GraduationPaper\src\$RVNS6MQ\Actor_24\03-01-03-01-01-01-24.wav,happy,angry,0,0.7742868065834045,0.00148752611130476,0.001320498762652278,0.0005252438713796437,2.3510370738222264e-05,0.7742868065834045,0.221977099776268,6.494914123322815e-05,0.00031441307510249317
253,1393,03-01-03-01-01-02-24.wav,C:\Users\hik88\Desktop\BIT_Uni\GraduationPaper\Project\SER_GraduationPaper\src\$RVNS6MQ\Actor_24\03-01-03-01-01-02-24.wav,happy,angry,0,0.6943730711936951,0.001996489940211177,0.002108323387801647,0.0009323279373347759,3.4388773201499134e-05,0.6943730711936951,0.3001590073108673,5.7208006182918325e-05,0.00033918858389370143
254,1394,03-01-03-01-02-01-24.wav,C:\Users\hik88\Desktop\BIT_Uni\GraduationPaper\Project\SER_GraduationPaper\src\$RVNS6MQ\Actor_24\03-01-03-01-02-01-24.wav,happy,fearful,0,0.5322508811950684,0.0016421331092715263,0.0019695733208209276,0.0008622003369964659,4.993867332814261e-05,0.46283239126205444,0.5322508811950684,6.910919182701036e-05,0.0003237441123928875
255,1395,03-01-03-01-02-02-24.wav,C:\Users\hik88\Desktop\BIT_Uni\GraduationPaper\Project\SER_GraduationPaper\src\$RVNS6MQ\Actor_24\03-01-03-01-02-02-24.wav,happy,angry,0,0.6845849752426147,0.0013321040896698833,0.0014224533224478364,0.0004641231498681009,3.663291863631457e-05,0.6845849752426147,0.31184622645378113,7.326454215217382e-05,0.00024021074932534248
256,1396,03-01-03-02-01-01-24.wav,C:\Users\hik88\Desktop\BIT_Uni\GraduationPaper\Project\SER_GraduationPaper\src\$RVNS6MQ\Actor_24\03-01-03-02-01-01-24.wav,happy,angry,0,0.7705556154251099,0.00087794876890257,0.0013296286342665553,0.00040631205774843693,2.002071232709568e-05,0.7705556154251099,0.22635851800441742,9.94523215922527e-05,0.000352557486621663
257,1397,03-01-03-02-01-02-24.wav,C:\Users\hik88\Desktop\BIT_Uni\GraduationPaper\Project\SER_GraduationPaper\src\$RVNS6MQ\Actor_24\03-01-03-02-01-02-24.wav,happy,angry,0,0.9181749820709229,0.0009098717127926648,0.001316227950155735,0.00044011868885718286,2.8296763048274443e-05,0.9181749820709229,0.07892309129238129,5.343335578800179e-05,0.00015404717123601586
258,1398,03-01-03-02-02-01-24.wav,C:\Users\hik88\Desktop\BIT_Uni\GraduationPaper\Project\SER_GraduationPaper\src\$RVNS6MQ\Actor_24\03-01-03-02-02-01-24.wav,happy,fearful,0,0.7637262344360352,0.0006269339355640113,0.0007176504004746675,0.0006935817655175924,4.1573945054551587e-05,0.23389072716236115,0.7637262344360352,5.8020654250867665e-05,0.0002452901389915496
259,1399,03-01-03-02-02-02-24.wav,C:\Users\hik88\Desktop\BIT_Uni\GraduationPaper\Project\SER_GraduationPaper\src\$RVNS6MQ\Actor_24\03-01-03-02-02-02-24.wav,happy,fearful,0,0.7694357633590698,0.001326300436630845,0.0020162060391157866,0.002344441832974553,2.7430103727965616e-05,0.22407889366149902,0.7694357633590698,4.619095489033498e-05,0.000724668032489717
260,1400,03-01-04-01-01-01-24.wav,C:\Users\hik88\Desktop\BIT_Uni\GraduationPaper\Project\SER_GraduationPaper\src\$RVNS6MQ\Actor_24\03-01-04-01-01-01-24.wav,sad,angry,0,0.8593325018882751,0.0010356373386457562,0.0013439112808555365,0.0002904364082496613,2.5507366444799118e-05,0.8593325018882751,0.13766592741012573,0.00013988438877277076,0.00016614090418443084
261,1401,03-01-04-01-01-02-24.wav,C:\Users\hik88\Desktop\BIT_Uni\GraduationPaper\Project\SER_GraduationPaper\src\$RVNS6MQ\Actor_24\03-01-04-01-01-02-24.wav,sad,angry,0,0.9562474489212036,0.0008168261265382171,0.0007309019565582275,0.00022393908875528723,2.9149157853680663e-05,0.9562474489212036,0.04178111255168915,9.029174543684348e-05,8.027467993088067e-05
262,1402,03-01-04-01-02-01-24.wav,C:\Users\hik88\Desktop\BIT_Uni\GraduationPaper\Project\SER_GraduationPaper\src\$RVNS6MQ\Actor_24\03-01-04-01-02-01-24.wav,sad,angry,0,0.5690257549285889,0.001239338656887412,0.0025673217605799437,0.0010396195575594902,6.491175008704886e-05,0.5690257549285889,0.4256060719490051,7.340734009630978e-05,0.00038358537130989134
263,1403,03-01-04-01-02-02-24.wav,C:\Users\hik88\Desktop\BIT_Uni\GraduationPaper\Project\SER_GraduationPaper\src\$RVNS6MQ\Actor_24\03-01-04-01-02-02-24.wav,sad,angry,0,0.9660788774490356,0.0002786049444694072,0.0004789682861883193,8.780055213719606e-05,1.2446770597307477e-05,0.9660788774490356,0.032812222838401794,5.949807018623687e-05,0.00019154117035213858
264,1404,03-01-04-02-01-01-24.wav,C:\Users\hik88\Desktop\BIT_Uni\GraduationPaper\Project\SER_GraduationPaper\src\$RVNS6MQ\Actor_24\03-01-04-02-01-01-24.wav,sad,fearful,0,0.613161027431488,0.0005550963105633855,0.0005639238515868783,0.0021306248381733894,7.087825360940769e-05,0.38331884145736694,0.613161027431488,3.9243794162757695e-05,0.00016036644228734076
265,1405,03-01-04-02-01-02-24.wav,C:\Users\hik88\Desktop\BIT_Uni\GraduationPaper\Project\SER_GraduationPaper\src\$RVNS6MQ\Actor_24\03-01-04-02-01-02-24.wav,sad,fearful,0,0.9103119969367981,0.0004161287797614932,0.0028591835871338844,0.0002799146168399602,8.7729211372789e-05,0.08578860014677048,0.9103119969367981,5.707864693249576e-05,0.00019938123296014965
266,1406,03-01-04-02-02-01-24.wav,C:\Users\hik88\Desktop\BIT_Uni\GraduationPaper\Project\SER_GraduationPaper\src\$RVNS6MQ\Actor_24\03-01-04-02-02-01-24.wav,sad,fearful,0,0.7175211906433105,0.0006207478581927717,0.0011921165278181434,0.0010133058531209826,0.00022526584507431835,0.279228150844574,0.7175211906433105,1.747258284012787e-05,0.00018168620590586215
267,1407,03-01-04-02-02-02-24.wav,C:\Users\hik88\Desktop\BIT_Uni\GraduationPaper\Project\SER_GraduationPaper\src\$RVNS6MQ\Actor_24\03-01-04-02-02-02-24.wav,sad,angry,0,0.9444788694381714,0.0006124689243733883,0.0009312186157330871,0.00027312018210068345,1.8875060050049797e-05,0.9444788694381714,0.053379520773887634,5.036970105720684e-05,0.0002555792161729187
268,1408,03-01-05-01-01-01-24.wav,C:\Users\hik88\Desktop\BIT_Uni\GraduationPaper\Project\SER_GraduationPaper\src\$RVNS6MQ\Actor_24\03-01-05-01-01-01-24.wav,angry,angry,1,0.7317242622375488,0.001094172359444201,0.0017080857651308179,0.0005917466478422284,2.7917471015825868e-05,0.7317242622375488,0.26441845297813416,9.249383583664894e-05,0.0003428650670684874
269,1409,03-01-05-01-01-02-24.wav,C:\Users\hik88\Desktop\BIT_Uni\GraduationPaper\Project\SER_GraduationPaper\src\$RVNS6MQ\Actor_24\03-01-05-01-01-02-24.wav,angry,angry,1,0.5207985043525696,0.0011287680827081203,0.0011417132336646318,0.0006342536653392017,5.059829345555045e-05,0.5207985043525696,0.4758616089820862,6.400257552741095e-05,0.00032055031624622643
270,1410,03-01-05-01-02-01-24.wav,C:\Users\hik88\Desktop\BIT_Uni\GraduationPaper\Project\SER_GraduationPaper\src\$RVNS6MQ\Actor_24\03-01-05-01-02-01-24.wav,angry,angry,1,0.8074667453765869,0.001057921559549868,0.001533588278107345,0.0003933745319955051,4.7808160161366686e-05,0.8074667453765869,0.18926285207271576,6.96175338816829e-05,0.00016819727898109704
271,1411,03-01-05-01-02-02-24.wav,C:\Users\hik88\Desktop\BIT_Uni\GraduationPaper\Project\SER_GraduationPaper\src\$RVNS6MQ\Actor_24\03-01-05-01-02-02-24.wav,angry,angry,1,0.9837162494659424,0.0003058627189602703,0.00041636719834059477,0.0002102618891512975,1.1468567208794411e-05,0.9837162494659424,0.015249206684529781,5.008189691579901e-05,4.050355710205622e-05
272,1412,03-01-05-02-01-01-24.wav,C:\Users\hik88\Desktop\BIT_Uni\GraduationPaper\Project\SER_GraduationPaper\src\$RVNS6MQ\Actor_24\03-01-05-02-01-01-24.wav,angry,angry,1,0.9588807225227356,0.0005427786381915212,0.0006691981106996536,0.0005486372974701226,1.0873963219637517e-05,0.9588807225227356,0.03914106264710426,6.351579213514924e-05,0.00014311143604572862
273,1413,03-01-05-02-01-02-24.wav,C:\Users\hik88\Desktop\BIT_Uni\GraduationPaper\Project\SER_GraduationPaper\src\$RVNS6MQ\Actor_24\03-01-05-02-01-02-24.wav,angry,angry,1,0.8614237308502197,0.0007008817046880722,0.0013220543041825294,0.0010802678298205137,1.23552135846694e-05,0.8614237308502197,0.13505560159683228,9.186963143292814e-05,0.00031324077281169593
274,1414,03-01-05-02-02-01-24.wav,C:\Users\hik88\Desktop\BIT_Uni\GraduationPaper\Project\SER_GraduationPaper\src\$RVNS6MQ\Actor_24\03-01-05-02-02-01-24.wav,angry,angry,1,0.925339937210083,0.0004135720373596996,0.0007167526637203991,0.00011612383968895301,2.1329326045815833e-05,0.925339937210083,0.0731000229716301,7.360241579590365e-05,0.00021876707614865154
275,1415,03-01-05-02-02-02-24.wav,C:\Users\hik88\Desktop\BIT_Uni\GraduationPaper\Project\SER_GraduationPaper\src\$RVNS6MQ\Actor_24\03-01-05-02-02-02-24.wav,angry,angry,1,0.9750419855117798,0.00024416050291620195,0.0007720034336671233,0.00022790604270994663,9.499163752479944e-06,0.9750419855117798,0.023469822481274605,5.1829734729835764e-05,0.0001826746592996642
276,1416,03-01-06-01-01-01-24.wav,C:\Users\hik88\Desktop\BIT_Uni\GraduationPaper\Project\SER_GraduationPaper\src\$RVNS6MQ\Actor_24\03-01-06-01-01-01-24.wav,fearful,angry,0,0.5547606348991394,0.0007318067946471274,0.0018708747811615467,0.000691714696586132,2.304813824594021e-05,0.5547606348991394,0.4412511885166168,0.00012519200390670449,0.0005455281352624297
277,1417,03-01-06-01-01-02-24.wav,C:\Users\hik88\Desktop\BIT_Uni\GraduationPaper\Project\SER_GraduationPaper\src\$RVNS6MQ\Actor_24\03-01-06-01-01-02-24.wav,fearful,fearful,1,0.5545307993888855,0.0011183746391907334,0.0017460695235058665,0.0004549886507447809,3.5210287023801357e-05,0.44168803095817566,0.5545307993888855,9.268672147300094e-05,0.0003337517846375704
278,1418,03-01-06-01-02-01-24.wav,C:\Users\hik88\Desktop\BIT_Uni\GraduationPaper\Project\SER_GraduationPaper\src\$RVNS6MQ\Actor_24\03-01-06-01-02-01-24.wav,fearful,angry,0,0.9364381432533264,0.0006641752552241087,0.0022737234830856323,0.0010127535788342357,1.4851501873636153e-05,0.9364381432533264,0.05911979451775551,9.69996108324267e-05,0.0003795208176597953
279,1419,03-01-06-01-02-02-24.wav,C:\Users\hik88\Desktop\BIT_Uni\GraduationPaper\Project\SER_GraduationPaper\src\$RVNS6MQ\Actor_24\03-01-06-01-02-02-24.wav,fearful,angry,0,0.9321383237838745,0.0005663155461661518,0.0011725544463843107,0.00047510061995126307,8.300336048705503e-06,0.9321383237838745,0.0652129054069519,0.00011906878353329375,0.00030738083296455443
280,1420,03-01-06-02-01-01-24.wav,C:\Users\hik88\Desktop\BIT_Uni\GraduationPaper\Project\SER_GraduationPaper\src\$RVNS6MQ\Actor_24\03-01-06-02-01-01-24.wav,fearful,angry,0,0.7629494071006775,0.001258206320926547,0.0006745514692738652,0.0010040698107331991,4.033964069094509e-05,0.7629494071006775,0.23378176987171173,0.00014110350457485765,0.0001506499102106318
281,1421,03-01-06-02-01-02-24.wav,C:\Users\hik88\Desktop\BIT_Uni\GraduationPaper\Project\SER_GraduationPaper\src\$RVNS6MQ\Actor_24\03-01-06-02-01-02-24.wav,fearful,fearful,1,0.8301309943199158,0.0008477838709950447,0.001122469431720674,0.00024085344921331853,3.409625787753612e-05,0.16727928817272186,0.8301309943199158,0.00013097109331283718,0.00021362029656302184
282,1422,03-01-06-02-02-01-24.wav,C:\Users\hik88\Desktop\BIT_Uni\GraduationPaper\Project\SER_GraduationPaper\src\$RVNS6MQ\Actor_24\03-01-06-02-02-01-24.wav,fearful,fearful,1,0.6283564567565918,0.001206891844049096,0.0006269620498642325,0.0021259852219372988,5.8127767260884866e-05,0.367366224527359,0.6283564567565918,0.00010266096796840429,0.00015662648365832865
283,1423,03-01-06-02-02-02-24.wav,C:\Users\hik88\Desktop\BIT_Uni\GraduationPaper\Project\SER_GraduationPaper\src\$RVNS6MQ\Actor_24\03-01-06-02-02-02-24.wav,fearful,angry,0,0.5225944519042969,0.0009569583344273269,0.0006213444867171347,0.0016111900331452489,3.774026845348999e-05,0.5225944519042969,0.4738177955150604,0.00010668674804037437,0.0002537777472753078
284,1424,03-01-07-01-01-01-24.wav,C:\Users\hik88\Desktop\BIT_Uni\GraduationPaper\Project\SER_GraduationPaper\src\$RVNS6MQ\Actor_24\03-01-07-01-01-01-24.wav,disgust,angry,0,0.6802939176559448,0.0009952563559636474,0.0023912214674055576,0.0004500129434745759,5.454639176605269e-05,0.6802939176559448,0.31547483801841736,0.00012729941227007657,0.0002127769257640466
285,1425,03-01-07-01-01-02-24.wav,C:\Users\hik88\Desktop\BIT_Uni\GraduationPaper\Project\SER_GraduationPaper\src\$RVNS6MQ\Actor_24\03-01-07-01-01-02-24.wav,disgust,angry,0,0.9141876697540283,0.0009125869837589562,0.0010819961316883564,0.0006225243560038507,1.883882396214176e-05,0.9141876697540283,0.08290187269449234,0.00012415472883731127,0.00015027823974378407
286,1426,03-01-07-01-02-01-24.wav,C:\Users\hik88\Desktop\BIT_Uni\GraduationPaper\Project\SER_GraduationPaper\src\$RVNS6MQ\Actor_24\03-01-07-01-02-01-24.wav,disgust,angry,0,0.9069883227348328,0.0004993350012227893,0.001246512634679675,0.0004793974512722343,2.6068377337651327e-05,0.9069883227348328,0.09044255316257477,4.2486703023314476e-05,0.0002753622829914093
287,1427,03-01-07-01-02-02-24.wav,C:\Users\hik88\Desktop\BIT_Uni\GraduationPaper\Project\SER_GraduationPaper\src\$RVNS6MQ\Actor_24\03-01-07-01-02-02-24.wav,disgust,angry,0,0.6803175210952759,0.0007861105841584504,0.0022369062062352896,0.0002529685152694583,6.195755122462288e-05,0.6803175210952759,0.3159083425998688,0.00013274113007355481,0.0003034818801097572
288,1428,03-01-07-02-01-01-24.wav,C:\Users\hik88\Desktop\BIT_Uni\GraduationPaper\Project\SER_GraduationPaper\src\$RVNS6MQ\Actor_24\03-01-07-02-01-01-24.wav,disgust,angry,0,0.9461044669151306,0.00039480498526245356,0.0009299332741647959,0.0003058428119402379,1.477774276281707e-05,0.9461044669151306,0.05201716348528862,0.00011291014379821718,0.00012003003212157637
289,1429,03-01-07-02-01-02-24.wav,C:\Users\hik88\Desktop\BIT_Uni\GraduationPaper\Project\SER_GraduationPaper\src\$RVNS6MQ\Actor_24\03-01-07-02-01-02-24.wav,disgust,angry,0,0.6121238470077515,0.0006764197605662048,0.0008556452812626958,0.0005900555406697094,2.271817356813699e-05,0.6121238470077515,0.38536277413368225,0.00011068221647292376,0.00025779311545193195
290,1430,03-01-07-02-02-01-24.wav,C:\Users\hik88\Desktop\BIT_Uni\GraduationPaper\Project\SER_GraduationPaper\src\$RVNS6MQ\Actor_24\03-01-07-02-02-01-24.wav,disgust,angry,0,0.6358599066734314,0.0006990443798713386,0.0013679696712642908,0.0020300319883972406,2.7905818569706753e-05,0.6358599066734314,0.3596147894859314,9.42546539590694e-05,0.00030610148678533733
291,1431,03-01-07-02-02-02-24.wav,C:\Users\hik88\Desktop\BIT_Uni\GraduationPaper\Project\SER_GraduationPaper\src\$RVNS6MQ\Actor_24\03-01-07-02-02-02-24.wav,disgust,angry,0,0.5413767695426941,0.00047474767779931426,0.0011261748149991035,0.0014572443906217813,3.687997377710417e-05,0.5413767695426941,0.45515578985214233,9.008848428493366e-05,0.0002822577371262014
292,1432,03-01-08-01-01-01-24.wav,C:\Users\hik88\Desktop\BIT_Uni\GraduationPaper\Project\SER_GraduationPaper\src\$RVNS6MQ\Actor_24\03-01-08-01-01-01-24.wav,surprised,fearful,0,0.655768096446991,0.0019718543626368046,0.0031004634220153093,0.0010691615752875805,3.9586040657013655e-05,0.33745843172073364,0.655768096446991,6.984456558711827e-05,0.000522600777912885
293,1433,03-01-08-01-01-02-24.wav,C:\Users\hik88\Desktop\BIT_Uni\GraduationPaper\Project\SER_GraduationPaper\src\$RVNS6MQ\Actor_24\03-01-08-01-01-02-24.wav,surprised,fearful,0,0.8090549111366272,0.001883293385617435,0.0019842914771288633,0.000345146021572873,3.908954749931581e-05,0.186268612742424,0.8090549111366272,0.000128416097140871,0.00029631328652612865
294,1434,03-01-08-01-02-01-24.wav,C:\Users\hik88\Desktop\BIT_Uni\GraduationPaper\Project\SER_GraduationPaper\src\$RVNS6MQ\Actor_24\03-01-08-01-02-01-24.wav,surprised,angry,0,0.8911319375038147,0.0015315109631046653,0.0013364856131374836,0.00034618208883330226,1.8484384781913832e-05,0.8911319375038147,0.10527247190475464,5.0260678108315915e-05,0.00031275092624127865
295,1435,03-01-08-01-02-02-24.wav,C:\Users\hik88\Desktop\BIT_Uni\GraduationPaper\Project\SER_GraduationPaper\src\$RVNS6MQ\Actor_24\03-01-08-01-02-02-24.wav,surprised,angry,0,0.604181170463562,0.0015661321813240647,0.0017421478405594826,0.000364626117516309,6.964441854506731e-05,0.604181170463562,0.3917544186115265,5.593413152382709e-05,0.0002658443700056523
296,1436,03-01-08-02-01-01-24.wav,C:\Users\hik88\Desktop\BIT_Uni\GraduationPaper\Project\SER_GraduationPaper\src\$RVNS6MQ\Actor_24\03-01-08-02-01-01-24.wav,surprised,fearful,0,0.658344566822052,0.0008148610359057784,0.0012967967195436358,0.00036578913568519056,2.9550896215368994e-05,0.33855000138282776,0.658344566822052,0.00016222796693909913,0.00043624936370179057
297,1437,03-01-08-02-01-02-24.wav,C:\Users\hik88\Desktop\BIT_Uni\GraduationPaper\Project\SER_GraduationPaper\src\$RVNS6MQ\Actor_24\03-01-08-02-01-02-24.wav,surprised,fearful,0,0.5814962983131409,0.0008322072681039572,0.0012855781242251396,0.0002635832061059773,3.388177719898522e-05,0.4155380129814148,0.5814962983131409,0.00014149231719784439,0.00040900669409893453
298,1438,03-01-08-02-02-01-24.wav,C:\Users\hik88\Desktop\BIT_Uni\GraduationPaper\Project\SER_GraduationPaper\src\$RVNS6MQ\Actor_24\03-01-08-02-02-01-24.wav,surprised,angry,0,0.9154955744743347,0.0007390672690235078,0.001775228651240468,0.00029548301245085895,1.7005102563416585e-05,0.9154955744743347,0.08137578517198563,0.00011923072452191263,0.0001825950457714498
299,1439,03-01-08-02-02-02-24.wav,C:\Users\hik88\Desktop\BIT_Uni\GraduationPaper\Project\SER_GraduationPaper\src\$RVNS6MQ\Actor_24\03-01-08-02-02-02-24.wav,surprised,angry,0,0.5943890810012817,0.0014380663633346558,0.0015124387573450804,0.0004214197979308665,6.469592335633934e-05,0.5943890810012817,0.4018494486808777,4.471958527574316e-05,0.0002801758237183094
