{
  "accuracy": 0.5633333333333334,
  "f1_macro": 0.5601644875509687,
  "f1_weighted": 0.5629408854864654,
  "uar": 0.5718749999999999,
  "war": 0.5633333333333334,
  "mcc": 0.503569297769274,
  "kappa": 0.5005083884087442,
  "ece": 0.06109688480695089,
  "fold_accuracy_mean": 0.5633333333333334,
  "fold_f1_macro_mean": 0.5601644875509687
}