{
  "best_trial": 0,
  "best_value": 0.07636503281664572,
  "best_params": {
    "train_learning_rate": 0.0003574712922600243,
    "train_weight_decay": 0.0007114476009343421,
    "train_batch_size": 16,
    "logmel_n_fft": 2048,
    "logmel_hop_length": 512,
    "logmel_n_mels": 64,
    "logmel_resize_height": 160,
    "logmel_resize_width": 640,
    "logmel_normalize": true,
    "logmel_f_min": 20.0,
    "logmel_f_max": 8000.0,
    "transformer_patch_size": 8,
    "transformer_patch_stride": 16,
    "transformer_embed_dim": 256,
    "transformer_num_layers": 2,
    "transformer_num_heads": 4,
    "transformer_ffn_ratio": 2,
    "transformer_pooling": "mean",
    "transformer_dropout": 0.39087538832936763
  },
  "best_attrs": {
    "accuracy": 0.15333333333333332,
    "best_model_path": "weights\\best_model_fold1.pt",
    "ece": 0.02794490615526835,
    "f1_macro": 0.07636503281664572,
    "f1_weighted": 0.0814560350044221,
    "fold_accuracy_mean": 0.15333333333333332,
    "fold_f1_macro_mean": 0.07636503281664572,
    "kappa": 0.023076923076923106,
    "mcc": 0.02847680373173872,
    "trial_dir": "optuna_trials\\trial_0000",
    "uar": 0.14375,
    "war": 0.15333333333333332
  }
}